Nama Pengguna,Rating,Tanggal,Ulasan,Sentimen,Ulasan_Bersih
Pengguna Google,5,2026-06-11 21:52:03,Ok,Positif,ok
Pengguna Google,5,2026-06-11 20:39:45,selalu menyenangkan,Positif,selalu senang
Pengguna Google,2,2026-06-11 19:08:25,"maaf kayaknya aplikasi ini akan jarang saya pakai, dari turbo turun ke Pertamax turun ke pertalite... sekalinya naik harganya kaga ngotak!!",Negatif,maaf kayak aplikasi akan jarang saya pakai turbo turun pertamax turun pertalite sekali naik harga kaga ngotak
Pengguna Google,5,2026-06-11 18:47:19,ok,Positif,ok
Pengguna Google,5,2026-06-11 18:42:07,simple dan mudah untuk digunakan. tidak harus mengantri Berjam-jam dan praktis,Positif,simple mudah guna tidak harus antri berjamjam praktis
Pengguna Google,1,2026-06-11 18:27:12,"ribet banget dah, bingung saya cara mau daftarnya, mau daftar aja semua email bilangnya udah kedaftar, padahal ga pernah daftar, ampun deh saya, belum aja akunnya kebikin pas mau coba lagi email udah kedaftar, selagi akun belum kebikin gimana caranya bisa email udah kedaftar, kan belum ada pemberitahuan kalau akun sudah dibikin terus dikirim lewat Gmail,dikirim ke gmail aja belum gimana mau daftar, pasti selalu bermasalah di akun email",Negatif,ribet banget dah bingung saya cara mau daftar mau daftar aja semua email bilang udah daftar padahal tidak pernah daftar ampun deh saya belum aja akun bikin pas mau coba lagi email udah daftar selagi akun belum bikin gimana cara bisa email udah daftar kan belum ada pemberitahuan kalau akun sudah bikin terus kirim lewat gmaildikirim gmail aja belum gimana mau daftar pasti selalu masalah akun email
Pengguna Google,5,2026-06-11 17:13:33,nice,Positif,nice
Pengguna Google,1,2026-06-11 17:03:09,"mau daftar kok sulit ya, saya sudah masukan no nik sesuai ktp, anehnya ketika mau verifikasi data diri no nik yang 00 bisa ganti 77, aneh sekali",Negatif,mau daftar kok sulit ya saya sudah masuk no nik sesuai ktp aneh ketika mau verifikasi data diri no nik bisa ganti aneh sekali
Pengguna Google,5,2026-06-11 16:49:52,"Untuk pertama kali pakai, tetap bintang 5,",Positif,pertama kali pakai tetap bintang
Pengguna Google,1,2026-06-11 16:27:15,"ribet, udh berulang kali masih aja gk bisa",Negatif,ribet udh ulang kali masih aja tidak bisa
Pengguna Google,5,2026-06-11 13:17:48,baik,Positif,baik
Pengguna Google,5,2026-06-11 12:51:25,walau susah buat barkot tapi membantu orang banyak,Positif,walau susah buat barkot tapi bantu orang banyak
Pengguna Google,1,2026-06-11 12:42:22,bayar transaksi lewat my pertamina....status pembayaran di aplikasi my pertamina sama aplikasi ovo kok berbeda....status pembayaran di my pertamina gagal dan berhasil...sedangkan saldo di aplikasi ovo terpotong 2 kali dengan status berhasil berhasil...jadi kepotong dobel saldonya,Negatif,bayar transaksi lewat my pertaminastatus bayar aplikasi my pertamina sama aplikasi ovo kok berbedastatus bayar my pertamina gagal berhasilsedangkan saldo aplikasi ovo potong kali status hasil berhasiljadi potong dobel saldo
Pengguna Google,5,2026-06-11 12:38:17,Pertamina TERBAIK,Positif,pertamina baik
Pengguna Google,5,2026-06-11 11:25:38,harga mahal,Positif,harga mahal
Pengguna Google,4,2026-06-11 11:16:24,"Gameplay nya kurang,masih kaku",Positif,gameplay nya kurangmasih kaku
Pengguna Google,1,2026-06-11 11:07:02,ribet,Negatif,ribet
Pengguna Google,1,2026-06-11 11:05:37,verifikasi subsidi tepat susah sekali. berulang kali KTP dianggap tidak asli. Padahal menggunakan KTP terbaru,Negatif,verifikasi subsidi tepat susah sekali ulang kali ktp anggap tidak asli padahal guna ktp baru
Pengguna Google,4,2026-06-11 08:36:33,"Semoga kedepannya semakin ditingkatkan, Barakallahu fiikum.",Positif,moga depan makin tingkat barakallahu fiikum
Pengguna Google,1,2026-06-11 08:09:00,"setiap mau mengisi Bbm via aplikasi di spbu pasti ada saja petugasnya tutup . tolong di benarkan sistem seperti itu, agar kami bisa menggunakan aplikasi my pertamina . terimakasih.",Negatif,tiap mau isi bbm via aplikasi spbu pasti ada saja tugas tutup tolong benar sistem seperti agar kami bisa guna aplikasi my pertamina terimakasih
Pengguna Google,5,2026-06-11 08:04:37,bagus,Positif,bagus
Pengguna Google,1,2026-06-11 07:50:37,kalau gak niat bikin aplikasi mending hapus aja deh masa ktp aja terus terusan gak bisa padahal sudah jelas semua dan NIK sesuai mending hapus aja bos,Negatif,kalau gak niat bikin aplikasi mending hapus aja deh masa ktp aja terus terus gak bisa padahal sudah jelas semua nik sesuai mending hapus aja bos
Pengguna Google,5,2026-06-11 07:28:36,keuntungan yg menurutku sangat rekomendasi... cepet antri g banyak.. sat set das des pokok e,Positif,untung turut sangat rekomendasi cepet antri g banyak sat set das des pokok e
Pengguna Google,1,2026-06-11 05:25:11,proses komplen refund ribet dan lama dari yang di janjikan 3x24jam tetapi kenyataannya lebih,Negatif,proses komplen refund ribet lama janji xjam tetapi nyata lebih
Pengguna Google,1,2026-06-11 02:15:36,aplikasi gajelas kaya esdmnya,Negatif,aplikasi gajelas kaya esdmnya
Pengguna Google,1,2026-06-11 01:59:43,Ga bisa masuk,Negatif,tidak bisa masuk
Pengguna Google,5,2026-06-10 23:19:18,bagus sekali,Positif,bagus sekali
Pengguna Google,5,2026-06-10 18:39:56,belum bisa masuk,Positif,belum bisa masuk
Pengguna Google,1,2026-06-10 18:15:35,"Daftar KTP gagal terus alasan foto dari layar hp,padahal langsung di foto lewat hp.. emang makin bobrok pertamina,terlalu banyak korupsi",Negatif,daftar ktp gagal terus alas foto layar hppadahal langsung foto lewat hp emang makin bobrok pertaminaterlalu banyak korupsi
Pengguna Google,1,2026-06-10 16:58:42,terlalu banyak error gak jelas ini aplikasi,Negatif,terlalu banyak error gak jelas aplikasi
Pengguna Google,5,2026-06-10 16:08:49,my favourite gasoline station in Indonesia,Positif,my favourite gasoline station in indonesia
Pengguna Google,1,2026-06-10 15:47:56,saldo terpotong namun barcode untuk pengisian bbm tidak keluar.... sudah lapor tapi tidak ada tindak lanjut ataupun tanggung jawab...,Negatif,saldo potong namun barcode isi bbm tidak keluar sudah lapor tapi tidak ada tindak lanjut atau tanggung jawab
Pengguna Google,5,2026-06-10 15:03:03,baik,Positif,baik
Pengguna Google,5,2026-06-10 14:37:23,good,Positif,good
Pengguna Google,2,2026-06-10 12:50:56,"verifikasi profil di tolak teruus gimana mau daftar, ribeeet ameet, aplikasinya bantu kaga tambah buat ribet",Negatif,verifikasi profil tolak teruus gimana mau daftar ribeeet ameet aplikasi bantu kaga tambah buat ribet
Pengguna Google,5,2026-06-10 12:42:24,bagus,Positif,bagus
Pengguna Google,5,2026-06-10 12:04:27,Semoga rezekiNya dapat membantu untuk segala keperluan melalui MyPertamina pada tahun ini.. Aamiin dan Barokah,Positif,moga rezeki dapat bantu segala perlu lalu mypertamina tahun aamiin barokah
Pengguna Google,1,2026-06-10 12:02:00,buffering nya lama banget jaringan sdh stabil buat aplikasi lain lancar jaya,Negatif,buffering nya lama banget jaring sdh stabil buat aplikasi lain lancar jaya
Pengguna Google,1,2026-06-10 11:44:39,aplikasi sampah. 1.reset kata sandi gk bisa 2. nik saya dikatakan tidak sesuai dengan nik isian (gk ngerti maksudnya apa),Negatif,aplikasi sampah reset kata sandi tidak bisa nik saya kata tidak sesuai nik isi tidak ngerti maksud apa
Pengguna Google,1,2026-06-10 11:24:13,Verifikasi data gagal terus.,Negatif,verifikasi data gagal terus
Pengguna Google,1,2026-06-10 11:23:21,"OTAK dipakai lah jgn letak di bokong, saya foto kendaraan miring sana sini tetap kendaraan tidak sesuai. jgn hanya mempersulit rakyat. emg kalian semua tidak takut akhirat nikmati ajalah silahkan tertawa lepas.",Negatif,otak pakai lah jgn letak bokong saya foto kendara miring sana sini tetap kendara tidak sesuai jgn hanya sulit rakyat emg kalian semua tidak takut akhirat nikmat aja silah tertawa lepas
Pengguna Google,1,2026-06-10 10:06:59,mau daftar subsidi tepat kok ga bisa ya min?ini eror atau di sengaja eror?,Negatif,mau daftar subsidi tepat kok tidak bisa ya min eror atau sengaja eror
Pengguna Google,5,2026-06-10 09:52:38,bagus,Positif,bagus
Pengguna Google,1,2026-06-10 09:09:03,tdk dpt kode otp email,Negatif,tidak dpt kode otp email
Pengguna Google,5,2026-06-10 08:38:00,lancar dan sangat membantu,Positif,lancar sangat bantu
Pengguna Google,5,2026-06-10 08:22:00,ok,Positif,ok
Pengguna Google,4,2026-06-10 08:14:13,udah register tp tak bisa dbuka,Positif,udah register tp tak bisa dbuka
Pengguna Google,1,2026-06-10 08:10:34,"daftar dibilang ktp editan , muka mu editan bahlil",Negatif,daftar bilang ktp edit muka mu edit bahlil
Pengguna Google,1,2026-06-10 07:25:26,"Mohon perbaiki akurasi informasi ketersediaan BBM pada aplikasi MyPertamina. Beberapa kali saya mendatangi SPBU yang di aplikasi tercantum memiliki stok Biosolar, namun setelah tiba di lokasi ternyata stok tidak tersedia. Kondisi ini menyebabkan waktu, tenaga, dan biaya terbuang sia-sia. Saya berharap data stok BBM dapat diperbarui secara real-time atau lebih akurat agar pengguna dapat mengandalkan informasi yang diberikan aplikasi.",Negatif,mohon baik akurasi informasi sedia bbm aplikasi mypertamina beberapa kali saya datang spbu aplikasi cantum milik stok biosolar namun telah tiba lokasi nyata stok tidak sedia kondisi sebab waktu tenaga biaya buang siasia saya harap data stok bbm dapat baru cara realtime atau lebih akurat agar guna dapat andal informasi beri aplikasi
Pengguna Google,5,2026-06-10 06:28:06,baik rapi dan profesional,Positif,baik rapi profesional
Pengguna Google,5,2026-06-10 01:21:22,ok,Positif,ok
Pengguna Google,1,2026-06-10 00:33:38,"udah kemajuan kok masih banyak SPBU yg g menerima pembayaran qris, tukang cilok aja pembayaran qris, ga malu ta",Negatif,udah maju kok masih banyak spbu g terima bayar qris tukang cilok aja bayar qris tidak malu ta
Pengguna Google,5,2026-06-09 21:42:51,tolong perbaiki proses 14/17 kerja sangat lelah menunggu,Positif,tolong baik proses kerja sangat lelah tunggu
Pengguna Google,4,2026-06-09 20:07:25,top,Positif,top
Pengguna Google,5,2026-06-09 19:00:30,sangat membatu,Positif,sangat batu
Pengguna Google,5,2026-06-09 18:42:09,kalo yg sulit harap di permudah,Positif,kalo sulit harap mudah
Pengguna Google,5,2026-06-09 17:29:06,Agak lama dalam pembayaran,Positif,agak lama dalam bayar
Pengguna Google,2,2026-06-09 13:50:20,mau tanya mengapa pin my pertamina saya salah pada hal pin tersebut sering saya gunakan mohon petunjuk nya,Negatif,mau tanya mengapa pin my pertamina saya salah hal pin sebut sering saya guna mohon tunjuk nya
Pengguna Google,5,2026-06-09 13:43:33,mantab,Positif,mantab
Pengguna Google,5,2026-06-09 13:14:23,PRAKTIS DAN MUDAH DIPAKAI ✨,Positif,praktis mudah pakai
Pengguna Google,1,2026-06-09 13:05:34,aturan GK jls Pertamina kode QR mobil saya SDH TDK bisa di gunakan dgn alasan kadarluasa SDH di daftar msh jg GK bisa di gunakan,Negatif,atur tidak jls pertamina kode qr mobil saya sdh tidak bisa guna alas kadarluasa sdh daftar msh jg tidak bisa guna
Pengguna Google,5,2026-06-09 12:12:13,mantap,Positif,mantap
Pengguna Google,5,2026-06-09 11:06:00,kurang memuaskan masalah sinyal,Positif,kurang muas masalah sinyal
Pengguna Google,5,2026-06-09 11:01:30,good bagus,Positif,good bagus
Pengguna Google,5,2026-06-09 09:27:21,mudah di gunakan,Positif,mudah guna
Pengguna Google,5,2026-06-09 01:40:57,bagus,Positif,bagus
Pengguna Google,5,2026-06-08 23:14:01,Puas 💫👍,Positif,puas
Pengguna Google,5,2026-06-08 22:43:14,tolng di bantu buat barkot sudah hampir 3 bulan belum jadi,Positif,tolng bantu buat barkot sudah hampir bulan belum jadi
Pengguna Google,5,2026-06-08 20:26:58,Terimakasih Sangat membantu untuk pengisian BBM bersubsidi di Pertamina manapun,Positif,terimakasih sangat bantu isi bbm subsidi pertamina mana
Pengguna Google,5,2026-06-08 19:34:55,enak sekali besuk2 pakai my pertamina wis,Positif,enak sekali besuk pakai my pertamina wis
Pengguna Google,5,2026-06-08 19:22:06,terimakasih mypertamina.,Positif,terimakasih mypertamina
Pengguna Google,5,2026-06-08 18:07:53,sangat berguna,Positif,sangat guna
Pengguna Google,5,2026-06-08 16:28:16,bagus,Positif,bagus
Pengguna Google,5,2026-06-08 15:12:58,josss,Positif,josss
Pengguna Google,1,2026-06-08 14:35:36,"Harga Naiknya Serentak, Harga Turunnya Gak Serentak",Negatif,harga naik serentak harga turun gak serentak
Pengguna Google,5,2026-06-08 14:27:10,sangat puas,Positif,sangat puas
Pengguna Google,5,2026-06-08 13:37:06,ok,Positif,ok
Pengguna Google,5,2026-06-08 10:33:03,bagus' sekali,Positif,bagus sekali
Pengguna Google,5,2026-06-08 10:28:47,ok,Positif,ok
Pengguna Google,5,2026-06-08 09:02:47,senang ada aplikasi ini ...,Positif,senang ada aplikasi
Pengguna Google,5,2026-06-08 08:51:55,"kereenn,,, baguss,, ohya kapan harga petalite seliter bisa 5000 rupiah,,",Positif,kereenn baguss ohya kapan harga petalite liter bisa rupiah
Pengguna Google,5,2026-06-08 08:35:25,terima kasih udah ditindaklanjuti pengaduannya semoga kalo ada pengaduan responnya cepat ke depannya,Positif,terima kasih udah ditindaklanjuti adu moga kalo ada adu responnya cepat depan
Pengguna Google,5,2026-06-08 07:54:53,sangat membantu driver ojol trims y,Positif,sangat bantu driver ojol trims y
Pengguna Google,5,2026-06-08 03:05:01,bagus,Positif,bagus
Pengguna Google,1,2026-06-08 00:15:01,aplikasi lemot,Negatif,aplikasi lot
Pengguna Google,5,2026-06-07 20:25:18,"Bagus, tambahin mode gelap kak",Positif,bagus tambahin mode gelap kak
Pengguna Google,5,2026-06-07 19:10:58,good,Positif,good
Pengguna Google,1,2026-06-07 17:42:01,aplikasi lemot,Negatif,aplikasi lot
Pengguna Google,4,2026-06-07 15:46:21,lancar,Positif,lancar
Pengguna Google,1,2026-06-07 14:55:15,"Sedikit saran dan masukan saja, utk aplikasi ini tergolong ribet,... 1. Pd saat pndaftaran app ini verifikasi melalui email, it's ok bila verifnya hrs klik tautan yg dikirim ke email, namun utk kode verif sebaiknya kasih opsi lain, misal via email, wa, sms, dll. Mengingat kendala pnuhnya kpasitas email mmbuat proses terhambat 2. App minta upadate, bila tdk diupdate tdk bisa dpakai. Sbaiknya utk update kasih pilihan ""update nanti"" namun app masih bs dipakai, krn tdk smua org tiap hr buka app ini",Negatif,sedikit saran masuk saja utk aplikasi golong ribet pd saat pndaftaran app verifikasi lalu email its ok bila verifnya hrs klik taut kirim email namun utk kode verif baik kasih opsi lain misal via email wa sms dll ingat kendala pnuhnya kpasitas email mmbuat proses hambat app minta upadate bila tidak diupdate tidak bisa dpakai sbaiknya utk update kasih pilih update nanti namun app masih bs pakai krn tidak smua org tiap hr buka app
Pengguna Google,1,2026-06-07 14:02:19,malah makin rumit,Negatif,malah makin rumit
Pengguna Google,5,2026-06-07 12:00:06,bagus,Positif,bagus
Pengguna Google,2,2026-06-07 10:40:57,untuk verivikasi sangat lama,Negatif,verivikasi sangat lama
Pengguna Google,4,2026-06-06 21:49:14,cukup baik,Positif,cukup baik
Pengguna Google,5,2026-06-06 20:24:18,kak knpa video call 135 hanya blank putih dan hanya muncul titik 3 d tunggu setengah hari ngak ada perubahan.... terimakasih..,Positif,kak knpa video call hanya blank putih hanya muncul titik d tunggu tengah hari ngak ada ubah terimakasih
Pengguna Google,5,2026-06-06 19:39:12,sangat mudah untuk di pelahari,Positif,sangat mudah lahar
Pengguna Google,1,2026-06-06 17:10:29,setiap saya mau Verifikasi kendaraan utk pendaftaran selalu gagal kira2 kl hanya mempesulit jgn buat aplikasi,Negatif,tiap saya mau verifikasi kendara utk daftar selalu gagal kira kl hanya sulit jgn buat aplikasi
Pengguna Google,5,2026-06-06 13:20:02,good,Positif,good
Pengguna Google,5,2026-06-06 12:00:37,mantap,Positif,mantap
Pengguna Google,5,2026-06-06 11:43:01,lancar,Positif,lancar
Pengguna Google,5,2026-06-06 10:16:05,paling Mantap 👍,Positif,paling mantap
Pengguna Google,1,2026-06-06 08:04:24,masa bayar qris harus punya aplikasi mypertamina... kalah sama yang punya swasta,Negatif,masa bayar qris harus punya aplikasi mypertamina kalah sama punya swasta
Pengguna Google,5,2026-06-06 07:42:54,The Best My Pertamina,Positif,the best my pertamina
Pengguna Google,5,2026-06-06 07:15:33,bagus,Positif,bagus
Pengguna Google,1,2026-06-05 22:56:01,aplikasi buruk,Negatif,aplikasi buruk
Pengguna Google,5,2026-06-05 22:25:31,mudah mudahan berjalan dengan lancar,Positif,mudah mudah jalan lancar
Pengguna Google,5,2026-06-05 21:32:51,membantu,Positif,bantu
Pengguna Google,1,2026-06-05 20:27:38,"Jujur sy sgt kecewa dg pelayanan yang diberikan pertamina di SPBU manapun. Sy ingin membeli solar cuma 3 liter dg jerigen mengolesi kayu agar tdk cpt rusak, masa sy harus pakai surat ijin. Ini namanya menyusahkan rakyat kecil. Pertamina adl perusahan penyedia BBM u/ rakyat Indonesia, mka harus benar"" adil. Perhatikan kebutuhan rakyat yg sampai di bawah. Sy hrap, ubah aturan seperti itu. Klw tdk bs, di apl ini diberikan cara untuk membeli dg jml yg dibutuhkan dan diacc cepat. Terima Kasih",Negatif,jujur sy sgt kecewa dg layan beri pertamina spbu mana sy ingin beli solar cuma liter dg jerigen oles kayu agar tidak cpt rusak masa sy harus pakai surat ijin nama susah rakyat kecil pertamina adl usah sedia bbm u rakyat indonesia mka harus benar adil perhati butuh rakyat sampai bawah sy hrap ubah atur seperti klw tidak bs apl beri cara beli dg jml butuh diacc cepat terima kasih
Pengguna Google,5,2026-06-05 18:39:24,"Mutasi kendaraan dan daftarkan barcode baru, sempat gagal sampai 4x. Alhamdulillah yg ke 5 berhasil hanya dalam waktu 3 menit. Kendalanya hanya di foto kendaraan. Percobaan pertama sampai ke 4 saya ambil dari sisi kanan depan. Untuk yg ke 5 kalinya saya ambil dari sisi kiri depan kendaraan. Bagi yg sering gagal / ditolak terus coba kembali dan usahakan chat wa CS yg ada di aplikasi My Pertamina. Minta diarahkan agar sesuai dengan yg dibutuhkan sistem My Pertamina. Terima kasih My Pertamina. 🙏🙏",Positif,mutasi kendara daftar barcode baru sempat gagal sampai x alhamdulillah hasil hanya dalam waktu menit kendala hanya foto kendara coba pertama sampai saya ambil sisi kanan depan kali saya ambil sisi kiri depan kendara bagi sering gagal tolak terus coba kembali usaha chat wa cs ada aplikasi my pertamina minta arah agar sesuai butuh sistem my pertamina terima kasih my pertamina
Pengguna Google,5,2026-06-05 15:45:03,ok,Positif,ok
Pengguna Google,5,2026-06-05 15:24:21,klo saldo ada lbh praktis tinggal klik🤭,Positif,klo saldo ada lbh praktis tinggal klik
Pengguna Google,1,2026-06-05 14:53:19,aplikasi yang menyusahkan. akun mypertamina saya terblokir dan tidak ada penyelesaian hingga saat ini. saya juga melakukan transaksi tetapi gagal dan saldo mypertamina berkurang. sangat sangat tidak puas.,Negatif,aplikasi susah akun mypertamina saya blokir tidak ada selesai hingga saat saya juga laku transaksi tetapi gagal saldo mypertamina kurang sangat sangat tidak puas
Pengguna Google,5,2026-06-05 14:24:01,hilangkan pengisian pakai barkot untuk solar,Positif,hilang isi pakai barkot solar
Pengguna Google,5,2026-06-05 14:16:49,sangat membantu,Positif,sangat bantu
Pengguna Google,5,2026-06-05 13:38:31,good job to apk,Positif,good job to aplikasi
Pengguna Google,2,2026-06-05 12:01:25,"setelah di perbaharui malah selalu gagal ambil barcode di apk selalu muncul ""apk my pertamina di tutup karena memiliki bug, update kembali setelah pengembangan melakukan perbaikan pada apk""",Negatif,telah baharu malah selalu gagal ambil barcode aplikasi selalu muncul aplikasi my pertamina tutup karena milik bug update kembali telah kembang laku baik aplikasi
Pengguna Google,4,2026-06-05 11:47:00,"sekarang aplikasinya udah lancar, cman dsruh update lgi,,entah knapa grangan",Positif,sekarang aplikasi udah lancar cman dsruh update lgientah knapa grangan
Pengguna Google,1,2026-06-05 10:58:09,sangat sangat kecewa pembayaran via my Pertamina ini saldo sudah terpotong tapi d aplikasi tertuliskan gagal harus bayar 2x rugi proses pengembalian saldo nya berbelit,Negatif,sangat sangat kecewa bayar via my pertamina saldo sudah potong tapi d aplikasi tulis gagal harus bayar x rugi proses kembali saldo nya belit
Pengguna Google,1,2026-06-05 10:47:48,"ga jelas, katanya sesuai akun",Negatif,tidak jelas kata sesuai akun
Pengguna Google,5,2026-06-05 10:30:01,selamat,Positif,selamat
Pengguna Google,5,2026-06-05 09:11:24,mantap,Positif,mantap
Pengguna Google,5,2026-06-05 09:09:39,"subsidi tepat sasaran , sekedar saran lengkapi dng pencatatan km . bagi pemilik bisa mengetahui efisiensi bbm dan kontrol kewajaran tanki isi ulang 😁",Positif,subsidi tepat sasar dar saran lengkap dng catat km bagi milik bisa tahu efisiensi bbm kontrol wajar tank isi ulang
Pengguna Google,1,2026-06-05 09:03:11,QR kode aplikasi eror gada solusi,Negatif,qr kode aplikasi eror gada solusi
Pengguna Google,5,2026-06-05 08:23:46,"My pertamina saya ingin bertanya. Saya hendak mengisi pertamax di SPBU simpang Selayang kota medan menggunakan my pertamina. Saya sudah antri di antrian pengisian pertamax.setelah giliran saya, malah disuruh ke pompa yang lain yang antrian pertalite panjang lagi. Memang ada pompa pertamax disitu. Tapi saya kan jadi antri kembali. Kenapa alat utk my pertamina tidak dibuatkan ke pompa yang pertamax saja yang notabene pengguna my pertamina kebanyakan pengguna pertamax? Mohon arahannya my pertamina",Positif,my pertamina saya ingin tanya saya hendak isi pertamax spbu simpang layang kota medan guna my pertamina saya sudah antri antri isi pertamaxsetelah gilir saya malah suruh pompa lain antri pertalite panjang lagi memang ada pompa pertamax situ tapi saya kan jadi antri kembali kenapa alat utk my pertamina tidak buat pompa pertamax saja notabene guna my pertamina banyak guna pertamax mohon arah my pertamina
Pengguna Google,4,2026-06-05 07:32:35,mantp,Positif,mantp
Pengguna Google,5,2026-06-05 07:05:22,ok banget,Positif,ok banget
Pengguna Google,1,2026-06-05 06:45:31,ribet,Negatif,ribet
Pengguna Google,1,2026-06-05 02:09:54,habis di update malah force close mulu aplikasinya,Negatif,habis update malah force close mulu aplikasi
Pengguna Google,5,2026-06-05 02:00:06,kenapa apk my pertamina tdk mendapat berkode??,Positif,kenapa aplikasi my pertamina tidak dapat kode
Pengguna Google,5,2026-06-05 00:14:22,sangat memuaskan,Positif,sangat muas
Pengguna Google,1,2026-06-04 21:00:38,lemot loading nya lama,Negatif,lot loading nya lama
Pengguna Google,1,2026-06-04 20:50:08,coba dong di tegur untuk kariawan SPBU ya yang bagian motor.tidak sopan sama sekali.masa orang isi bensin ada lebih ya 2ribu tapi uang ya tidak di kembalikan oleh kariawan SPBU ya kariawan ya tidak jujur kode SPBU ya 34.151.29.,Negatif,coba dong tegur kariawan spbu ya bagi motortidak sopan sama sekalimasa orang isi bensin ada lebih ya ribu tapi uang ya tidak kembali oleh kariawan spbu ya kariawan ya tidak jujur kode spbu ya
Pengguna Google,4,2026-06-04 20:41:31,bintang 4 dlu tolong tambahin shopeepay atau seabank dong buat pembayaran🙏,Positif,bintang dlu tolong tambahin shopeepay atau seabank dong buat bayar
Pengguna Google,5,2026-06-04 19:57:29,my pertamina yg subsidi jangan di up date terus ya,Positif,my pertamina subsidi jangan up date terus ya
Pengguna Google,5,2026-06-04 19:28:35,semoga diadain pembayaran via SHOPEEPAY,Positif,moga diadain bayar via shopeepay
Pengguna Google,5,2026-06-04 18:33:31,good,Positif,good
Pengguna Google,5,2026-06-04 18:19:38,mudah2 bisa bikin barcode nya,Positif,mudah bisa bikin barcode nya
Pengguna Google,5,2026-06-04 17:17:54,sangat puas,Positif,sangat puas
Pengguna Google,1,2026-06-04 17:14:19,aplikasi macam apa ini bukannya menpermudah malah mempersulit. masa verifikasi 14 hari terus kalo butuh solarnya sekarang gimana ? terus yang berwenang kerjanya apa? negara bukan ya maju malah mundur anjeng,Negatif,aplikasi macam apa bukan menpermudah malah sulit masa verifikasi hari terus kalo butuh solar sekarang gimana terus wenang kerja apa negara bukan ya maju malah mundur anjeng
Pengguna Google,5,2026-06-04 16:16:26,Ribed,Positif,ribed
Pengguna Google,5,2026-06-04 15:22:09,"good job, tapi voucher untuk tuker point sering habis",Positif,good job tapi voucher tuker point sering habis
Pengguna Google,5,2026-06-04 14:52:18,is the best,Positif,is the best
Pengguna Google,5,2026-06-04 14:52:09,bagus cepet dan tepat sasaran,Positif,bagus cepet tepat sasar
Pengguna Google,5,2026-06-04 14:31:25,oke,Positif,oke
Pengguna Google,5,2026-06-04 14:13:12,mantul,Positif,mantul
Pengguna Google,2,2026-06-04 13:42:57,"lagi mau bayar, malah loading lama app-nya. bikin malu aja.",Negatif,lagi mau bayar malah loading lama appnya bikin malu aja
Pengguna Google,5,2026-06-04 12:47:06,keren banget pertamina 👍👍👍,Positif,keren banget pertamina
Pengguna Google,2,2026-06-04 10:19:57,kurang renposnsip kadang mau kadang ga mau uda berhasil tapi di mesin pom belum berhasil,Negatif,kurang renposnsip kadang mau kadang tidak mau uda hasil tapi mesin pom belum hasil
Pengguna Google,1,2026-06-04 10:18:43,gak jelas blas cara reset pin?????,Negatif,gak jelas blas cara reset pin
Pengguna Google,2,2026-06-04 10:09:14,ribet dan tdk semua SPBU bs digunakan,Negatif,ribet tidak semua spbu bs guna
Pengguna Google,5,2026-06-04 08:23:09,ok,Positif,ok
Pengguna Google,1,2026-06-04 07:14:32,bukan jalur prioritas lagi,Negatif,bukan jalur prioritas lagi
Pengguna Google,5,2026-06-03 23:42:12,sangat baik,Positif,sangat baik
Pengguna Google,1,2026-06-03 20:26:32,"knapa tiap beberapa bulan barcode selalu tidak bisa dipakai/diblokir,,padahal beli Pertamina ga gratis tapi makin dipersulit aja..",Negatif,knapa tiap beberapa bulan barcode selalu tidak bisa dipakaidiblokirpadahal beli pertamina tidak gratis tapi makin sulit aja
Pengguna Google,5,2026-06-03 20:26:15,mantap,Positif,mantap
Pengguna Google,4,2026-06-03 18:42:21,cukup bagus buat kita semua pengendara,Positif,cukup bagus buat kita semua kendara
Pengguna Google,4,2026-06-03 17:16:31,"Aplikasi berjalan cukup baik, metode pembayaran tolong ditambah seperti DANA atau Shopeepay",Positif,aplikasi jalan cukup baik metode bayar tolong tambah seperti dana atau shopeepay
Pengguna Google,5,2026-06-03 16:56:05,ok,Positif,ok
Pengguna Google,5,2026-06-03 16:46:09,ok,Positif,ok
Pengguna Google,4,2026-06-03 16:35:13,A yg www,Positif,a www
Pengguna Google,5,2026-06-03 16:01:14,mantap,Positif,mantap
Pengguna Google,5,2026-06-03 15:32:04,lebih mudah,Positif,lebih mudah
Pengguna Google,5,2026-06-03 15:29:17,tolong yang pertalite juga dapat poin. selama pakai aplikasi gak pernah dapat poin,Positif,tolong pertalite juga dapat poin lama pakai aplikasi gak pernah dapat poin
Pengguna Google,1,2026-06-03 14:57:43,woy susah sekali verifikasi,Negatif,woy susah sekali verifikasi
Pengguna Google,1,2026-06-03 14:15:03,ga jelas.,Negatif,tidak jelas
Pengguna Google,5,2026-06-03 13:41:24,mantaaaaap membantu ojooool paaaaak,Positif,mantaaaaap bantu ojooool paaaaak
Pengguna Google,5,2026-06-03 13:08:49,Baru bisa dftar.. smoga bisa nih,Positif,baru bisa dftar smoga bisa nih
Pengguna Google,1,2026-06-03 12:18:39,"payah daftar ulang barkot ditolak trus, pemerintah menyusahkan saja untuk beli bbm.",Negatif,payah daftar ulang barkot tolak trus perintah susah saja beli bbm
Pengguna Google,5,2026-06-03 11:47:56,sangat membantu terima ksh buat kabehan e👍👍👍,Positif,sangat bantu terima ksh buat kabehan e
Pengguna Google,2,2026-06-03 11:04:20,"saya mau bantu supaya bisa lebih baik. inovasi nya sudah bagus, tinggal eksekusi nya yang perlu dibenahi. saya sudah pakai mypertamina dari beberapa bulan lalu. masalah nya adalah dibeberapa POM tidak bisa digunakan yang buat saya harus banting stir buat cari cash. saran saya karena app nya sudah bagus tinggal pemerataan penggunaan di semua POM Agar bisa dipakai",Negatif,saya mau bantu supaya bisa lebih baik inovasi nya sudah bagus tinggal eksekusi nya perlu benah saya sudah pakai mypertamina beberapa bulan lalu masalah nya adalah beberapa pom tidak bisa guna buat saya harus banting stir buat cari cash saran saya karena app nya sudah bagus tinggal perata guna semua pom agar bisa pakai
Pengguna Google,5,2026-06-03 10:48:31,mantap,Positif,mantap
Pengguna Google,4,2026-06-03 09:53:24,Keluhan saya perihal pembuatan akun sudah di follow up dengan baik. semoga ke depannya aplikasi ini berinovasi menjadi lebih baik. Simpel dan tidak ribet.,Positif,keluh saya perihal buat akun sudah follow up baik moga depan aplikasi inovasi jadi lebih baik simpel tidak ribet
Pengguna Google,5,2026-06-03 09:44:25,membantu memudahkan pemakaian,Positif,bantu mudah pakai
Pengguna Google,5,2026-06-03 09:37:02,membantu dlm transaksi isi bensin dan mudah di pakai,Positif,bantu dlm transaksi isi bensin mudah pakai
Pengguna Google,5,2026-06-03 09:08:27,sangat oker,Positif,sangat oker
Pengguna Google,5,2026-06-03 09:08:01,"Mempermudah kala ga ada uang cash,keren",Positif,mudah kala tidak ada uang cashkeren
Pengguna Google,5,2026-06-03 08:56:50,kasihan sy ini mau daftar di tolak terus plat PA 8928 AC,Positif,kasihan sy mau daftar tolak terus plat pa ac
Pengguna Google,5,2026-06-03 08:41:27,mudah mendapatkan informasi layanan pertamina,Positif,mudah dapat informasi layan pertamina
Pengguna Google,5,2026-06-03 08:34:40,luar biasa,Positif,luar biasa
Pengguna Google,4,2026-06-03 08:03:42,aplikasi membantu,Positif,aplikasi bantu
Pengguna Google,1,2026-06-03 07:47:26,"kenapa setiap pembayaran my Pertamina selalu offline di pom bensin Jatiwaringin pondok gede ( 34.171.28 ) sudah capek antri offline.. seharusnya ditulis sebelum antri,ini sudah antri panjang tidak bisa pakai my Pertamina",Negatif,kenapa tiap bayar my pertamina selalu offline pom bensin jatiwaringin pondok gede sudah capek antri offline harus tulis belum antriini sudah antri panjang tidak bisa pakai my pertamina
Pengguna Google,5,2026-06-03 07:42:03,Sangat membantu sekali,Positif,sangat bantu sekali
Pengguna Google,2,2026-06-03 07:19:22,sehabis update malah ga terhubung pembayarannya gmn sih,Negatif,habis update malah tidak hubung bayar gmn sih
Pengguna Google,5,2026-06-03 07:13:52,mantap,Positif,mantap
Pengguna Google,5,2026-06-03 07:13:01,Sangat mengesankan,Positif,sangat kesan
Pengguna Google,5,2026-06-03 07:12:34,Sangat bermanfaat,Positif,sangat manfaat
Pengguna Google,5,2026-06-03 07:08:56,lancar,Positif,lancar
Pengguna Google,1,2026-06-03 06:47:57,"tambahin payment dengan scan qris dong kayak shell biar simple, jangan kudet jaman skrg orang males gesek2 bawa kartu debit apalagi mau payment harus isi ovo dulu atau gopay. kalo udah ada scan qris saya edit bintang 5.",Negatif,tambahin payment scan qris dong kayak shell biar simple jangan kudet jaman skrg orang males gesek bawa kartu debit apalagi mau payment harus isi ovo dulu atau gopay kalo udah ada scan qris saya edit bintang
Pengguna Google,5,2026-06-03 01:59:06,bagus aja dah...😂,Positif,bagus aja dah
Pengguna Google,5,2026-06-02 22:09:15,mantap Pertamina melangkah lebih maju,Positif,mantap pertamina lang lebih maju
Pengguna Google,1,2026-06-02 20:53:20,daftar dari pertama beli mobil baru sampe sekaramg uda 3 taun tetep aja ditolak,Negatif,daftar pertama beli mobil baru sampe sekaramg uda taun tetep aja tolak
Pengguna Google,1,2026-06-02 18:42:29,"ini sih cuma orang kaya aja yg bisa pakai, soal nya mau bikin barcode harus pakai foto Bpkb kalau mobil kredit tidak bisa di pakai Bpkb kan belum keluar, harus mobil yg sudah ada Bpkb baru bisa bikin barcode, coba aplikasinya di kembalikan seperti yg pertama kali pakai barcode lebih mudah dan nyaman",Negatif,sih cuma orang kaya aja bisa pakai soal nya mau bikin barcode harus pakai foto bpkb kalau mobil kredit tidak bisa pakai bpkb kan belum keluar harus mobil sudah ada bpkb baru bisa bikin barcode coba aplikasi kembali seperti pertama kali pakai barcode lebih mudah nyaman
Pengguna Google,5,2026-06-02 18:19:53,the best ..mempermudah transaksi,Positif,the best mudah transaksi
Pengguna Google,5,2026-06-02 16:02:35,tanpa antri,Positif,tanpa antri
Pengguna Google,1,2026-06-02 14:07:18,aplikasi rusak.,Negatif,aplikasi rusak
Pengguna Google,1,2026-06-02 13:15:47,apk ini tidak fokus pengambilan gambar mohon diperbaiki ulang.. berkali kali jepret foto KTP.. hasilnya tidak fokus..,Negatif,aplikasi tidak fokus ambil gambar mohon baik ulang kali kali jepret foto ktp hasil tidak fokus
Pengguna Google,5,2026-06-02 10:19:54,oke.. jadi lebih mudah,Positif,oke jadi lebih mudah
Pengguna Google,5,2026-06-02 09:58:45,mantap,Positif,mantap
Pengguna Google,1,2026-06-02 09:33:45,"masukan data kelurahan ga bisa2 data lain sudah sesuai nik berkali2 dicoba sama aja, cacat aplikasinya 👎🏻",Negatif,masuk data lurah tidak bisa data lain sudah sesuai nik kali coba sama aja cacat aplikasi
Pengguna Google,5,2026-06-02 01:18:25,supir bus,Positif,supir bus
Pengguna Google,1,2026-06-02 00:30:37,"payah, registrasi selalu gagal tanpa alasan jelas. :(",Negatif,payah registrasi selalu gagal tanpa alas jelas
Pengguna Google,5,2026-06-01 21:58:58,baik,Positif,baik
Pengguna Google,5,2026-06-01 14:19:51,mantap,Positif,mantap
Pengguna Google,4,2026-06-01 13:45:47,gimna cra nya reset kata sandi susah bgt,Positif,gimna cra nya reset kata sandi susah banget
Pengguna Google,1,2026-06-01 11:59:38,aplikasi aneh sudah di coba2 beberapa kali recoveri pasport subsidi tepat ke email setelah di klik di email malah tulisan error ga ada pembaruan pasport tolong perbaiki bug ini donk,Negatif,aplikasi aneh sudah coba beberapa kali recoveri pasport subsidi tepat email telah klik email malah tulis error tidak ada baru pasport tolong baik bug donk
Pengguna Google,5,2026-06-01 09:15:40,aplikasinya sangat responsif... apakah bisa di tambah fitur untuk melihat stok bbm di semua SPBU? kami kira jika bisa itu sangat membantu masyarakat... terimakasih my pertamina...,Positif,aplikasi sangat responsif apakah bisa tambah fitur lihat stok bbm semua spbu kami kira jika bisa sangat bantu masyarakat terimakasih my pertamina
Pengguna Google,5,2026-06-01 08:57:12,baik,Positif,baik
Pengguna Google,2,2026-06-01 07:38:13,"sebaiknya, jangan otomatis ter-log out saat pengguna tidak login/masuk ke aplikasi setelah selama beberapa minggu/satu bulan, karena sangat merepotkan sekali saat mau isi bensin harus login/dan periksa email, di antrian SPBU yang menyita waktu dan membuat antrian menunggu termasuk petugas.",Negatif,baik jangan otomatis log out saat guna tidak loginmasuk aplikasi telah lama beberapa minggusatu bulan karena sangat repot sekali saat mau isi bensin harus logindan periksa email antri spbu sita waktu buat antri tunggu masuk tugas
Pengguna Google,5,2026-06-01 05:57:59,"kurang bagus,",Positif,kurang bagus
Pengguna Google,1,2026-06-01 02:30:39,"saya kecewa sangat2 kecewa ketika saya menggagalkan transaksi atas pembayaran (alasan internet lemot) tapi voucher nya tetap terpakai kejadian tersebut spbu 31 jkt. sampai sekarang tidak ada tindak lanjut. Di Email gak direspon, ditelp menghabiskan pulsa. Tlg dong pihak mypertamina, tindak lanjutnya gimana voucher yg sudah saya beli??? aplikasi kotor jijikk. aplikasi maling !!!!!!!!!!!!!!!",Negatif,saya kecewa sangat kecewa ketika saya gagal transaksi atas bayar alas internet lot tapi voucher nya tetap pakai jadi sebut spbu jkt sampai sekarang tidak ada tindak lanjut email gak direspon ditelp habis pulsa tlg dong pihak mypertamina tindak lanjut gimana voucher sudah saya beli aplikasi kotor jijikk aplikasi maling
Pengguna Google,5,2026-05-31 21:48:13,Sangat diperlukan untuk mobilidasi,Positif,sangat perlu mobilidasi
Pengguna Google,5,2026-05-31 20:11:54,kadang ada pom bensin tidak mau pakai myper dengan alasan lagi rusak,Positif,kadang ada pom bensin tidak mau pakai myper alas lagi rusak
Pengguna Google,1,2026-05-31 19:20:43,"Update tanggal 31 Mei 2026 metode pembayaran kadang tidak tampil, sehingga tidak bisa scan kamera di sisi lain kami di anjurkan memaakai My Pertamina tapi sistem error, saya sudah coba 3 akun berbeda dan 3 HP yang berbeda, hasilnya, sama saja saya sebagai pengguna bingung, padahal hanya untuk isi kendaraan R2",Negatif,update tanggal mei metode bayar kadang tidak tampil sehingga tidak bisa scan kamera sisi lain kami anjur memaakai my pertamina tapi sistem error saya sudah coba akun beda hp beda hasil sama saja saya bagai guna bingung padahal hanya isi kendara r
Pengguna Google,2,2026-05-31 17:03:07,apk ngelag,Negatif,aplikasi ngelag
Pengguna Google,4,2026-05-31 16:20:55,pelayanan sanaget bagus,Positif,layan sanaget bagus
Pengguna Google,1,2026-05-31 14:08:37,"Helloooo, untuk Foto STNK tolong ditambah menu upload dari galeri seperti yg dullu. Trimakasih 😁",Negatif,helloooo foto stnk tolong tambah menu upload galeri seperti dullu trimakasih
Pengguna Google,5,2026-05-31 09:51:47,Mantap.,Positif,mantap
Pengguna Google,1,2026-05-31 09:07:37,"aplikasi ga jelas, verifikasi OTP aja lama. malu sama petugas mau bayar ga bisa",Negatif,aplikasi tidak jelas verifikasi otp aja lama malu sama tugas mau bayar tidak bisa
Pengguna Google,1,2026-05-31 07:20:08,otp by WhatsApp susah masuk,Negatif,otp by whatsapp susah masuk
Pengguna Google,1,2026-05-31 06:35:41,sampai sekarang barkot saya tidak d respon selalu d tolak,Negatif,sampai sekarang barkot saya tidak d respon selalu d tolak
Pengguna Google,1,2026-05-31 01:38:13,"gak responsif ,, ruwet ,,",Negatif,gak responsif ruwet
Pengguna Google,1,2026-05-30 22:26:19,pelayanan parah gmn mau maju isi bensin aja 30 menit waktu ke buang lelet bgt,Negatif,layan parah gmn mau maju isi bensin aja menit waktu buang lelet banget
Pengguna Google,1,2026-05-30 17:45:37,seluruh spbu d sumatera selatan mash tidak taat aturan... mobil berbeda dengan barcode mash di isi bio solar sehingga penggunaan aplikasi terasa sia2.. solar subsidi tetap d nikmati oleh oknum untuk keperluan PT... d karnakan spbu/oprator MEMBERI DAN BERPIHAK KE OKNUM,Negatif,seluruh spbu d sumatera selatan mash tidak taat atur mobil beda barcode mash isi bio solar sehingga guna aplikasi asa sia solar subsidi tetap d nikmat oleh oknum perlu pt d karnakan spbuoprator beri pihak oknum
Pengguna Google,5,2026-05-30 16:28:21,sesuai,Positif,sesuai
Pengguna Google,1,2026-05-30 14:45:37,"Sistem verifikasi dokumen ini perlu dievaluasi. Foto KTP yang sudah jelas, bersih, dan asli tetap dianggap hasil editan. Jika memang ada standar tertentu, berikan panduan yang jelas atau sediakan fitur crop agar pengguna dapat menyesuaikan foto sesuai ketentuan. Jangan sampai pengguna dipersulit oleh sistem yang gagal membedakan foto asli dan hasil editan. Proses verifikasi seharusnya membantu pengguna, bukan menjadi hambatan.",Negatif,sistem verifikasi dokumen perlu evaluasi foto ktp sudah jelas bersih asli tetap anggap hasil edit jika memang ada standar tentu ikan pandu jelas atau sedia fitur crop agar guna dapat sesuai foto sesuai tentu jangan sampai guna sulit oleh sistem gagal beda foto asli hasil edit proses verifikasi harus bantu guna bukan jadi hambat
Pengguna Google,5,2026-05-30 13:54:06,mantap,Positif,mantap
Pengguna Google,1,2026-05-30 12:04:33,di saat mau melakukan pendaftaran subsidi tepat terkedala menu pengisian kolom kelurahan tidak muncul,Negatif,saat mau laku daftar subsidi tepat terkedala menu isi kolom lurah tidak muncul
Pengguna Google,4,2026-05-30 11:46:10,knapa saya gak bisa input struk pembayaran untuk mengumpulkan poin?,Positif,knapa saya gak bisa input struk bayar kumpul poin
Pengguna Google,5,2026-05-30 10:10:46,"penggunaan mypertamina, gampang dan sederhana..",Positif,guna mypertamina gampang sederhana
Pengguna Google,1,2026-05-30 10:06:19,"aplikasi gak jelas, mau daftar gak bisa tolong jangan buat aplikasi hanya untuk membodohi masyarakat banyak, sama sekali tidak berfungsi buat yang mau download pikir-pikir dulu",Negatif,aplikasi gak jelas mau daftar gak bisa tolong jangan buat aplikasi hanya bodoh masyarakat banyak sama sekali tidak fungsi buat mau download pikirpikir dulu
Pengguna Google,5,2026-05-30 06:55:57,"dengan Mypertamina semua menjadi Mudah.,Mantaap.",Positif,mypertamina semua jadi mudahmantaap
Pengguna Google,5,2026-05-29 23:54:13,good,Positif,good
Pengguna Google,1,2026-05-29 22:59:07,susah menerima kode otp nya,Negatif,susah terima kode otp nya
Pengguna Google,4,2026-05-29 22:55:21,"cara memperbarui data kendaaraan dimy pertamina gimna ya,soalnya dapat peringatan qr barkot hanya bisa digunakan sampai tanggal 31 mei silahkan perbarui data kendaaraan anda,sedangakan diaplikasi gak ada pilihan menunya,trus apakah bisa diperbarui sebelum tanggal 31,kalau bisa gimana caranya..",Positif,cara baru data kendaaraan dimy pertamina gimna yasoalnya dapat ingat qr barkot hanya bisa guna sampai tanggal mei silah baru data kendaaraan andasedangakan aplikasi gak ada pilih menunyatrus apakah bisa baru belum tanggal kalau bisa gimana cara
Pengguna Google,5,2026-05-29 21:27:23,oke,Positif,oke
Pengguna Google,5,2026-05-29 20:42:57,"semoga dapat motor,aamiin",Positif,moga dapat motoraamiin
Pengguna Google,5,2026-05-29 19:51:56,good,Positif,good
Pengguna Google,2,2026-05-29 19:25:38,terima kasih responnya. bintang akan saya naikan misal ada penjelasan yg lebih konkrit. apakah ada batas minimum pengisian harus 30ribu. kecewa dengan pelayanan SPBU 51.*******,Negatif,terima kasih responnya bintang akan saya naik misal ada jelas lebih konkrit apakah ada batas minimum isi harus ribu kecewa layan spbu
Pengguna Google,5,2026-05-29 16:53:34,bagus,Positif,bagus
Pengguna Google,1,2026-05-29 15:55:48,susahnya hubungi cs dimana untuk menambahkan kelurahan saya tidak ada,Negatif,susah hubung cs mana tambah lurah saya tidak ada
Pengguna Google,4,2026-05-29 14:00:59,"bayarnya mudah tinggal scan barcode, tapi ribetnya harus menunggu otp masuk melalui sms.",Positif,bayar mudah tinggal scan barcode tapi ribetnya harus tunggu otp masuk lalu sms
Pengguna Google,5,2026-05-29 13:35:29,baru pertama x,Positif,baru pertama x
Pengguna Google,2,2026-05-29 13:14:34,berkali2 kirim foto stnk dan mobil tapi gagal. padahal semua sesuai,Negatif,kali kirim foto stnk mobil tapi gagal padahal semua sesuai
Pengguna Google,1,2026-05-29 13:09:08,app mempersulit,Negatif,app sulit
Pengguna Google,5,2026-05-29 12:25:45,kenapa ya bikin qr di pertamina belum ada satu bulan sdh ga bs di gunakan,Positif,kenapa ya bikin qr pertamina belum ada satu bulan sdh tidak bs guna
Pengguna Google,5,2026-05-29 11:38:48,ok,Positif,ok
Pengguna Google,1,2026-05-29 10:03:58,aplikasi ngak jelas merepotkan foto sesuai selalu ditolak dengan alasan ngak jelas,Negatif,aplikasi ngak jelas repot foto sesuai selalu tolak alas ngak jelas
Pengguna Google,1,2026-05-29 09:30:02,"aplikasi bikin susah masyarakat aja, apa apa lemotnya minta ampun, foto udah jelas masih ga diterima, nyushinnn aja mending kasi kompotitor lain buka cabang lebih banyakk",Negatif,aplikasi bikin susah masyarakat aja apa apa lot minta ampun foto udah jelas masih tidak terima nyushinnn aja mending kasi kompotitor lain buka cabang lebih banyakk
Pengguna Google,5,2026-05-28 19:25:37,Tetap semangat dan selalu ber inofasi,Positif,tetap semangat selalu ber inofasi
Pengguna Google,1,2026-05-28 18:38:42,"Verifikasi gak jelas, berkali2 foto ulang KTP dibilang palsu. Aplikasi gak jelas, sengaja mempersulit.",Negatif,verifikasi gak jelas kali foto ulang ktp bilang palsu aplikasi gak jelas sengaja sulit
Pengguna Google,5,2026-05-28 18:08:24,Keren,Positif,keren
Pengguna Google,2,2026-05-28 18:06:41,"repot,",Negatif,repot
Pengguna Google,5,2026-05-28 16:03:48,bagis sekali My Pertamina,Positif,bagis sekali my pertamina
Pengguna Google,1,2026-05-28 15:05:12,percumah dowload bnyk gk ada tempat kusus buat apa dowload. alasan gk ada trus kurang orang. mengecewakan daerah jogja,Negatif,percumah dowload bnyk tidak ada tempat sus buat apa dowload alas tidak ada trus kurang orang kecewa daerah jogja
Pengguna Google,5,2026-05-28 13:08:19,fungsional dan mudah,Positif,fungsional mudah
Pengguna Google,5,2026-05-27 23:10:58,praktis,Positif,praktis
Pengguna Google,5,2026-05-27 19:08:07,"Good Job, Pertamina",Positif,good job pertamina
Pengguna Google,5,2026-05-27 18:18:44,membantu,Positif,bantu
Pengguna Google,5,2026-05-27 17:22:23,bagus,Positif,bagus
Pengguna Google,5,2026-05-27 16:59:58,okee,Positif,okee
Pengguna Google,5,2026-05-27 16:20:52,mantap,Positif,mantap
Pengguna Google,5,2026-05-27 14:23:08,bermanfaat,Positif,manfaat
Pengguna Google,4,2026-05-27 14:17:35,"terlalu banyak tahapan pendaftaran dan pembayaran, pdhl sudah pakai kombinasi antara password akun, pin akun, pin pembayaran.. ribet..",Positif,terlalu banyak tahap daftar bayar pdhl sudah pakai kombinasi antara password akun pin akun pin bayar ribet
Pengguna Google,5,2026-05-27 14:16:30,gk guna mau daftar barcode juga slalu ditolak,Positif,tidak guna mau daftar barcode juga slalu tolak
Pengguna Google,5,2026-05-27 13:55:44,ok,Positif,ok
Pengguna Google,2,2026-05-27 12:14:36,jangan di perhambat dong saya udah ngirim data ferevikasi frovil tapi selalu gagal dan coba lagi beberapa saat tolong kebijakan nya ya sampai saat ini belum ada kejelasan selalu gagal tolong coba lagi aplikasi apa ini sebarnya.!!! tanggal 27 mei 2026,Negatif,jangan hambat dong saya udah ngirim data ferevikasi frovil tapi selalu gagal coba lagi beberapa saat tolong bijak nya ya sampai saat belum ada jelas selalu gagal tolong coba lagi aplikasi apa sebar tanggal mei
Pengguna Google,2,2026-05-27 10:30:01,"ribet ...dihubungkan klik bca ...pas scan minta otp sms ....dah 3 kali minta otp gak ada ,ujung2nya bayar cash juga",Negatif,ribet hubung klik bca pas scan minta otp sms dah kali minta otp gak ada ujung bayar cash juga
Pengguna Google,5,2026-05-27 10:09:46,cepat mudah transaksi,Positif,cepat mudah transaksi
Pengguna Google,1,2026-05-27 09:17:59,busuk,Negatif,busuk
Pengguna Google,1,2026-05-27 08:32:00,udah 2 aplikasi dengan nomor berbeda.. gak bisa masuk.. dan akun terblokir..,Negatif,udah aplikasi nomor beda gak bisa masuk akun blokir
Pengguna Google,1,2026-05-27 08:25:00,Udah daftar berkali kali gak masuk parah. Aplikasi kacau,Negatif,udah daftar kali kali gak masuk parah aplikasi kacau
Pengguna Google,1,2026-05-27 08:20:08,"Mentang2 lebaran idul adha, otp log in perangkat baru sama sekali gak ada yang masuk.. Sms gak ada whatsapp gak ada.. Emang gak mampu buat otomatisasi OTP ya? Perlu saya ajarin?",Negatif,mentang lebaran idul adha otp log in perangkat baru sama sekali gak ada masuk sms gak ada whatsapp gak ada emang gak mampu buat otomatisasi otp ya perlu saya ajarin
Pengguna Google,5,2026-05-26 21:46:44,oke..gaasss,Positif,okegaasss
Pengguna Google,5,2026-05-26 21:38:58,Mantaaap,Positif,mantaaap
Pengguna Google,5,2026-05-26 18:37:43,Memudahkan proses pembayaran,Positif,mudah proses bayar
Pengguna Google,5,2026-05-26 16:40:01,langsung bisa setelah konsultasi,Positif,langsung bisa telah konsultasi
Pengguna Google,5,2026-05-26 16:36:58,semoga di tingkatkan lagi untuk pembayaran lewat ewalet dan rekening,Positif,moga tingkat lagi bayar lewat ewalet rekening
Pengguna Google,5,2026-05-26 13:51:33,ok,Positif,ok
Pengguna Google,1,2026-05-26 12:06:55,"makin hari makin buruk, tiap kali mau isi bensin pasti aplikasi selalu loading, giliran diluar area SPBU lancar aja, aplikasi aneh",Negatif,makin hari makin buruk tiap kali mau isi bensin pasti aplikasi selalu loading gilir luar area spbu lancar aja aplikasi aneh
Pengguna Google,5,2026-05-26 10:22:40,keren banget,Positif,keren banget
Pengguna Google,5,2026-05-26 10:10:38,mantap,Positif,mantap
Pengguna Google,1,2026-05-26 09:48:03,"Ini kok mau perbaikan data diri untuk masuk subsidi bbm saja kok sulit sekali. sudah mengisi data berkali kali dengan benar, masih verifikasi data diri di tolak. warga mau beli bbm saja kok dipersulit. kami beli bukan minta",Negatif,kok mau baik data diri masuk subsidi bbm saja kok sulit sekali sudah isi data kali kali benar masih verifikasi data diri tolak warga mau beli bbm saja kok sulit kami beli bukan minta
Pengguna Google,5,2026-05-26 09:16:44,pelayanan Bagus,Positif,layan bagus
Pengguna Google,5,2026-05-25 23:29:26,aplikasi sangat luar biasa pokok nya mantap sekali,Positif,aplikasi sangat luar biasa pokok nya mantap sekali
Pengguna Google,5,2026-05-25 23:11:32,ok,Positif,ok
Pengguna Google,5,2026-05-25 22:50:51,sipppppppp,Positif,sipppppppp
Pengguna Google,5,2026-05-25 20:54:01,good job,Positif,good job
Pengguna Google,5,2026-05-25 20:31:49,good,Positif,good
Pengguna Google,5,2026-05-25 20:01:23,"min bagai mana cara reset ulang barcode nya, setiap engisian slalu muncul pemberitahuan pembaruan kode QR, mohon bantuan nya..",Positif,min bagai mana cara reset ulang barcode nya tiap engisian slalu muncul pemberitahuan baru kode qr mohon bantu nya
Pengguna Google,5,2026-05-25 19:28:53,good apl,Positif,good apl
Pengguna Google,5,2026-05-25 18:55:15,mantap,Positif,mantap
Pengguna Google,2,2026-05-25 16:10:52,aplikasi ga guna. Payment nya kurang familiar dan kurang banyak opsi,Negatif,aplikasi tidak guna payment nya kurang familiar kurang banyak opsi
Pengguna Google,5,2026-05-25 14:24:10,mantap,Positif,mantap
Pengguna Google,5,2026-05-25 13:16:41,baik,Positif,baik
Pengguna Google,5,2026-05-25 10:38:18,"best, very helpfully",Positif,best very helpfully
Pengguna Google,5,2026-05-25 08:22:29,mantap,Positif,mantap
Pengguna Google,5,2026-05-25 08:16:37,ada promo diskon 300 per liter tapi pegawai di tanya tidak tau,Positif,ada promo diskon per liter tapi pegawai tanya tidak tau
Pengguna Google,5,2026-05-25 07:48:45,mantap,Positif,mantap
Pengguna Google,5,2026-05-25 06:18:17,"Bagus, praktis.",Positif,bagus praktis
Pengguna Google,5,2026-05-25 06:12:40,"mantabzzz,,,easy to pay spesial buat driver ojol like me, thanks mypertamina",Positif,mantabzzzeasy to pay spesial buat driver ojol like me thanks mypertamina
Pengguna Google,5,2026-05-25 04:42:46,baik,Positif,baik
Pengguna Google,5,2026-05-24 21:43:01,"pelayanan pom bensin pasar baru baik dan cepat sukses terus pertamina saya sebagai ojol. kalo, pelayanan gini enak banget satset mbaknya juga baik dan cantik 😊🙏",Positif,layan pom bensin pasar baru baik cepat sukses terus pertamina saya bagai ojol kalo layan gin enak banget satset mbak juga baik cantik
Pengguna Google,1,2026-05-24 21:14:33,Sudah melakukan ubah password tetapi password tidak bisa dipakai.,Negatif,sudah laku ubah password tetapi password tidak bisa pakai
Pengguna Google,1,2026-05-24 19:30:16,Gak siap aplikasi udah dipaksa gunakan. Blog!!! update 2026. pembelian voucher hanya bisa bayar dengan linkaja. linkaja aplikasi sampah sering tidak bisa dibuka saat dibutuhkan. 2026 metode pembayaran masih terbatas? lawak!,Negatif,gak siap aplikasi udah paksa guna blog update beli voucher hanya bisa bayar linkaja linkaja aplikasi sampah sering tidak bisa buka saat butuh metode bayar masih batas lawak
Pengguna Google,5,2026-05-24 19:11:54,ok,Positif,ok
Pengguna Google,5,2026-05-24 19:07:01,"sudah lumayan bagus dan tidak banyak bugs, transaksi lancar",Positif,sudah lumayan bagus tidak banyak bugs transaksi lancar
Pengguna Google,5,2026-05-24 19:03:01,sangat bagus dan membantu,Positif,sangat bagus bantu
Pengguna Google,1,2026-05-24 18:37:19,susah banget teori aplikasi ini,Negatif,susah banget teori aplikasi
Pengguna Google,1,2026-05-24 18:08:26,susah sekali mau daftar.. tolong di permudah lah,Negatif,susah sekali mau daftar tolong mudah lah
Pengguna Google,5,2026-05-24 16:39:33,"Alhamdulillah, mntap",Positif,alhamdulillah mntap
Pengguna Google,1,2026-05-24 14:59:24,apk cacad,Negatif,aplikasi cacad
Pengguna Google,5,2026-05-24 14:28:23,MyPertamina mantap,Positif,mypertamina mantap
Pengguna Google,1,2026-05-24 11:32:08,sulit daftar barcode,Negatif,sulit daftar barcode
Pengguna Google,5,2026-05-24 10:19:35,barcode eror,Positif,barcode eror
Pengguna Google,5,2026-05-24 09:23:09,sangat membantu,Positif,sangat bantu
Pengguna Google,5,2026-05-24 03:39:42,Ok,Positif,ok
Pengguna Google,5,2026-05-24 02:07:37,ok,Positif,ok
Pengguna Google,5,2026-05-23 19:23:45,ok,Positif,ok
Pengguna Google,5,2026-05-23 18:57:07,good,Positif,good
Pengguna Google,5,2026-05-23 18:49:09,bagus..,Positif,bagus
Pengguna Google,5,2026-05-23 17:18:18,"guna dapat menikmati program cashback poin, serta penawaran eksklusif seperti promo kartu kredit, Membantu pengelolaan pembelian BBM bersubsidi melalui QR Code Subsidi Tepat",Positif,guna dapat nikmat program cashback poin serta tawar eksklusif seperti promo kartu kredit bantu kelola beli bbm subsidi lalu qr code subsidi tepat
Pengguna Google,5,2026-05-23 14:52:33,bagus,Positif,bagus
Pengguna Google,5,2026-05-23 14:41:33,sangat baik,Positif,sangat baik
Pengguna Google,2,2026-05-23 11:12:34,kacaw,Negatif,kacaw
Pengguna Google,5,2026-05-23 07:41:20,mantap,Positif,mantap
Pengguna Google,1,2026-05-23 06:08:19,ijin ingin bertanya kenapa no plat aku bisa diambil orang untuk barkot subsidi bensin. jadi selama ini aku selalu pakai pertamax. sudah daftar selalu muncul sudah ada padahal aku ga ada barkot. ko busa plat mobilku dipakai irang. gimana ini. sudah lama ini baru aku nulis untuk memgadu.,Negatif,ijin ingin tanya kenapa no plat aku bisa ambil orang barkot subsidi bensin jadi lama aku selalu pakai pertamax sudah daftar selalu muncul sudah ada padahal aku tidak ada barkot ko busa plat mobil pakai irang gimana sudah lama baru aku nulis memgadu
Pengguna Google,1,2026-05-23 02:20:19,"force close mulu ni aplikasi, di bikin data buat diri malah force close",Negatif,force close mulu ni aplikasi bikin data buat diri malah force close
Pengguna Google,5,2026-05-23 00:03:01,sangat membatu,Positif,sangat batu
Pengguna Google,5,2026-05-22 20:54:36,pertamina pasti pas,Positif,pertamina pasti pas
Pengguna Google,5,2026-05-22 19:32:00,mantap,Positif,mantap
Pengguna Google,5,2026-05-22 19:16:05,"sangat bermanfaat,tapi agak sulit pengurusan daftar kendaraan.tolong di permudah bos ku",Positif,sangat bermanfaattapi agak sulit urus daftar kendaraantolong mudah bos ku
Pengguna Google,1,2026-05-22 17:44:24,"ngerepotin aja itu perlu pembaruan data segala, dapet peringatan gitu pas ngisi",Negatif,ngerepotin aja perlu baru data segala dapet ingat gitu pas ngisi
Pengguna Google,5,2026-05-22 17:22:50,"isi bensin jadi lebih mudah, terutama buat kaum ojol",Positif,isi bensin jadi lebih mudah utama buat kaum ojol
Pengguna Google,5,2026-05-22 17:03:00,bagus digital,Positif,bagus digital
Pengguna Google,5,2026-05-22 16:48:47,mantap,Positif,mantap
Pengguna Google,5,2026-05-22 16:35:17,enak pakai my Pertamina gak rewel,Positif,enak pakai my pertamina gak rewel
Pengguna Google,5,2026-05-22 14:51:42,lebih mudah,Positif,lebih mudah
Pengguna Google,5,2026-05-22 13:43:59,oke,Positif,oke
Pengguna Google,1,2026-05-22 09:44:59,Masa mau bayar pake qris wajib. gunain ni Aplikasi,Negatif,masa mau bayar pake qris wajib gunain ni aplikasi
Pengguna Google,5,2026-05-22 07:47:15,ok,Positif,ok
Pengguna Google,5,2026-05-22 07:34:19,bagus,Positif,bagus
Pengguna Google,5,2026-05-22 06:40:03,sangat berguna,Positif,sangat guna
Pengguna Google,5,2026-05-22 05:37:01,good,Positif,good
Pengguna Google,5,2026-05-22 00:11:20,lebih memisahkan,Positif,lebih pisah
Pengguna Google,1,2026-05-21 23:03:22,Bayar scan g bisa,Negatif,bayar scan g bisa
Pengguna Google,5,2026-05-21 22:42:27,Alhamdulillah selaku driver gojek.. bisa tuker point dan dapat cashback pembayaran melalui gopay.. terimakasih,Positif,alhamdulillah selaku driver gojek bisa tuker point dapat cashback bayar lalu gopay terimakasih
Pengguna Google,2,2026-05-21 21:27:53,"aplikasi kok sulit banget di hubungin call center nya, minta bantuan harus modal pulsa , ga efisien",Negatif,aplikasi kok sulit banget hubungin call center nya minta bantu harus modal pulsa tidak efisien
Pengguna Google,5,2026-05-21 18:14:20,bagus dan baik,Positif,bagus baik
Pengguna Google,1,2026-05-21 16:35:17,"gak jelas udah ngajuin sanggah QR di blokir, ribet melalui email sudah balesnya lama QR masih saja di blokir",Negatif,gak jelas udah ngajuin sanggah qr blokir ribet lalu email sudah balesnya lama qr masih saja blokir
Pengguna Google,5,2026-05-21 13:45:26,good Job's,Positif,good jobs
Pengguna Google,4,2026-05-21 13:13:40,"👍mantab receipt transaksi bisa auto email, as budak corporate penting ini 🙏tinggal mhn d bantu waktu scan QR pembayaran kaya sering lama respon nya. Kadang malu klo lg antri panjang.",Positif,mantab receipt transaksi bisa auto email as budak corporate penting tinggal mhn d bantu waktu scan qr bayar kaya sering lama respon nya kadang malu klo lg antri panjang
Pengguna Google,5,2026-05-21 13:07:32,"Alhamdulillah mantap, memudahkan disaat tidak pegang uang cash bisa bayar pakai Qris 😁",Positif,alhamdulillah mantap mudah saat tidak pegang uang cash bisa bayar pakai qris
Pengguna Google,5,2026-05-21 13:00:02,mantaapp.... konsisten terus ya... terimakasih sudah jadi aplikasi yg baik,Positif,mantaapp konsisten terus ya terimakasih sudah jadi aplikasi baik
Pengguna Google,1,2026-05-21 12:45:46,"memang harusnya ga usah pake barcode kali yaa.... ribet amat nih. kembalikan ke mode awal aja enaknya, toh orang beli bahan bakar pake duit cash sesuai nominal pembelian. tidak sampai kurang. ampuuunn dahh ah ahh.... ngurus barcode ampe harus berkali²",Negatif,memang harus tidak usah pake barcode kali yaa ribet amat nih kembali mode awal aja enak toh orang beli bahan bakar pake duit cash sesuai nominal beli tidak sampai kurang ampuuunn dahh ah ahh ngurus barcode ampe harus kali
Pengguna Google,5,2026-05-21 11:52:17,ok,Positif,ok
Pengguna Google,5,2026-05-21 11:36:01,mantap,Positif,mantap
Pengguna Google,5,2026-05-21 10:39:38,ok,Positif,ok
Pengguna Google,5,2026-05-21 09:15:29,bagus apknya,Positif,bagus apknya
Pengguna Google,4,2026-05-21 08:51:43,jos,Positif,jos
Pengguna Google,5,2026-05-21 08:40:33,matap,Positif,matap
Pengguna Google,5,2026-05-21 07:11:50,Sangat Membantu Aplikasinya,Positif,sangat bantu aplikasi
Pengguna Google,5,2026-05-21 05:55:52,bagus,Positif,bagus
Pengguna Google,5,2026-05-20 21:33:51,top banget 😊🙏😊👍,Positif,top banget
Pengguna Google,5,2026-05-20 20:11:35,ok,Positif,ok
Pengguna Google,1,2026-05-20 19:40:08,keluhan nopol sudah terdaftar terlalu lama untuk diverifikasinya..,Negatif,keluh nopol sudah daftar terlalu lama verifikasi
Pengguna Google,1,2026-05-20 19:20:11,aplikasi tolol gaguna ditolak terus registrasi,Negatif,aplikasi tolol gaguna tolak terus registrasi
Pengguna Google,5,2026-05-20 18:37:11,ok,Positif,ok
Pengguna Google,1,2026-05-20 18:26:59,kga kenal mobil apa gimana. poto kendaraan doang ribet nya ngulang trus. udah jlas nopol sama merek mobil juga bentuknya bgitu depan samping. ribet bgt. ok mumun...,Negatif,kga kenal mobil apa gimana poto kendara doang ribet nya ngulang trus udah jlas nopol sama merek mobil juga bentuk bgitu depan samping ribet banget ok mumun
Pengguna Google,1,2026-05-20 18:12:19,"aplikasi bikin repot aja, saya sudah lebih setahun ngisi minya pertamax gara2 barkot ga bisa dipakai, pdahal mobil coma 1000 cc, disuruh upgrade tapi tiap diupgrade selalu gagal, aplikasi sialan bikin rakyat susah aja",Negatif,aplikasi bikin repot aja saya sudah lebih tahun ngisi mi pertamax gara barkot tidak bisa pakai pdahal mobil coma cc suruh upgrade tapi tiap diupgrade selalu gagal aplikasi sial bikin rakyat susah aja
Pengguna Google,5,2026-05-20 15:26:44,mantap memudahkan,Positif,mantap mudah
Pengguna Google,5,2026-05-20 15:19:52,ok,Positif,ok
Pengguna Google,1,2026-05-20 15:02:36,ga guna bgt asli,Negatif,tidak guna banget asli
Pengguna Google,5,2026-05-20 14:35:37,mudah dan praktis,Positif,mudah praktis
Pengguna Google,1,2026-05-20 12:48:51,"saya isi bensin di VXVG+P2R SPBU Pasiran, Jl. Ahmad Yani, Pasiran, Singkawang Barat, Singkawang City, West Kalimantan 79123 mendapatkan pelayanan buruk seorang ibu ibu yang mengatai saya seperti orang bodoh2, padahal saya bertanya dengan nada lembut kepada ibu2 tersebut, tetapi saya mendapat respon negatif yang tidak enak di dengar dari seorang ibu2 memakai cadar tersebut, tolong pihak berwajib menindaklanjuti masalah ini 🙏🏻🙏🏻🙏🏻",Negatif,saya isi bensin vxvgpr spbu pasir jl ahmad yani pasir singkawang barat singkawang city west kalimantan dapat layan buruk orang ibu ibu katai saya seperti orang bodoh padahal saya tanya nada lembut kepada ibu sebut tetapi saya dapat respon negatif tidak enak dengar orang ibu pakai cadar sebut tolong pihak wajib menindaklanjuti masalah
Pengguna Google,2,2026-05-20 12:32:36,"masih banyak yg perlu diperbaiki terutama update untuk poin subsidi tepat karena saya mengalami banyak kendala terutama terkait pendaftaran program BBM Subsidi Tepat, sempat mengalamai delai berbulan bulan karena tidak bisa menyelesaikan proses program tersebut",Negatif,masih banyak perlu baik utama update poin subsidi tepat karena saya alami banyak kendala utama kait daftar program bbm subsidi tepat sempat mengalamai dai bulan bulan karena tidak bisa selesai proses program sebut
Pengguna Google,5,2026-05-20 12:09:00,sangat membantu,Positif,sangat bantu
Pengguna Google,4,2026-05-20 11:06:46,good coba adain promo isi 10x gratis 2liter pertalite.,Positif,good coba adain promo isi x gratis liter pertalite
Pengguna Google,5,2026-05-20 10:45:54,puas,Positif,puas
Pengguna Google,5,2026-05-20 09:44:29,Aplikasinya cepat,Positif,aplikasi cepat
Pengguna Google,1,2026-05-20 09:39:43,"sudah lupa PIN dikirim melalui WA dan SMS, tetapi ga ada yg masuk ke wa dan sms....padahal nomor sdh terdaftar......kompainnya kemanakah?",Negatif,sudah lupa pin kirim lalu wa sms tetapi tidak ada masuk wa smspadahal nomor sdh terdaftarkompainnya mana
Pengguna Google,5,2026-05-20 09:24:03,cepat riskas tepat,Positif,cepat riskas tepat
Pengguna Google,1,2026-05-20 09:07:47,"Reset password gak bisa bisa, ini niat bikin aplikasi apa kgk sih. nyusahin bgt",Negatif,reset password gak bisa bisa niat bikin aplikasi apa kgk sih nyusahin banget
Pengguna Google,5,2026-05-20 07:51:43,"keren, tapi bingung apa fungsi my Pertamina soalnya saldonya tetap dari go pa",Positif,keren tapi bingung apa fungsi my pertamina soal saldo tetap go pa
Pengguna Google,5,2026-05-20 07:44:47,program yg sangat luar biasa. ditunggu kejutan2 luar biasa lainnya dari pertamina.,Positif,program sangat luar biasa tunggu kejut luar biasa lain pertamina
Pengguna Google,5,2026-05-19 18:19:59,makin mempermudah user,Positif,makin mudah user
Pengguna Google,5,2026-05-19 17:49:13,bagus,Positif,bagus
Pengguna Google,5,2026-05-19 17:17:38,sebaiknya setiap SPBU bisa ada cara seperti ini.. jd tidak hrs antri,Positif,baik tiap spbu bisa ada cara seperti jd tidak hrs antri
Pengguna Google,1,2026-05-19 15:03:52,"kalo shel ada, ga mungkin gw isi pertamina",Negatif,kalo shel ada tidak mungkin gw isi pertamina
Pengguna Google,4,2026-05-19 14:46:00,"kenapa foto kendaraan Saya selalu salah, padahal suah tampak jelas",Positif,kenapa foto kendara saya selalu salah padahal suah tampak jelas
Pengguna Google,5,2026-05-19 14:14:04,baik,Positif,baik
Pengguna Google,1,2026-05-19 13:35:51,lemot.,Negatif,lot
Pengguna Google,1,2026-05-19 13:30:49,barkode saya di blok dan syarat untuk pemulihannya sangat ribet dan bertele tele,Negatif,barkode saya blok syarat pulih sangat ribet tele tele
Pengguna Google,5,2026-05-19 11:54:59,Good job,Positif,good job
Pengguna Google,1,2026-05-19 11:33:55,tolong di kasih tombol konfirmasi edit . biken ribet. ngak semua orang memasukan detail lengkap kendaraan benar. kadang kliru salah angka atau ketinggalan angka.. ini salah data harus hapus akun. iya bagi ya memiliki tempat dengan kapasitas sinyal yang bagus bisa hapus akun... yang tempt nya tidak terlalu bagus sinyal ngak bisa hapus akun lama sudah di tunggu tidak bisa. tolong beri pembaharuan,Negatif,tolong kasih tombol konfirmasi edit biken ribet ngak semua orang pasu detail lengkap kendara benar kadang kliru salah angka atau tinggal angka salah data harus hapus akun iya bagi ya milik tempat kapasitas sinyal bagus bisa hapus akun tempt nya tidak terlalu bagus sinyal ngak bisa hapus akun lama sudah tunggu tidak bisa tolong beri baharu
Pengguna Google,1,2026-05-19 11:26:17,akun saya tiba tiba terblokir. sudah hubungi 135 tetapi masih tetap terblokir.,Negatif,akun saya tiba tiba blokir sudah hubung tetapi masih tetap blokir
Pengguna Google,1,2026-05-19 11:25:25,kalau mau tingkatkan sistem jangan di jam kerja......jadi susah,Negatif,kalau mau tingkat sistem jangan jam kerjajadi susah
Pengguna Google,4,2026-05-19 11:02:18,agar dipercepat saat verifikasi transaksi,Positif,agar cepat saat verifikasi transaksi
Pengguna Google,1,2026-05-19 10:31:36,"produk gagal, terlalu banyak trouble",Negatif,produk gagal terlalu banyak trouble
Pengguna Google,5,2026-05-19 10:17:19,sangat baik,Positif,sangat baik
Pengguna Google,5,2026-05-19 10:03:42,ok,Positif,ok
Pengguna Google,5,2026-05-19 10:02:11,membantu sekali,Positif,bantu sekali
Pengguna Google,4,2026-05-19 08:23:27,lumayan tapi perlu penambahan pembayaran lain,Positif,lumayan tapi perlu tambah bayar lain
Pengguna Google,5,2026-05-19 03:48:36,sip lah,Positif,sip lah
Pengguna Google,5,2026-05-18 23:12:06,sangat membantu,Positif,sangat bantu
Pengguna Google,5,2026-05-18 19:58:45,pertama kalienggunakan my pertamina untuk pembelian BBM seteleh sekian lama download nganggur aja.....,Positif,pertama kalienggunakan my pertamina beli bbm teh sekian lama download nganggur aja
Pengguna Google,5,2026-05-18 19:49:13,semakin mudah digunakan,Positif,makin mudah guna
Pengguna Google,2,2026-05-18 18:00:36,mau dafar ga bisa gmna coba,Negatif,mau dafar tidak bisa gmna coba
Pengguna Google,5,2026-05-18 17:13:46,Melesat_,Positif,lesat
Pengguna Google,5,2026-05-18 16:59:16,"sangat membantu, soalnya pas kartu barcode saya hilang bimbing kami jika tidak tau .",Positif,sangat bantu soal pas kartu barcode saya hilang bimbing kami jika tidak tau
Pengguna Google,5,2026-05-18 14:14:11,sangat simpel dan menjadi mudah,Positif,sangat simpel jadi mudah
Pengguna Google,5,2026-05-18 09:58:28,mantab,Positif,mantab
Pengguna Google,5,2026-05-18 09:03:42,bagus,Positif,bagus
Pengguna Google,5,2026-05-18 08:40:03,mantap,Positif,mantap
Pengguna Google,5,2026-05-18 07:16:07,oke mantap,Positif,oke mantap
Pengguna Google,5,2026-05-18 04:43:03,istemewa,Positif,istemewa
Pengguna Google,5,2026-05-18 02:12:18,sensitif terhadap sinyal,Positif,sensitif hadap sinyal
Pengguna Google,1,2026-05-17 21:35:01,"ribet berkali kali, menyingkronkan akun MY Pertamina dengan barcode BBM subsidi pertalite selalu di tolak, STNK tidak, fo tampak samping dan nopo tidak sesuai padahal berulang² perbaikan data tetap di tolak verifikasi",Negatif,ribet kali kali menyingkronkan akun my pertamina barcode bbm subsidi pertalite selalu tolak stnk tidak fo tampak samping nopo tidak sesuai padahal ulang baik data tetap tolak verifikasi
Pengguna Google,1,2026-05-17 20:13:31,"Mau Pakai MyPertamina SPBU Parung Panjang, tapi EDC nya hanya tersedia satu. Jadi udah antri di lajur 2, eh EDC di lajur lain. Sama aja di minta antri ulang. Rame banget lagi. Aplikasi sudah bagus, tapi bisa bisanya alat di spbu hanya ada satu dengan 6 jalur pengisian. Kecewa dengan pelayanan nya",Negatif,mau pakai mypertamina spbu parung panjang tapi edc nya hanya sedia satu jadi udah antri lajur eh edc lajur lain sama aja minta antri ulang rame banget lagi aplikasi sudah bagus tapi bisa bisa alat spbu hanya ada satu jalur isi kecewa layan nya
Pengguna Google,1,2026-05-17 19:16:28,"apalah nih aplikasi, lemot banget buat pembayaran",Negatif,apa nih aplikasi lot banget buat bayar
Pengguna Google,1,2026-05-17 15:58:21,apk tai,Negatif,aplikasi tai
Pengguna Google,1,2026-05-17 15:50:01,Tidak bisa menggantik nik karena kesalahan menginput data sebelumnya,Negatif,tidak bisa menggantik nik karena salah menginput data belum
Pengguna Google,1,2026-05-17 14:21:28,"1. Gak ada regulasi yg jelas, utk mewajibkan seluruh SPBU pakai mypertamina, karna 50% SPBU yg saya kunjungi GK bisa bayar pakai qris atau mypertamina 2. Aplikasinya berat, terkadang perlu loading lama semoga ada perbaikan, sekelas pom punya pemerintah kalah sama swasta",Negatif,gak ada regulasi jelas utk wajib seluruh spbu pakai mypertamina karna spbu saya kunjung tidak bisa bayar pakai qris atau mypertamina aplikasi berat terkadang perlu loading lama moga ada baik kelas pom punya perintah kalah sama swasta
Pengguna Google,1,2026-05-17 13:54:39,"Tidak berguna, digitalisasi yg buruk. Tidak sinkron dengan websitenya. Jauh lebih berguna yg non aplikasi lewat Websitenya langsung saja.",Negatif,tidak guna digitalisasi buruk tidak sinkron websitenya jauh lebih guna non aplikasi lewat websitenya langsung saja
Pengguna Google,1,2026-05-17 12:41:23,aplikasi gak guna,Negatif,aplikasi gak guna
Pengguna Google,1,2026-05-17 10:22:08,daftar subsidi susah sekali,Negatif,daftar subsidi susah sekali
Pengguna Google,1,2026-05-17 10:13:49,APP PEMERINTAH KOK GINI SERING ERROR UDH NGANTRI PANJANG malah gbs,Negatif,app perintah kok gin sering error udh ngantri panjang malah gbs
Pengguna Google,5,2026-05-17 07:46:16,ok,Positif,ok
Pengguna Google,5,2026-05-17 06:30:22,"Pertamina, mohon di tertibkan barcode siluman yg tidak sesuai kendaraan nya, di bbrp SPBU masih di layani oleh operator, terimakasih",Positif,pertamina mohon tertib barcode siluman tidak sesuai kendara nya bbrp spbu masih layan oleh operator terimakasih
Pengguna Google,5,2026-05-17 00:22:31,ok banget,Positif,ok banget
Pengguna Google,1,2026-05-16 23:02:34,ini sya daftar sudah 10x ada.selalu di tolak pada hal sudah jelas foto depan mobil terus foto STNK jelas juga..apa perlu Selfi dengan pengemudi dengan mobil nya.tanya selalu hubungi canter service 135.canterservice ajukan kan daftar ulang TPI di tolak terus.gk tau mau nya apa.apa butuh bayar uang kopi biar lolos Gito.,Negatif,sya daftar sudah x adaselalu tolak hal sudah jelas foto depan mobil terus foto stnk jelas jugaapa perlu selfi kemudi mobil nyata selalu hubung canter service canterservice aju kan daftar ulang tpi tolak terusgk tau mau nya apaapa butuh bayar uang kopi biar lolos gito
Pengguna Google,1,2026-05-16 21:50:54,kenapa ini min data diri saya ditolak padahal sudah saya foto KTP juga sudah beberapa kali masukin terus ditolak juga,Negatif,kenapa min data diri saya tolak padahal sudah saya foto ktp juga sudah beberapa kali masukin terus tolak juga
Pengguna Google,5,2026-05-16 21:09:07,Mantap,Positif,mantap
Pengguna Google,5,2026-05-16 20:12:41,puas,Positif,puas
Pengguna Google,5,2026-05-16 17:36:22,"seneng ada aplikasi ini, mohon sering diskonnya untuk transaksi di SPBU pske MP",Positif,neng ada aplikasi mohon sering diskon transaksi spbu pske mp
Pengguna Google,5,2026-05-16 16:46:49,best service,Positif,best service
Pengguna Google,5,2026-05-16 16:44:51,good,Positif,good
Pengguna Google,5,2026-05-16 15:29:26,mantulll 👍,Positif,mantulll
Pengguna Google,5,2026-05-16 14:54:08,aplikasinya sangat membantu,Positif,aplikasi sangat bantu
Pengguna Google,5,2026-05-16 14:47:27,terima kasih pada pertamina yg sudah tepat sasaran,Positif,terima kasih pertamina sudah tepat sasar
Pengguna Google,1,2026-05-16 12:28:35,"aplikasi apa ini 10 kali saya pakai di SPBU,jaringan lngsung drop,.bukannya membantu malah bikin ribet pengguna",Negatif,aplikasi apa kali saya pakai spbujaringan lngsung dropbukannya bantu malah bikin ribet guna
Pengguna Google,1,2026-05-16 12:24:02,kacau parah kalo yang nanganin cewe pada belepotan ke boddy motor udah tau masih netes di angkat yaa malah netes cara ngangkat nya ngasal main angkat aja kocak asli. posisi pertama di Depok beji,Negatif,kacau parah kalo nanganin cewe belepotan boddy motor udah tau masih netes angkat yaa malah netes cara ngangkat nya ngasal main angkat aja kocak asli posisi pertama depok beji
Pengguna Google,5,2026-05-16 11:56:54,mudah,Positif,mudah
Pengguna Google,5,2026-05-16 11:38:34,ok,Positif,ok
Pengguna Google,5,2026-05-16 10:24:46,bagus,Positif,bagus
Pengguna Google,5,2026-05-16 10:23:42,oke aman,Positif,oke aman
Pengguna Google,5,2026-05-16 10:16:46,semoga selalu lancar tidak terkendala,Positif,moga selalu lancar tidak kendala
Pengguna Google,5,2026-05-16 09:39:19,data kendaraan saya masuk di roda 2. padahal sudah melakukan pengecekan di sakpole dan ERI. dan data benar kendaraan roda 4,Positif,data kendara saya masuk roda padahal sudah laku kece sakpole eri data benar kendara roda
Pengguna Google,1,2026-05-16 07:21:00,saya proses tidak bisa. dan saya Coba berkali kali juga tetap tidak bisa,Negatif,saya proses tidak bisa saya coba kali kali juga tetap tidak bisa
Pengguna Google,5,2026-05-16 06:15:05,semoga kedepannya bisa makin lebih baik lagi,Positif,moga depan bisa makin lebih baik lagi
Pengguna Google,1,2026-05-16 05:43:28,males ah.. berkali2 masukin foto stnk dan foto mobil.. gagal mulu.. payah. mau pakai yg subsidi aj ribet.,Negatif,males ah kali masukin foto stnk foto mobil gagal mulu payah mau pakai subsidi aj ribet
Pengguna Google,5,2026-05-15 22:55:55,mantapz,Positif,mantapz
Pengguna Google,5,2026-05-15 21:15:13,"sangat membantu dan mudah dalam pemakian, safty",Positif,sangat bantu mudah dalam maki safty
Pengguna Google,1,2026-05-15 20:58:32,"Lemot dan susah di akses. data kendaraan keblokir tak bisa di kembalikan, sangat menyusahkan rakyat Indonesia.",Negatif,lot susah akses data kendara blokir tak bisa kembali sangat susah rakyat indonesia
Pengguna Google,4,2026-05-15 20:50:32,pegawai SPBU minim pengetahuan,Positif,pegawai spbu minim tahu
Pengguna Google,5,2026-05-15 20:31:24,lebih praktis,Positif,lebih praktis
Pengguna Google,1,2026-05-15 20:08:30,eror mulu. asem,Negatif,eror mulu asem
Pengguna Google,1,2026-05-15 20:01:17,gak bisa login cooyy,Negatif,gak bisa login cooyy
Pengguna Google,5,2026-05-15 19:49:16,sangat membantu rakyat miskin,Positif,sangat bantu rakyat miskin
Pengguna Google,1,2026-05-15 18:50:43,"akun yang sudah terdaftar kenapa harus data ulang sedangkan ktp saya mengalami kendala pada tulisan atau gambar ini memper sulit namanya apakah ktp akan berubah nama atau nik kan tidak, E-KTP seumur hidup harusnya sekali data sudah bisa dipakai untuk seterusnya, yang diperbaiki aplikasinya kenapa jadi merambat ke data aneh,",Negatif,akun sudah daftar kenapa harus data ulang sedang ktp saya alami kendala tulis atau gambar memper sulit nama apakah ktp akan ubah nama atau nik kan tidak ektp umur hidup harus sekali data sudah bisa pakai terus baik aplikasi kenapa jadi rambat data aneh
Pengguna Google,4,2026-05-15 18:10:47,mantab,Positif,mantab
Pengguna Google,5,2026-05-15 17:41:17,Padahal kita beli bukan mau minta atau kredit😤,Positif,padahal kita beli bukan mau minta atau kredit
Pengguna Google,1,2026-05-15 17:31:17,"kenapa pas mau bayar pakai scan barcode My pertamina selalu loding lama banget bahkan ujung3nya ga jadi belu krn kelamaan sedangkan yg mau ngisi BBM sdh ngantri, mendingan isi BBM di BP lebih cepet tinggal scan barcode ga pakai lama.",Negatif,kenapa pas mau bayar pakai scan barcode my pertamina selalu loding lama banget bahkan ujung tidak jadi belu krn lama sedang mau ngisi bbm sdh ngantri mending isi bbm bp lebih cepet tinggal scan barcode tidak pakai lama
Pengguna Google,1,2026-05-15 17:26:26,ruwet,Negatif,ruwet
Pengguna Google,5,2026-05-15 17:09:10,"makin hari makin mantap, percepat lagi bang admin prosesnya biar makin mantep",Positif,makin hari makin mantap cepat lagi bang admin proses biar makin mantep
Pengguna Google,5,2026-05-15 16:31:56,Mantab,Positif,mantab
Pengguna Google,5,2026-05-15 15:38:54,sangat membantu,Positif,sangat bantu
Pengguna Google,1,2026-05-15 15:19:29,terlalu banyak alasan dalam pendaftaran. aplikasi gak guna,Negatif,terlalu banyak alas dalam daftar aplikasi gak guna
Pengguna Google,5,2026-05-15 14:35:55,pelayanan cepat mantafff,Positif,layan cepat mantafff
Pengguna Google,5,2026-05-15 13:55:22,transaksi cepat,Positif,transaksi cepat
Pengguna Google,2,2026-05-15 11:46:42,kk kok saya pengajuan keluhan jaringan selalu tidak bisa padahal jaringan data full,Negatif,kk kok saya aju keluh jaring selalu tidak bisa padahal jaring data full
Pengguna Google,5,2026-05-15 11:24:06,mantap,Positif,mantap
Pengguna Google,5,2026-05-15 10:58:32,mau buat barkot baru,Positif,mau buat barkot baru
Pengguna Google,2,2026-05-15 10:08:36,"aplikasi diperbarui atau nggak sama aja,harus nunggu 14hari kerja situ enak tinggal bilang,untuk kerjanya yang angkutan barang masa iya harus libur 14 hari...!!",Negatif,aplikasi baru atau nggak sama ajaharus nunggu hari kerja situ enak tinggal bilanguntuk kerja angkut barang masa iya harus libur hari
Pengguna Google,5,2026-05-15 10:01:33,mantap,Positif,mantap
Pengguna Google,5,2026-05-15 08:28:32,sangat membantu para pengendara,Positif,sangat bantu para kendara
Pengguna Google,5,2026-05-15 08:10:39,membantu,Positif,bantu
Pengguna Google,5,2026-05-14 23:32:08,Manfaat,Positif,manfaat
Pengguna Google,5,2026-05-14 20:36:51,Good.,Positif,good
Pengguna Google,5,2026-05-14 19:22:05,cepat respon,Positif,cepat respon
Pengguna Google,1,2026-05-14 18:49:23,"ealah malah baru update belum dapat 1bln malah g kena QR padahal sudah ada keterangan hanya dapat digunakan hingga 31 mei 2026 ini malah belum sampe g kenak lagi, Maunya ap coba, malah dimiskinkan g bisa kerja",Negatif,ealah malah baru update belum dapat bln malah g kena qr padahal sudah ada terang hanya dapat guna hingga mei malah belum sampe g nak lagi mau ap coba malah miskin g bisa kerja
Pengguna Google,1,2026-05-14 18:47:32,"Aplikasi sangat tidak bermanfaat untuk Rakyat, buat Barcode foto STNK di tolak melulu, bergelombang, ada selotip, terlalu jauh, dan macam-macam untuk kendala, Semoga tuhan perhitungkan semua orang yang mempersulit rakyat termasuk management Pertamina.",Negatif,aplikasi sangat tidak manfaat rakyat buat barcode foto stnk tolak melulu gelombang ada selotip terlalu jauh macammacam kendala moga tuhan hitung semua orang sulit rakyat masuk management pertamina
Pengguna Google,5,2026-05-14 18:31:27,bagus,Positif,bagus
Pengguna Google,1,2026-05-14 16:04:44,daftar subsidi tepat susahnya minta ampun!!!,Negatif,daftar subsidi tepat susah minta ampun
Pengguna Google,1,2026-05-14 15:42:34,nggak bisa kalian perbesar lagi kode qris nya?????? tolonglah kalian upgrade itu pembayaran qris nya.... capek kali aku scan scan nggak bisa nggak bisa terus!,Negatif,nggak bisa kalian besar lagi kode qris nya tolong kalian upgrade bayar qris nya capek kali aku scan scan nggak bisa nggak bisa terus
Pengguna Google,5,2026-05-14 15:14:39,pembayaran cepat dan mantaf,Positif,bayar cepat mantaf
Pengguna Google,5,2026-05-14 15:13:15,mantapppp,Positif,mantapppp
Pengguna Google,5,2026-05-14 15:09:24,"mudah dalam pembayaran, tidak terlalu banyak antrian, tapi kenapa setiap bulan diupgrade terus ya",Positif,mudah dalam bayar tidak terlalu banyak antri tapi kenapa tiap bulan diupgrade terus ya
Pengguna Google,1,2026-05-14 13:27:38,"sulit sekali vertifikasi subsidi tepat,ditolak terus padahal kelengkapan data sudah terpenuhi,sungguh aneh bagi saya di daerah saya banyak mafia solar yang notabane tetap harus menggunakan barcode subsidi ,tetapi sangat mudah mengakali,sedangan saya masyarakat kecil sulit sekali bikin barcode solar, sangat dirugikan.dan itupun harus bayar pihak spbu kalo mau cepat, padahal gratis sebenarnya duhhh.",Negatif,sulit sekali vertifikasi subsidi tepatditolak terus padahal lengkap data sudah terpenuhisungguh aneh bagi saya daerah saya banyak mafia solar notabane tetap harus guna barcode subsidi tetapi sangat mudah mengakalisedangan saya masyarakat kecil sulit sekali bikin barcode solar sangat dirugikandan itu harus bayar pihak spbu kalo mau cepat padahal gratis benar duhhh
Pengguna Google,5,2026-05-14 12:57:31,pelayanan baik costumer servis nya sabar dan ramah,Positif,layan baik costumer servis nya sabar ramah
Pengguna Google,5,2026-05-14 12:39:40,membantu sekali,Positif,bantu sekali
Pengguna Google,5,2026-05-14 12:20:59,"ok lah my Pertamina, kapan saya dapat isi BBM gratis dari Abang my Pertamina nich saya tunggu hadiah dari my Pertamina ya",Positif,ok lah my pertamina kapan saya dapat isi bbm gratis abang my pertamina nich saya tunggu hadiah my pertamina ya
Pengguna Google,1,2026-05-14 11:11:09,28/04/26 susah sekali untuk daftar qr code. sudah dicoba selama 2 minggu. tetap tidak bisa. mohon diperbaiki. 14/05/26 MASIH SAMA. TIDAK ADA PERBAIKAN PELAYANAN.,Negatif,susah sekali daftar qr code sudah coba lama minggu tetap tidak bisa mohon baik masih sama tidak ada baik layan
Pengguna Google,1,2026-05-14 10:39:36,"Tolong untuk keamanan masing masing barcode lebih ditingkatkan, karena barcode bisa digunakan oleh orang lain.",Negatif,tolong aman masing masing barcode lebih tingkat karena barcode bisa guna oleh orang lain
Pengguna Google,5,2026-05-14 10:10:43,puas,Positif,puas
Pengguna Google,1,2026-05-14 09:56:14,Kenapa bisa mau lupa pasword malah yang keluar verifikasi email orang lain? Bukan email yang sudah dihubungkan ke akun Serta sudah tidak ada opsi verifikasi akun ? Setelah ada solusi baru akan rubah rating aplikasi ini,Negatif,kenapa bisa mau lupa pasword malah keluar verifikasi email orang lain bukan email sudah hubung akun serta sudah tidak ada opsi verifikasi akun telah ada solusi baru akan rubah rating aplikasi
Pengguna Google,5,2026-05-14 09:42:13,sangat membantu,Positif,sangat bantu
Pengguna Google,1,2026-05-14 09:21:31,"mau buat barcode aja susahnya bukan main, semua prosedur sudah di ikuti dengan benar.. masih saja ada alasan penolakan.. aplikasi gak jelas...",Negatif,mau buat barcode aja susah bukan main semua prosedur sudah ikut benar masih saja ada alas tolak aplikasi gak jelas
Pengguna Google,1,2026-05-14 09:14:05,kapok gk lg transaksi pakai ini lg transaksi gagal tp saldo kita tetap terpotong.,Negatif,kapok tidak lg transaksi pakai lg transaksi gagal tp saldo kita tetap potong
Pengguna Google,5,2026-05-14 08:47:09,update top up pake via dana dong bang.,Positif,update top up pake via dana dong bang
Pengguna Google,5,2026-05-14 08:20:42,Mudah dan cepat,Positif,mudah cepat
Pengguna Google,5,2026-05-14 07:41:29,sangat membantu,Positif,sangat bantu
Pengguna Google,5,2026-05-14 07:00:45,"lebih praktis dan mempermudah pembayaran,..👍👍👍",Positif,lebih praktis mudah bayar
Pengguna Google,1,2026-05-14 06:12:32,Pertamina itu seenaknya ya main hapus data bikin kebijakan baru. udh daftar sama verifikasi setengah mampus Pertamina main hapus gitu aja.,Negatif,pertamina enak ya main hapus data bikin bijak baru udh daftar sama verifikasi tengah mampus pertamina main hapus gitu aja
Pengguna Google,1,2026-05-13 23:32:44,apk banyakan gangguan nya. gw kalo kaga ada hubungan nya sama voucher gojek ogah download ni apk,Negatif,aplikasi banyak ganggu nya gw kalo kaga ada hubung nya sama voucher gojek ogah download ni aplikasi
Pengguna Google,5,2026-05-13 22:33:06,cukup membantu,Positif,cukup bantu
Pengguna Google,4,2026-05-13 20:01:09,Promonya kurang menaril dan sedikit!,Positif,promonya kurang menaril sedikit
Pengguna Google,5,2026-05-13 17:48:41,"pelayanan baik, tpi banyak mobil truk bikin macet di pom bensin",Positif,layan baik tpi banyak mobil truk bikin macet pom bensin
Pengguna Google,4,2026-05-13 17:22:51,"Saran dan masukan,kalau bisa di aplikasi di. tambahkan keterangan stok BBM di SPBU SPBU secara realtime,berapa BBM masuk berapa yang sudah terjual,jdi konsumen tau di SPBU ini tinggal berapa stok BBM nya,ini udah antri panjang ,giliran kita habis,disuruh ngisi lagi jam 7 di hari berikutnya ,padahal hari masih siang",Positif,saran masukankalau bisa aplikasi tambah terang stok bbm spbu spbu cara realtimeberapa bbm masuk berapa sudah terjualjdi konsumen tau spbu tinggal berapa stok bbm nyaini udah antri panjang gilir kita habisdisuruh ngisi lagi jam hari ikut padahal hari masih siang
Pengguna Google,5,2026-05-13 17:11:58,praktis...simple n smart,Positif,praktissimple n smart
Pengguna Google,5,2026-05-13 12:43:07,baik,Positif,baik
Pengguna Google,5,2026-05-13 11:14:16,good,Positif,good
Pengguna Google,5,2026-05-13 09:56:39,barkot BBm,Positif,barkot bbm
Pengguna Google,5,2026-05-13 08:48:15,bagus,Positif,bagus
Pengguna Google,5,2026-05-13 08:28:19,proses cepat,Positif,proses cepat
Pengguna Google,4,2026-05-13 07:37:49,good,Positif,good
Pengguna Google,1,2026-05-13 07:16:27,"perbaiki jaringan mu woi!, orang udah antri panjang. jaringan error kata petugas spbu",Negatif,baik jaring mu woi orang udah antri panjang jaring error kata tugas spbu
Pengguna Google,5,2026-05-13 06:20:45,good,Positif,good
Pengguna Google,1,2026-05-12 23:09:50,saya bintang 5 kalau ditambah shoppepay metode pembayaran nya 👍,Negatif,saya bintang kalau tambah shoppepay metode bayar nya
Pengguna Google,1,2026-05-12 21:01:08,ga semua pom pertamina bisa pakai my pertamina,Negatif,tidak semua pom pertamina bisa pakai my pertamina
Pengguna Google,5,2026-05-12 20:57:25,ok,Positif,ok
Pengguna Google,5,2026-05-12 20:34:18,ok,Positif,ok
Pengguna Google,5,2026-05-12 19:22:42,keren,Positif,keren
Pengguna Google,5,2026-05-12 15:24:06,lancar nyaman,Positif,lancar nyaman
Pengguna Google,1,2026-05-12 15:05:12,"baru juga perbarui kode QR, baru sekali pakek, minta perbarui lagi, rusak rusak",Negatif,baru juga baru kode qr baru sekali pakek minta baru lagi rusak rusak
Pengguna Google,5,2026-05-12 14:58:47,mhaaantapks...,Positif,mhaaantapks
Pengguna Google,5,2026-05-12 13:13:35,mantap,Positif,mantap
Pengguna Google,1,2026-05-12 11:31:10,tolong aktifkan fitur upload foto,Negatif,tolong aktif fitur upload foto
Pengguna Google,1,2026-05-12 11:03:48,operator pertamina jalan industri sangat tdk ramah,Negatif,operator pertamina jalan industri sangat tidak ramah
Pengguna Google,1,2026-05-12 10:47:08,proteksi yang sangat rendah. barcode baru jadi langsung terhapus padahal baru beberapa jadi dan belum digunakansudah terhapus. di daftarkan ulang malah sudah terdaftar di tempat lain. begitu bertele-tele dan ribet sangat.,Negatif,proteksi sangat rendah barcode baru jadi langsung hapus padahal baru beberapa jadi belum digunakansudah hapus daftar ulang malah sudah daftar tempat lain begitu berteletele ribet sangat
Pengguna Google,5,2026-05-12 09:53:29,lebih praktis bayar pakai my pertamina,Positif,lebih praktis bayar pakai my pertamina
Pengguna Google,1,2026-05-12 06:07:01,debit bank mandiri tidak bisa connect terpaksa masih pakai tunai,Negatif,debit bank mandiri tidak bisa connect paksa masih pakai tunai
Pengguna Google,1,2026-05-12 00:27:26,gabisa klik registrasi,Negatif,gabisa klik registrasi
Pengguna Google,1,2026-05-11 21:42:58,barcode ku baru gak ku pakai beberapa minggu udah ke blokir. padahal kan gak setiap hari kita pakai mobil biasanya mobil cuma keluar kalau mau jalan jalan atau ada keadaan mendesak malah barcode nya terblokir gangu banget,Negatif,barcode ku baru gak ku pakai beberapa minggu udah blokir padahal kan gak tiap hari kita pakai mobil biasa mobil cuma keluar kalau mau jalan jalan atau ada ada desak malah barcode nya blokir gangu banget
Pengguna Google,5,2026-05-11 21:41:27,"mantab , penggunaan sangat mudah , tanpa antre juga pas isi bbm",Positif,mantab guna sangat mudah tanpa antre juga pas isi bbm
Pengguna Google,5,2026-05-11 21:17:02,cepat dan tepat,Positif,cepat tepat
Pengguna Google,5,2026-05-11 20:26:09,mudah dan praktis,Positif,mudah praktis
Pengguna Google,5,2026-05-11 17:15:43,aplikasi lancar dan sangat membantu program cashless🌟🌟🌟🌟🌟,Positif,aplikasi lancar sangat bantu program cashless
Pengguna Google,5,2026-05-11 16:54:43,sangat bermanfaat semua informasi dan layanannya,Positif,sangat manfaat semua informasi layan
Pengguna Google,5,2026-05-11 15:14:33,tingkat kan,Positif,tingkat kan
Pengguna Google,1,2026-05-11 14:59:14,"kebanyakn error, subsidi pun tidak tepat. Tibatiba qr code mobil operasional pick up saya barcode tidak bisa dipakai. Perbaiki sistem dlu klo mau nyuruh masyarat pakai app.",Negatif,kebanyakn error subsidi pun tidak tepat tibatiba qr code mobil operasional pick up saya barcode tidak bisa pakai baik sistem dlu klo mau nyuruh masyarat pakai app
Pengguna Google,1,2026-05-11 13:44:12,Sdh bbm susah aplikasinya juga menyusahkan.dan harus mencet bintang lagi utk mosting ulasan. bintang satupun sebenernya aq agak berat utk memberi penilaian soal layanan ini,Negatif,sdh bbm susah aplikasi juga menyusahkandan harus mencet bintang lagi utk mosting ulas bintang satu sebenernya aq agak berat utk beri nilai soal layan
Pengguna Google,5,2026-05-11 12:57:54,ok,Positif,ok
Pengguna Google,1,2026-05-11 12:05:07,"ini sistem subsidi tepat tolong d perbaiki lagi ya, tingkat kan peforma nya.... beli BBM uda susah, daftar barcode pun susah. . . jngan persulit lah, pikirkan la rakyat,,, jngan buat rakyat menderita aja",Negatif,sistem subsidi tepat tolong d baik lagi ya tingkat kan forma nya beli bbm uda susah daftar barcode pun susah jngan sulit lah pikir la rakyat jngan buat rakyat derita aja
Pengguna Google,5,2026-05-11 11:44:54,"Terasa lelet saat pembayaran selebihnya bagus,",Positif,asa lelet saat bayar lebih bagus
Pengguna Google,5,2026-05-11 11:08:53,mantap ..ga ribet,Positif,mantap tidak ribet
Pengguna Google,1,2026-05-11 08:21:45,halah akal akalan pemerintah aja ini. daftar lewat digital harusnya mempermudah ini malah di persulit. alasan ft kurang jelas. alasan data tidak benar. alasan nopol gak sesuai. Woyyy data nya udah di kirim. LIAT DONK DI CEK. masak era digital makin buruk. DASAR PENJILAT KERJA GAK BENER!!!,Negatif,halah akal akal perintah aja daftar lewat digital harus mudah malah sulit alas ft kurang jelas alas data tidak benar alas nopol gak sesuai woyyy data nya udah kirim liat donk cek masak era digital makin buruk dasar jilat kerja gak bener
Pengguna Google,5,2026-05-11 05:36:45,keren apk nya makasih udah membantu,Positif,keren aplikasi nya makasih udah bantu
Pengguna Google,5,2026-05-11 01:15:57,bagus pelayanan cepat,Positif,bagus layan cepat
Pengguna Google,4,2026-05-11 00:29:39,oke,Positif,oke
Pengguna Google,5,2026-05-10 20:37:03,terima kasih,Positif,terima kasih
Pengguna Google,5,2026-05-10 20:11:29,nice app brow... 👍,Positif,nice app brow
Pengguna Google,5,2026-05-10 19:45:37,"lebih praktis, bayar bisa pakai Qris.",Positif,lebih praktis bayar bisa pakai qris
Pengguna Google,5,2026-05-10 18:45:48,bagus,Positif,bagus
Pengguna Google,1,2026-05-10 18:43:46,verifikasi di tolak mulu,Negatif,verifikasi tolak mulu
Pengguna Google,5,2026-05-10 18:32:14,ok,Positif,ok
Pengguna Google,5,2026-05-10 18:29:32,sangat luarrr biasaaa,Positif,sangat luarrr biasaaa
Pengguna Google,5,2026-05-10 17:52:15,ok,Positif,ok
Pengguna Google,2,2026-05-10 17:41:24,kualitas pelayanan sombong petugas spbunya,Negatif,kualitas layan sombong tugas spbunya
Pengguna Google,5,2026-05-10 17:12:40,terimakasih,Positif,terimakasih
Pengguna Google,5,2026-05-10 16:57:40,"halo,. aq baru beli mobil motuba,. mau saya daftarkan mypertamina tapi sudah terdaftar, mau aq blokir trus daftar ulang,. bagaimana caranya",Positif,halo aq baru beli mobil motuba mau saya daftar mypertamina tapi sudah daftar mau aq blokir trus daftar ulang bagaimana cara
Pengguna Google,1,2026-05-10 16:10:26,"sangat parah lama sekali verifikasi nya selalu di tolak ,padahal data sudah benar, ini kenapa ya dengan web pertamina, gak bisa isi BBM karna barcode gak siap"" verifikasi nya sangatlah lama, tolonglah kenapa sih dengan negara ini makin sulit, susah kerja jadinya ,karna gak bisa isi BBM ulah barcode 😭",Negatif,sangat parah lama sekali verifikasi nya selalu tolak padahal data sudah benar kenapa ya web pertamina gak bisa isi bbm karna barcode gak siap verifikasi nya sangat lama tolong kenapa sih negara makin sulit susah kerja jadi karna gak bisa isi bbm ulah barcode
Pengguna Google,5,2026-05-10 15:53:12,lancar,Positif,lancar
Pengguna Google,5,2026-05-10 15:52:57,sat set banyakin promonya aja,Positif,sat set banyakin promonya aja
Pengguna Google,5,2026-05-10 15:46:24,ok,Positif,ok
Pengguna Google,5,2026-05-10 15:18:38,pengalaman pertama ok .. pas gak antri ok,Positif,alam pertama ok pas gak antri ok
Pengguna Google,5,2026-05-10 14:36:06,"mantap aplikasi my Pertamina, sangat membantu",Positif,mantap aplikasi my pertamina sangat bantu
Pengguna Google,5,2026-05-10 13:02:18,baik,Positif,baik
Pengguna Google,5,2026-05-10 11:23:37,memuaskan,Positif,muas
Pengguna Google,5,2026-05-10 08:42:16,"mudah penggunaannya, cukup informatif. moga bisa banyak rewardnya",Positif,mudah guna cukup informatif moga bisa banyak rewardnya
Pengguna Google,5,2026-05-10 08:24:04,mantab,Positif,mantab
Pengguna Google,5,2026-05-10 07:20:56,petugas spbunya ramah...,Positif,tugas spbunya ramah
Pengguna Google,5,2026-05-10 06:22:30,"Salah satu SPBU 34 anda yg berada di samping mitra 10 Margonda depok, tidak melayani pake aplikasi ini, minimal 100rb baru bisa pk aplikasi ini,saya penguna motor, mana ada isi 100rb,, alasan yg tidak masuk akal. tolong dikaji ulang SPBU2 anda untuk layanan pembayaran ini",Positif,salah satu spbu anda ada samping mitra margonda depok tidak layan pake aplikasi minimal rb baru bisa pk aplikasi inisaya penguna motor mana ada isi rb alas tidak masuk akal tolong kaji ulang spbu anda layan bayar
Pengguna Google,4,2026-05-10 05:03:10,"Bang Dev MyPertamina, dirincian pembelian BBM itu, coba bisa dibuka kita isi BBM nya di POM Bensin mana?, di bulan Mei ini sepertinya ada orang lain isi BBM pakai QR saya, kalo sudah di reset, QR lama masih bisa dipakai, orang lain?",Positif,bang dev mypertamina dirincian beli bbm coba bisa buka kita isi bbm nya pom bensin mana bulan mei seperti ada orang lain isi bbm pakai qr saya kalo sudah reset qr lama masih bisa pakai orang lain
Pengguna Google,5,2026-05-10 04:51:25,nyaman,Positif,nyaman
Pengguna Google,5,2026-05-10 02:14:15,"Semoga kedepannya metode pembayaran pakai kartu debit ada penambahan bank lainnya jadi tidak hanya BNI, BRI & Mandiri demi kenyamanan pelanggan pembelian BBM cashless Terima kasih",Positif,moga depan metode bayar pakai kartu debit ada tambah bank lain jadi tidak hanya bni bri mandiri demi nyaman langgan beli bbm cashless terima kasih
Pengguna Google,5,2026-05-10 00:44:40,pembuatan barcode ny gagal trus,Positif,buat barcode ny gagal trus
Pengguna Google,5,2026-05-09 22:22:57,okk,Positif,okk
Pengguna Google,1,2026-05-09 21:05:05,aplikasi lemot,Negatif,aplikasi lot
Pengguna Google,5,2026-05-09 21:02:21,memudahkan bertransaksi di spbu pertamina,Positif,mudah transaksi spbu pertamina
Pengguna Google,5,2026-05-09 20:39:38,susah daftar,Positif,susah daftar
Pengguna Google,5,2026-05-09 20:36:15,bagus.... good...,Positif,bagus good
Pengguna Google,4,2026-05-09 19:32:40,antrian panjang,Positif,antri panjang
Pengguna Google,5,2026-05-09 18:27:31,Mantab bener dah pake app mypertamina,Positif,mantab bener dah pake app mypertamina
Pengguna Google,5,2026-05-09 18:08:52,"perbanyak Promo promo pembelian bensin dan promo cash back. Lebih sering mengadakan Undian dengan Hadiah Menarik seperti Mobil, motor dll untuk pengguna My Pertamina.",Positif,banyak promo promo beli bensin promo cash back lebih sering ada undi hadiah tarik seperti mobil motor dll guna my pertamina
Pengguna Google,5,2026-05-09 17:11:20,"proses untuk pembayaran QR agak susah, kamera g bisa autofokus",Positif,proses bayar qr agak susah kamera g bisa autofokus
Pengguna Google,5,2026-05-09 15:02:45,kalau sore jaringan masih suka lemot atau bahkan error.,Positif,kalau sore jaring masih suka lot atau bahkan error
Pengguna Google,1,2026-05-09 14:56:09,"verifikator ngawur, berbagai ketentuan subsidi telah dipenuhi, complain ke CS juga sudah namun pengajuan ditolak dengan alasan foto tidak sesuai sebanyak 3 kali padahal complain ke CS sudah cukup jelas dan dibantu diteruskan ke verifikator, memang aplikasi ini tidak profesional tidak ada fitur sanggahan atas penolakan foto yang menurut veririkatornya tidak terlihat jelas sangat merugikan sekali !!!",Negatif,verifikator ngawur bagai tentu subsidi telah penuh complain cs juga sudah namun aju tolak alas foto tidak sesuai banyak kali padahal complain cs sudah cukup jelas bantu terus verifikator memang aplikasi tidak profesional tidak ada fitur sanggah atas tolak foto turut veririkatornya tidak lihat jelas sangat rugi sekali
Pengguna Google,5,2026-05-09 14:45:48,bagus sekali,Positif,bagus sekali
Pengguna Google,5,2026-05-09 14:28:57,ok👍🏻,Positif,ok
Pengguna Google,5,2026-05-09 13:41:12,thanks bermanfaat,Positif,thanks manfaat
Pengguna Google,5,2026-05-09 13:27:17,mantaps,Positif,mantaps
Pengguna Google,5,2026-05-09 12:03:53,cukup cepat,Positif,cukup cepat
Pengguna Google,5,2026-05-09 10:14:33,top banyak promo,Positif,top banyak promo
Pengguna Google,5,2026-05-09 10:05:24,mantap ga pake antre,Positif,mantap tidak pake antre
Pengguna Google,1,2026-05-09 09:31:11,"beli BBM di negeri sendiri aja di persulit harus pakai Barcode,tapi pembuatan barcode sangat sulit pengajuan selalu di tolak padahal data lengkap.apa maksudnya ini coba,saya sangat malu jadi warga negara Indonesia.",Negatif,beli bbm negeri sendiri aja sulit harus pakai barcodetapi buat barcode sangat sulit aju selalu tolak padahal data lengkapapa maksud cobasaya sangat malu jadi warga negara indonesia
Pengguna Google,5,2026-05-09 09:03:59,real,Positif,real
Pengguna Google,1,2026-05-08 21:18:26,"ribet banget sih cara nge foto KTP nya, padahal wes bagus dan KTPnya juga asli tapi masih aja gak bisa. mohon bantuannya lah, ini gimana caranya biar bisa. dan bedakan mana yang KTP dari layar dan asli Terima kasih",Negatif,ribet banget sih cara nge foto ktp nya padahal wes bagus ktpnya juga asli tapi masih aja gak bisa mohon bantu lah gimana cara biar bisa beda mana ktp layar asli terima kasih
Pengguna Google,5,2026-05-08 20:07:43,mohon buat aplikator tingkatkan trus krna aplikasi ini sangat membantu,Positif,mohon buat aplikator tingkat trus krna aplikasi sangat bantu
Pengguna Google,5,2026-05-08 19:28:14,bagus,Positif,bagus
Pengguna Google,1,2026-05-08 19:18:06,"kenapa sekarang aplikasinya susah di buka ya, saya tidak beli petralite lho",Negatif,kenapa sekarang aplikasi susah buka ya saya tidak beli petralite lho
Pengguna Google,5,2026-05-08 18:55:46,mantapppp,Positif,mantapppp
Pengguna Google,5,2026-05-08 17:59:19,sangat memuaskan dan simple penggunaannya,Positif,sangat muas simple guna
Pengguna Google,5,2026-05-08 16:18:17,semoga rezeki,Positif,moga rezeki
Pengguna Google,5,2026-05-08 15:39:54,banyak promo dab mudah di akses,Positif,banyak promo dab mudah akses
Pengguna Google,5,2026-05-08 15:04:19,bagud,Positif,bagud
Pengguna Google,1,2026-05-08 14:53:04,"pembayaran pakai my pertamina keseringan kendala mulu di spbu2, mau bayar gak bisa petugas SPBU alasan lagi my peramina nya lagi update lah, ngelag lah apalah,akhirnya gak guna.. payah",Negatif,bayar pakai my pertamina sering kendala mulu spbu mau bayar gak bisa tugas spbu alas lagi my amina nya lagi update lah ngelag lah apalahakhirnya gak guna payah
Pengguna Google,5,2026-05-08 13:06:32,My Pertamina is the best 👍,Positif,my pertamina is the best
Pengguna Google,5,2026-05-08 11:44:07,tidak bisa masuk,Positif,tidak bisa masuk
Pengguna Google,5,2026-05-08 10:47:48,verifikasi kendaraan di tolak mulu knapa ini.. dan bagai mana solusinya🙏,Positif,verifikasi kendara tolak mulu knapa bagai mana solusi
Pengguna Google,5,2026-05-08 10:17:34,mantap,Positif,mantap
Pengguna Google,2,2026-05-08 09:41:15,Menunggu verifikasi barcode bbm subsidi terlalu lama!!! padahal semua data sudah lengkap,Negatif,tunggu verifikasi barcode bbm subsidi terlalu lama padahal semua data sudah lengkap
Pengguna Google,5,2026-05-08 08:40:49,mantap,Positif,mantap
Pengguna Google,5,2026-05-08 08:22:23,bagus cepat,Positif,bagus cepat
Pengguna Google,1,2026-05-08 08:13:39,"saya sangat kecewa dengan pelayanan my pertamina , email tidak di balas , mereka cuma makan gaji buta, please pemerintah, audit ini my pertamina",Negatif,saya sangat kecewa layan my pertamina email tidak balas mereka cuma makan gaji buta please perintah audit my pertamina
Pengguna Google,1,2026-05-08 07:39:12,"bad aplication,, 2 minggu nunggu data verifikasi ditolak, selalu pwebaiki data kendaraan 😁",Negatif,bad aplication minggu nunggu data verifikasi tolak selalu pwebaiki data kendara
Pengguna Google,1,2026-05-08 06:51:09,"scan qris masih sering ""bego"" . bikin kesel mau bayar jadi lama gara2 disuruh ""coba lagi"". tolong diperbaiki. aplikasi lain, sekali scan langsung beres kok..",Negatif,scan qris masih sering bego bikin kesel mau bayar jadi lama gara suruh coba lagi tolong baik aplikasi lain sekali scan langsung beres kok
Pengguna Google,1,2026-05-08 04:38:40,Anjay aplikasi bapuk banget lemot parah. Tiap buka loading doang padahal sinyal internet full. Aplikasi terbapuk yang pernah gue pake.,Negatif,anjay aplikasi bapuk banget lot parah tiap buka loading doang padahal sinyal internet full aplikasi terbapuk pernah gue pake
Pengguna Google,1,2026-05-08 03:59:47,Aplikasinya Tidak berfungsi daftar aja ga bisaa,Negatif,aplikasi tidak fungsi daftar aja tidak bisaa
Pengguna Google,5,2026-05-08 03:49:38,mantap kali,Positif,mantap kali
Pengguna Google,5,2026-05-07 23:54:33,ok,Positif,ok
Pengguna Google,1,2026-05-07 21:18:49,"tolong buat aplikasi jangan gak jelas gini, ambil foto dari galeri gak bisa dibuat",Negatif,tolong buat aplikasi jangan gak jelas gin ambil foto galeri gak bisa buat
Pengguna Google,5,2026-05-07 21:12:13,bonus saya belum dapet,Positif,bonus saya belum dapet
Pengguna Google,5,2026-05-07 18:24:35,"Motor isi Pertamax ga perlu antri, tinggal kasih tau jumlah yg mau diisi lalu bayar pakai MyPertamina.. Mantab",Positif,motor isi pertamax tidak perlu antri tinggal kasih tau jumlah mau isi lalu bayar pakai mypertamina mantab
Pengguna Google,1,2026-05-07 18:02:15,"ngajuin sanggah negative list lama bgt responnya, pdhl admin banyak knp lama bgt bls emailnya",Negatif,ngajuin sanggah negative list lama banget responnya pdhl admin banyak knp lama banget bls email
Pengguna Google,5,2026-05-07 17:35:37,mantab,Positif,mantab
Pengguna Google,5,2026-05-07 14:59:46,sangat bagus,Positif,sangat bagus
Pengguna Google,5,2026-05-07 14:55:05,"min mau tanya gimana cara dapetin barcode lama kita karena waktu pembelian solar barcode susah terdeteksi, file yang lama hilang hp hancur kelindes truck",Positif,min mau tanya gimana cara dapetin barcode lama kita karena waktu beli solar barcode susah deteksi file lama hilang hp hancur kelindes truck
Pengguna Google,5,2026-05-07 14:49:09,sangat bagus,Positif,sangat bagus
Pengguna Google,5,2026-05-07 14:29:34,mudah vepat,Positif,mudah vepat
Pengguna Google,5,2026-05-07 14:29:33,sukak beli bensin ga pake antri😁🫶,Positif,sukak beli bensin tidak pake antri
Pengguna Google,5,2026-05-07 14:28:31,sangat membantu,Positif,sangat bantu
Pengguna Google,5,2026-05-07 13:15:42,mantap,Positif,mantap
Pengguna Google,1,2026-05-07 13:00:02,untuk verifikasi saja butuh 14 hari kerja. entah apa kerja org pertamina ini. nyusahin rakyat saja.,Negatif,verifikasi saja butuh hari kerja entah apa kerja org pertamina nyusahin rakyat saja
Pengguna Google,5,2026-05-07 11:20:40,good,Positif,good
Pengguna Google,5,2026-05-07 09:27:49,Pertamax plus,Positif,pertamax plus
Pengguna Google,5,2026-05-07 09:24:56,bagus,Positif,bagus
Pengguna Google,2,2026-05-07 08:56:26,verifikasi data terlalu lama sehingga menyusahkan dan kurang membantu,Negatif,verifikasi data terlalu lama sehingga susah kurang bantu
Pengguna Google,5,2026-05-07 08:54:46,mantap,Positif,mantap
Pengguna Google,5,2026-05-07 08:19:51,"Pertamina tolong adakan pembayaran via kaspro Maxim,,,,aplikasi gojek yg lainnya udh ada via pembayaran nya diaplikasi Pertamina terimakasih",Positif,pertamina tolong adakan bayar via kaspro maximaplikasi gojek lain udh ada via bayar nya aplikasi pertamina terimakasih
Pengguna Google,5,2026-05-07 07:58:15,sangat memuaskan,Positif,sangat muas
Pengguna Google,1,2026-05-07 06:47:47,mempersulit kali lah apk ini buat urus barcode,Negatif,sulit kali lah aplikasi buat urus barcode
Pengguna Google,5,2026-05-07 05:43:18,mantap,Positif,mantap
Pengguna Google,1,2026-05-07 05:27:59,"aplikasi tolol, giliran mo payment error mulu",Negatif,aplikasi tolol gilir mo payment error mulu
Pengguna Google,1,2026-05-07 02:43:05,Verifikasi selalu ditolak.,Negatif,verifikasi selalu tolak
Pengguna Google,1,2026-05-07 02:13:00,"kacauu buruk pengalaman saya di apk my pertamina ini, saya beli bahan bakar pake apk ini dengan metode bayar BCA one klik, transaksi di saya berhasil, tapi di mesin SPBU gagal, dan uang saya di rek sudah terpotong,, jadi saya membayar dengan QRIS sebagai ganti nya.. uang saya hilang terpotong begitu saja, SANGAT BURUK APK INI, BUKAN ORANG NYA SAJA YANG KORUPSI, APLIKASI NYA JUGATERNYATA NI MYPERTAMINA, BURUK SISTEM KORUPSI.",Negatif,kacauu buruk alam saya aplikasi my pertamina saya beli bahan bakar pake aplikasi metode bayar bca one klik transaksi saya hasil tapi mesin spbu gagal uang saya rek sudah potong jadi saya bayar qris bagai ganti nya uang saya hilang potong begitu saja sangat buruk aplikasi bukan orang nya saja korupsi aplikasi nya jugaternyata ni mypertamina buruk sistem korupsi
Pengguna Google,5,2026-05-06 23:41:36,Sangat puas,Positif,sangat puas
Pengguna Google,1,2026-05-06 23:30:23,"admin my Pertamina pasti pengguna diesel semua. nyatanya biosolar masih bisa di perbolehkan untuk kendaraan mewah. yakali Innova Fortuner Pajero ,modif heron isi biosolar tidak di blokir",Negatif,admin my pertamina pasti guna diesel semua nyata biosolar masih bisa boleh kendara mewah yakali innova fortuner pajero modif heron isi biosolar tidak blokir
Pengguna Google,1,2026-05-06 22:56:27,"ayo lahhh berbenah, pake vendor suasta yang profesonal",Negatif,ayo lahhh benah pake vendor suasta profesonal
Pengguna Google,5,2026-05-06 22:13:18,mantab karyawan nya banyak dan pompa nya juga banyak,Positif,mantab karyawan nya banyak pompa nya juga banyak
Pengguna Google,5,2026-05-06 22:12:55,baik data nya ada yang belum,Positif,baik data nya ada belum
Pengguna Google,5,2026-05-06 21:46:32,bagus,Positif,bagus
Pengguna Google,1,2026-05-06 21:41:09,"aplikasi yang kadang kadang kalau mau bayar , koneksinya lelet , tidak bisa di andalkan karna di belakang pada ngantri. bukannya cepat malah lama.",Negatif,aplikasi kadang kadang kalau mau bayar koneksi lelet tidak bisa andal karna belakang ngantri bukan cepat malah lama
Pengguna Google,5,2026-05-06 19:48:02,oke,Positif,oke
Pengguna Google,5,2026-05-06 19:21:02,mudah dalam transaksi,Positif,mudah dalam transaksi
Pengguna Google,2,2026-05-06 19:12:53,"saya sudah memenuhi semua persyaratan untuk daftar bbm subsidi kenapa selalu ditolak?,,,terus di persyaratan stnk dan foto mobil yg ada cuma opsi ambil foto gak ada opsi pilih gambar emangnya harus ambil foto mobilnya secara langsung ya?",Negatif,saya sudah penuh semua syarat daftar bbm subsidi kenapa selalu ditolakterus syarat stnk foto mobil ada cuma opsi ambil foto gak ada opsi pilih gambar emang harus ambil foto mobil cara langsung ya
Pengguna Google,1,2026-05-06 18:21:55,aplikasi lemot,Negatif,aplikasi lot
Pengguna Google,5,2026-05-06 17:17:13,Praktis & efesien 🙏,Positif,praktis efesien
Pengguna Google,5,2026-05-06 17:09:25,ok,Positif,ok
Pengguna Google,5,2026-05-06 16:41:54,top,Positif,top
Pengguna Google,1,2026-05-06 16:12:56,WOY MY PERTAMINA ! gausah nyusahin mau ngisi bbm aja ribet pake di tolak segala udah nunggu 14 hari. yang bener dong apilikasi gausah nyusahin orang !!!,Negatif,woy my pertamina gausah nyusahin mau ngisi bbm aja ribet pake tolak segala udah nunggu hari bener dong apilikasi gausah nyusahin orang
Pengguna Google,1,2026-05-06 13:05:46,"Ruwet, dari sini mesti konfirmasi di email, WA dan seterusnya bolak balik, padahal mau registrasi ulang subsidi tepat Pertalite untuk mobil Toyota kijang tahun 1988. sebulan, masih gagal2 terus untuk registrasi ulang",Negatif,ruwet sini mesti konfirmasi email wa terus bolak balik padahal mau registrasi ulang subsidi tepat pertalite mobil toyota kijang tahun bulan masih gagal terus registrasi ulang
Pengguna Google,5,2026-05-06 12:40:35,mantap,Positif,mantap
Pengguna Google,1,2026-05-06 12:29:32,"daftar barcode solar buat mobil truk, 15 hari gak jadi, nyusahin masyarakat kecil",Negatif,daftar barcode solar buat mobil truk hari gak jadi nyusahin masyarakat kecil
Pengguna Google,1,2026-05-06 10:27:52,sudah memasukkan no hp dan pin yang benar. tp keterangan salah . kita mau ganti pin. OTP gak masuk2 ke wa atau sms.. gimana ini solusinya,Negatif,sudah masuk no hp pin benar tp terang salah kita mau ganti pin otp gak masuk wa atau sms gimana solusi
Pengguna Google,5,2026-05-06 10:26:06,"Bagus,, bermanfaat, tapi sayang promo nya berkurang,",Positif,bagus manfaat tapi sayang promo nya kurang
Pengguna Google,1,2026-05-06 08:35:51,sudah berkali-kali disuruh Poto ulang dengan alasan Poto hasil editan. eh pas kita chat 135 yg kita tanya nopol kita malah dijawab nopol entah punya siapa. bum in,Negatif,sudah berkalikali suruh poto ulang alas poto hasil edit eh pas kita chat kita tanya nopol kita malah jawab nopol entah punya siapa bum in
Pengguna Google,1,2026-05-06 07:44:13,"Digitalisasi tapi verifikasi data mungkin cuma beberapa orang dari jutaan kendaraan. bisa-bisanya pajero, fortuner, innova dapat subsidi solar. harga kendaraan mereka ratusan juta, mobil pribadi pula. semoga ada indikator yang lebih jelas dan tegas, karena udah mulai bagus yang solar langsir di stop.",Negatif,digitalisasi tapi verifikasi data mungkin cuma beberapa orang juta kendara bisabisanya pajero fortuner innova dapat subsidi solar harga kendara mereka ratus juta mobil pribadi pula moga ada indikator lebih jelas tegas karena udah mulai bagus solar langsir stop
Pengguna Google,5,2026-05-06 04:53:21,cepat dan tepat,Positif,cepat tepat
Pengguna Google,5,2026-05-05 22:37:30,belom ada Qd barqode,Positif,bom ada qd barqode
Pengguna Google,5,2026-05-05 21:20:46,Berbahaya!!!,Positif,bahaya
Pengguna Google,1,2026-05-05 19:06:37,gilaaak yaaa.. daftarkan diri aja susahnya minta ampun. verifikasi di tolak mulu. heran. katanya disuruh pake barcode. giliran isi data malah dipersulit. kalo sistem lo blm bener.. gausah nyuruh masyarakat pk aplikasi ini!!! aplikasi lo aja error mulu. hidup di negara sendiri aja dipersulit mau isi bensin.,Negatif,gilaaak yaaa daftar diri aja susah minta ampun verifikasi tolak mulu heran kata suruh pake barcode gilir isi data malah sulit kalo sistem lo blm bener gausah nyuruh masyarakat pk aplikasi aplikasi lo aja error mulu hidup negara sendiri aja sulit mau isi bensin
Pengguna Google,1,2026-05-05 17:44:25,pelayanan sangat lambat. segini masyarakat beli. pelayanan nya di lama2in. sampe ngantri melngular nunggu 30 menit. ini berlaku di semua Pertamina seperti nya. tolong dong perbaiki kualitas pelayanan.kami beli bukan gratis,Negatif,layan sangat lambat gin masyarakat beli layan nya lamain sampe ngantri melngular nunggu menit laku semua pertamina seperti nya tolong dong baik kualitas pelayanankami beli bukan gratis
Pengguna Google,5,2026-05-05 14:22:15,membantu,Positif,bantu
Pengguna Google,1,2026-05-05 10:44:09,"pembuatan barcode ribet, udah nunggu verifikasi lama tau2 ditolak, kalau cuma foto kendaraan kenapa ngga dari awal aja nolaknya? tolong di benah i",Negatif,buat barcode ribet udah nunggu verifikasi lama tau tolak kalau cuma foto kendara kenapa ngga awal aja nolaknya tolong benah i
Pengguna Google,1,2026-05-05 02:03:41,ribet susah di uruskan orang malah ketipu cocok buat orang pintar,Negatif,ribet susah urus orang malah tipu cocok buat orang pintar
Pengguna Google,1,2026-05-04 21:52:07,kenapa suka error terus sih min Waktu ngambil foto KTP nya,Negatif,kenapa suka error terus sih min waktu ngambil foto ktp nya
Pengguna Google,2,2026-05-04 12:35:17,sampah.,Negatif,sampah
Pengguna Google,1,2026-05-04 12:19:12,sistem nya kurang bagus data kndaraan trdaftar di samsat malah ditolak kndaraan tidak terdaftar database ngaco,Negatif,sistem nya kurang bagus data kndaraan trdaftar samsat malah tolak kndaraan tidak daftar database ngaco
Pengguna Google,1,2026-05-04 11:52:37,ga berfungsi error terus ulangi beberapa saat lagi,Negatif,tidak fungsi error terus ulang beberapa saat lagi
Pengguna Google,5,2026-05-04 10:25:59,ok,Positif,ok
Pengguna Google,5,2026-05-04 10:15:24,"sangat membantu, terimakasih",Positif,sangat bantu terimakasih
Pengguna Google,1,2026-05-04 09:22:35,daftarkan barcode udah 10 hari tidak di verifikasi mohon bantuannya sistem di permudah lagi kasian yg urus barcode,Negatif,daftar barcode udah hari tidak verifikasi mohon bantu sistem mudah lagi kasi urus barcode
Pengguna Google,1,2026-05-04 09:05:28,saya mau daftar barcode lamanya masyaallah udah 14 hari belum jadi jadi gimana ini??? kirim email tidak di balas. kirim chat WhatsApp tidak ada CS yg balas.. parah lama sekaliii... dan mau buat PIN tidak bisa terussssssssssss .. nb: data ku lengkap dan sangat jelas !! saya kasih bintang 1 karena tidak ada kejelasan dan pelayanan sangat buruk tidak ada yg bisa di hubungi....,Negatif,saya mau daftar barcode lama masyaallah udah hari belum jadi jadi gimana kirim email tidak balas kirim chat whatsapp tidak ada cs balas parah lama sekaliii mau buat pin tidak bisa terussssssssssss nb data ku lengkap sangat jelas saya kasih bintang karena tidak ada jelas layan sangat buruk tidak ada bisa hubung
Pengguna Google,5,2026-05-04 08:35:10,bagus sekali,Positif,bagus sekali
Pengguna Google,2,2026-05-03 22:50:28,dari 21 april sampai sekarang 3 mei pukul 22.48 masih menunggu verifikasi 😩,Negatif,april sampai sekarang mei pukul masih tunggu verifikasi
Pengguna Google,5,2026-05-03 21:17:46,aplikasi bagus fan membantu terutama mencari lokasi SPBU,Positif,aplikasi bagus fan bantu utama cari lokasi spbu
Pengguna Google,5,2026-05-03 19:42:57,sangat memudahkan d saat tidak membawa uang tunai n bisa kumpul kan poin,Positif,sangat mudah d saat tidak bawa uang tunai n bisa kumpul kan poin
Pengguna Google,5,2026-05-03 19:31:28,Bagusss,Positif,bagusss
Pengguna Google,2,2026-05-03 18:14:45,Ribet aplikasinya,Negatif,ribet aplikasi
Pengguna Google,5,2026-05-03 18:10:49,ok,Positif,ok
Pengguna Google,5,2026-05-03 12:12:07,bacode terblokir,Positif,bacode blokir
Pengguna Google,1,2026-05-03 11:16:32,"aplikasi sampah, bisa"" nya foto mobil kendaraan ngga sesuai...dan bisa juga datanya mobil roda 10 tapi foto mobil nya LCGC jebol..kan tolol yang buat aplikasi ini",Negatif,aplikasi sampah bisa nya foto mobil kendara ngga sesuaidan bisa juga data mobil roda tapi foto mobil nya lcgc jebol tolol buat aplikasi
Pengguna Google,1,2026-05-03 10:34:35,"sekarang foto harus langsung, gak bisa lewat galery lagi",Negatif,sekarang foto harus langsung gak bisa lewat galery lagi
Pengguna Google,1,2026-05-03 09:42:05,"Aplikasinya ga jelas udah nunggu 14 hari malah ditolak verifikasinya,pdahal udah bagus semuanya,fotonya dan lain lain,dan kenapa harus nunggu 14 hari",Negatif,aplikasi tidak jelas udah nunggu hari malah tolak verifikasinyapdahal udah bagus semuanyafotonya lain laindan kenapa harus nunggu hari
Pengguna Google,1,2026-05-03 08:06:13,"aneh aplikasinya, data tidak ditemukan",Negatif,aneh aplikasi data tidak temu
Pengguna Google,1,2026-05-03 06:32:41,"udah beberapa kali gagal , foto udah bener STNK juga udah masih aja gagal hadehh payah",Negatif,udah beberapa kali gagal foto udah bener stnk juga udah masih aja gagal hadehh payah
Pengguna Google,1,2026-05-03 06:21:59,Ada2 aja. Bikin ribet👎👎👎. susah login...,Negatif,ada aja bikin ribet susah login
Pengguna Google,5,2026-05-03 05:38:55,"sangat membantu masyarakat yang membutuhkan subsidi yang tepat untuk kelancaran dan mengembangkan usahanya, program ini diharapkan untuk tetap dipertahankan pemerintah siapapun yang memimpin negara ini.",Positif,sangat bantu masyarakat butuh subsidi tepat lancar kembang usaha program harap tetap tahan perintah siapa pimpin negara
Pengguna Google,5,2026-05-03 04:56:59,aplikasi ini cukup membantu,Positif,aplikasi cukup bantu
Pengguna Google,1,2026-05-03 00:28:11,Untuk Area kota palopo Error terus kalau di tanya bisa bayar pake apk mypertamina atau karna saya pakai motor jadi tidak bisa?,Negatif,area kota palopo error terus kalau tanya bisa bayar pake aplikasi mypertamina atau karna saya pakai motor jadi tidak bisa
Pengguna Google,5,2026-05-02 21:08:56,mudahhh,Positif,mudahhh
Pengguna Google,1,2026-05-02 19:28:09,"sdh pernah punya qr dan di print, tp rusak pas masuk data yg sebelumnya tdk ada, bikin qr baru susah nya minta ampun, gagal verifikasi ktp keterangan bukan foto ktp langsung tp dr layar, padahal jelas2 foto bbrp kali sampai yg ad tangan nya jg ttp gagal verifikasi dgn ketrangan bukan diambil dr ktp asli, emang ga niat ngasih subsidi buat masyarakat, payah.....",Negatif,sdh pernah punya qr print tp rusak pas masuk data belum tidak ada bikin qr baru susah nya minta ampun gagal verifikasi ktp terang bukan foto ktp langsung tp dr layar padahal jelas foto bbrp kali sampai ad tangan nya jg ttp gagal verifikasi ketrangan bukan ambil dr ktp asli emang tidak niat ngasih subsidi buat masyarakat payah
Pengguna Google,1,2026-05-02 19:08:26,mau masukkan metode pembayaran selalu gagal. Email CS jg lambat respon,Negatif,mau masuk metode bayar selalu gagal email cs jg lambat respon
Pengguna Google,1,2026-05-02 18:32:17,"tolong ini kenapa setiap verifikasi data kendaraan selalu gagal yah, padahal sudah berkali"" di foto tetap gagal terus. alasannya selalu nomor kendaraan berbeda.",Negatif,tolong kenapa tiap verifikasi data kendara selalu gagal yah padahal sudah kali foto tetap gagal terus alas selalu nomor kendara beda
Pengguna Google,4,2026-05-02 16:31:20,baik,Positif,baik
Pengguna Google,2,2026-05-02 15:14:03,"daftar subsidi tepat jangan dipersulit min... mau buat barcode pertalite, sistem masuknya dipersulit....",Negatif,daftar subsidi tepat jangan sulit min mau buat barcode pertalite sistem masuk sulit
Pengguna Google,4,2026-05-02 14:53:01,min. saya salah kirim email. kode perifikasinya ke kirim email yg salah jadinya. gimna min solusinya?,Positif,min saya salah kirim email kode perifikasinya kirim email salah jadi gimna min solusi
Pengguna Google,5,2026-05-02 12:40:00,5 binrang,Positif,binrang
Pengguna Google,5,2026-05-02 12:25:22,Sukses dan jaya,Positif,sukses jaya
Pengguna Google,5,2026-05-02 09:50:56,"terima kasih.,,",Positif,terima kasih
Pengguna Google,5,2026-05-02 08:15:02,mohon aplikasi barkote nya jangan di bikin susah bikin nya sih kan mau beli BBM. bukan korupsi. in BBM.,Positif,mohon aplikasi barkote nya jangan bikin susah bikin nya sih kan mau beli bbm bukan korupsi in bbm
Pengguna Google,5,2026-05-02 08:10:05,blm dapat barcode,Positif,blm dapat barcode
Pengguna Google,4,2026-05-02 07:13:15,ok,Positif,ok
Pengguna Google,1,2026-05-01 19:58:29,"sudah registrasi, tp setelah verifikasi berhasil malah ket yg muncul ""barcode anda di blokir"". pertamina ga jelas..",Negatif,sudah registrasi tp telah verifikasi hasil malah ket muncul barcode anda blokir pertamina tidak jelas
Pengguna Google,5,2026-05-01 17:52:10,Chrome ada untuk apa saja Chrome membantu MyPertamina mewujudkan subsidi tepat. Terima kasih Chrome.,Positif,chrome ada apa saja chrome bantu mypertamina wujud subsidi tepat terima kasih chrome
Pengguna Google,5,2026-05-01 14:27:33,sangat membantu dalam pengisian BBM,Positif,sangat bantu dalam isi bbm
Pengguna Google,5,2026-05-01 13:23:26,"Alhamdulillah sudah dapat digunakan kembali🙏🏻 terima kasih, buat mbak ² operator terimakasih 🙏🏻 layanannya baik meski berulang kali telpon karena kendala jaringan dan kendala pulsa tetap sabar🙏🏻",Positif,alhamdulillah sudah dapat guna kembali terima kasih buat mbak operator terimakasih layan baik meski ulang kali telpon karena kendala jaring kendala pulsa tetap sabar
Pengguna Google,1,2026-05-01 13:09:48,aplikasi ribet,Negatif,aplikasi ribet
Pengguna Google,1,2026-05-01 12:57:46,"gak jelas, sudah lama pakai tiba2 data bisa hilang semua",Negatif,gak jelas sudah lama pakai tiba data bisa hilang semua
Pengguna Google,5,2026-05-01 12:38:19,alhamdulillah.. aplikasi dan barcode aktif kembali.,Positif,alhamdulillah aplikasi barcode aktif kembali
Pengguna Google,4,2026-05-01 12:23:42,akurat sekali,Positif,akurat sekali
Pengguna Google,5,2026-05-01 11:07:58,bagus,Positif,bagus
Pengguna Google,1,2026-05-01 10:50:23,"saya tidak bisa ubah data kendaraan biosolar,. mau diUbah udah keluar aplikasi terus,.",Negatif,saya tidak bisa ubah data kendara biosolar mau ubah udah keluar aplikasi terus
Pengguna Google,5,2026-05-01 10:40:52,bagus banget berfungsi dengan baik,Positif,bagus banget fungsi baik
Pengguna Google,5,2026-05-01 08:48:29,layanan call center 135 kenapa harus berbayar?,Positif,layan call center kenapa harus bayar
Pengguna Google,1,2026-05-01 08:31:36,penanganannya sangat lelet Konoha emang beda!,Negatif,tangan sangat lelet konoha emang beda
Pengguna Google,5,2026-05-01 00:17:39,alhamdulillah bagus,Positif,alhamdulillah bagus
Pengguna Google,5,2026-04-30 23:26:35,puas sekali,Positif,puas sekali
Pengguna Google,5,2026-04-30 23:14:28,Aplikasi yang bagus untuk kemudahan transaksi pengisian minyak pertalite dan lainnya. Bayar bisa cashless dengan E- Wallet yang terhubung dengan aplikasi. Good job,Positif,aplikasi bagus mudah transaksi isi minyak pertalite lain bayar bisa cashless e wallet hubung aplikasi good job
Pengguna Google,4,2026-04-30 19:16:11,bagus,Positif,bagus
Pengguna Google,5,2026-04-30 18:17:17,keren,Positif,keren
Pengguna Google,5,2026-04-30 17:29:43,asik,Positif,asik
Pengguna Google,1,2026-04-30 14:35:54,sistem kacau,Negatif,sistem kacau
Pengguna Google,1,2026-04-30 14:24:29,nik tdk terdaftar padahal di profil sd ad,Negatif,nik tidak daftar padahal profil sd ad
Pengguna Google,1,2026-04-30 14:21:30,Tolong tim verifikasi di tambah dong. masa verifikasi aja butuh 14 hari? saya udah 5 hari blum terverifikasi. aneh2 aja,Negatif,tolong tim verifikasi tambah dong masa verifikasi aja butuh hari saya udah hari blum verifikasi aneh aja
Pengguna Google,5,2026-04-30 09:52:46,mantapppp,Positif,mantapppp
Pengguna Google,5,2026-04-29 23:29:42,bagus,Positif,bagus
Pengguna Google,5,2026-04-29 20:52:01,ok,Positif,ok
Pengguna Google,5,2026-04-29 18:53:57,nice service,Positif,nice service
Pengguna Google,5,2026-04-29 18:20:30,semoga dipermudah dan lancar,Positif,moga mudah lancar
Pengguna Google,5,2026-04-29 15:18:49,menarik untuk di baca,Positif,tarik baca
Pengguna Google,1,2026-04-29 14:24:16,"kendaraan terblokir di subsidi tepat dengan alasan penyalah gunaan/pelanggaran,padahal kendaraan tidak pernah melakukan apapun,sedangkan penyanggahanya sangat ribet,pernah juga kendaraan sebelumnya barcode dari pertalite berubah bio disel,birokrasi semrawut aplikasih ikutan semrawut,sangat ribet",Negatif,kendara blokir subsidi tepat alas salah gunaanpelanggaranpadahal kendara tidak pernah laku apapunsedangkan penyanggahanya sangat ribetpernah juga kendara belum barcode pertalite ubah bio diselbirokrasi semrawut aplikasih ikut semrawutsangat ribet
Pengguna Google,5,2026-04-29 09:27:09,bagus kali my pertamina ini,Positif,bagus kali my pertamina
Pengguna Google,5,2026-04-29 08:23:36,kurang detail untuk pengecekan alamat SPBU jangan cuma kode SPBU yg tertera,Positif,kurang detail kece alamat spbu jangan cuma kode spbu tera
Pengguna Google,5,2026-04-29 05:24:18,joossht,Positif,joossht
Pengguna Google,5,2026-04-29 01:05:07,sangat membantu,Positif,sangat bantu
Pengguna Google,1,2026-04-29 01:04:54,"Proses verifikasi lama banget harus nunggu 14 hari kerja, sesibuk itu kah admin my pertamina 😂",Negatif,proses verifikasi lama banget harus nunggu hari kerja sibuk kah admin my pertamina
Pengguna Google,4,2026-04-28 22:38:33,ini kenapa udah 3 hari ngk jadi jadi barcodenya saya butuh lo ini buat kerjaa masa sekarang udah ngisi bensin di susahin giliran udah bikin barcode ngk jadi jadi saya butuh buat kerja ini nggk cuma buat mainan,Positif,kenapa udah hari ngk jadi jadi barcodenya saya butuh lo buat kerjaa masa sekarang udah ngisi bensin susahin gilir udah bikin barcode ngk jadi jadi saya butuh buat kerja nggk cuma buat main
Pengguna Google,1,2026-04-28 21:20:44,sulitnya minta ampun sudah semingguan perubahan barcode bio solar belum Ada kejelasan,Negatif,sulit minta ampun sudah minggu ubah barcode bio solar belum ada jelas
Pengguna Google,1,2026-04-28 20:42:31,"mempersulit orang saja,di suruh daftar trus ribet yg jelas lahh buat apk",Negatif,sulit orang sajadi suruh daftar trus ribet jelas lahh buat aplikasi
Pengguna Google,5,2026-04-28 20:25:08,this good,Positif,this good
Pengguna Google,4,2026-04-28 16:28:52,oke,Positif,oke
Pengguna Google,1,2026-04-28 15:52:26,"saya coba pakai qris tapi gak bisa2 baca qr code dari spbu,akhiirnya saya pakai gopay baru bisa.tolong perbaiki lagi buat baca qr codenya ya.mau dapat poin malah gak jadi.",Negatif,saya coba pakai qris tapi gak bisa baca qr code spbuakhiirnya saya pakai gopay baru bisatolong baik lagi buat baca qr codenya yamau dapat poin malah gak jadi
Pengguna Google,5,2026-04-28 13:41:04,ok,Positif,ok
Pengguna Google,1,2026-04-28 13:35:16,"mau update data diri untuk subsidi tepat gagal terus. barcode lama juga katanya suruh update, begitu di update malah hilang. gimana sih, tidak bisa mempermudah malah mempersulit.",Negatif,mau update data diri subsidi tepat gagal terus barcode lama juga kata suruh update begitu update malah hilang gimana sih tidak bisa mudah malah sulit
Pengguna Google,5,2026-04-28 12:39:09,Ok,Positif,ok
Pengguna Google,1,2026-04-28 11:50:16,"aplikasi BUMN paling rumit yg pernah di ciptakan, banyak yang terkendala dengan pemutahiran data akun subsidi tepat secara pribadi, karena kebutuhan ambil jalan pintas akhirnya menggunakan jasa calo (oknum2 di SPBU/Pertamina)",Negatif,aplikasi bumn paling rumit pernah cipta banyak kendala pemutahiran data akun subsidi tepat cara pribadi karena butuh ambil jalan pintas akhir guna jasa calo oknum spbupertamina
Pengguna Google,5,2026-04-28 11:01:29,mantap,Positif,mantap
Pengguna Google,1,2026-04-28 08:42:56,sekelas Pertamina . masa iya aplikasinya ga bisa di maintenance. gw mau rubah nomor TLP supaya bisa tersinkron dengan Gopay . issue begini aja lu gabisam gaji lu pada gede2 loh. *Bekerjalah seperti lu bekerja untuk TUHAN* KALO MAINSET KERJA LU PADA KAYA GINI DIJAMIN KERJA LU PASTI BENAR DAN SERIUS,Negatif,kelas pertamina masa iya aplikasi tidak bisa maintenance gw mau rubah nomor tlp supaya bisa sinkron gopay issue begini aja lu gabisam gaji lu gede loh kerja seperti lu kerja tuhan kalo mainset kerja lu kaya gin jamin kerja lu pasti benar serius
Pengguna Google,1,2026-04-28 07:22:31,Belum tersedia pergantian nomor telepon di aplikasi. Heran dengan aplikasi plat merah (BUMN).,Negatif,belum sedia ganti nomor telepon aplikasi heran aplikasi plat merah bumn
Pengguna Google,1,2026-04-28 07:06:07,"proses verifikasi kok sampe 14 hari , setengah bulan? lambat banget kinerja nya. la kayak gini umkm gak bisa kerja gara2 barcode suruh upgrade trs nunggu nya setengah bulan.",Negatif,proses verifikasi kok sampe hari tengah bulan lambat banget kerja nya la kayak gin umkm gak bisa kerja gara barcode suruh upgrade trs nunggu nya tengah bulan
Pengguna Google,1,2026-04-28 06:26:43,"berkali² daftar tidak bisa,aplikasi tidak berfungsi,aplikasi sampah. nyesel download",Negatif,kali daftar tidak bisaaplikasi tidak berfungsiaplikasi sampah nyesel download
Pengguna Google,5,2026-04-28 06:18:37,baik,Positif,baik
Pengguna Google,1,2026-04-27 23:55:25,apk ga jelas Ingin melakukan pembayaran selalu gagal *sedang dalam gangguan* udah +- 3-4 hari begini terus lapor cs sarannya juga ga ada yang berfungsi tetep aja seperti itu dalam gangguan signal / saldo padahal signal bagus saldo cukup,Negatif,aplikasi tidak jelas ingin laku bayar selalu gagal sedang dalam ganggu udah hari begini terus lapor cs saran juga tidak ada fungsi tetep aja seperti dalam ganggu signal saldo padahal signal bagus saldo cukup
Pengguna Google,1,2026-04-27 19:51:34,"tahun 2025 saya nggak bisa proses daftar,, dri mypertamina solusinya pun itu2 aja,, tahun 2026 saya mau coba daftar lupa password trus mau reset ehh gagal mulu,,serius nanya kalian bkin aplikasi mypertamina mempermudah kami atau nggak sih,, sistem kalian tuh kenapaaa, sdh upgrde aplikasi kirain yaa bakal lancar jaya,, ternyata masih sama aja",Negatif,tahun saya nggak bisa proses daftar dri mypertamina solusi pun aja tahun saya mau coba daftar lupa password trus mau reset ehh gagal muluserius nanya kalian bkin aplikasi mypertamina mudah kami atau nggak sih sistem kalian tuh kenapaaa sdh upgrde aplikasi kirain yaa bakal lancar jaya nyata masih sama aja
Pengguna Google,5,2026-04-27 19:38:25,"keren,, pakai my Pertamina transaksi jadi mudah tanpa ribet",Positif,keren pakai my pertamina transaksi jadi mudah tanpa ribet
Pengguna Google,1,2026-04-27 19:21:03,"Parah aplikasinyaa, bikin susah rakyat",Negatif,parah aplikasinyaa bikin susah rakyat
Pengguna Google,4,2026-04-27 17:08:22,Kadang error gak bisa ambil Barqot,Positif,kadang error gak bisa ambil barqot
Pengguna Google,1,2026-04-27 16:50:25,"senin 27 april 2026 16:45 ngirim notif satu aja ampe spam 3x notifnya itu2 aja, ganggu orang aktifitas tau ga",Negatif,senin april ngirim notif satu aja ampe spam x notifnya aja ganggu orang aktifitas tau tidak
Pengguna Google,5,2026-04-27 16:08:14,mantap,Positif,mantap
Pengguna Google,1,2026-04-27 16:07:30,sebelum kasih bintang 5 karna nyaman ehh makin kesini makin ruet barcode data hilang daftar data kaga bisa bisa,Negatif,belum kasih bintang karna nyaman ehh makin kesini makin ruet barcode data hilang daftar data kaga bisa bisa
Pengguna Google,1,2026-04-27 14:27:04,Aplikasi ribet,Negatif,aplikasi ribet
Pengguna Google,1,2026-04-27 12:53:00,kenapa ya aplikasi dari pemerintah selalu susah diakses...niat nggak sih bikinnnya ini..masa saya daftar berkali kali gak bisa padahal NIK sam password sdh benar..kok bisa bisa nya gak bisa diakses..payah payahhh,Negatif,kenapa ya aplikasi perintah selalu susah diaksesniat nggak sih bikinnnya inimasa saya daftar kali kali gak bisa padahal nik sam password sdh benarkok bisa bisa nya gak bisa diaksespayah payahhh
Pengguna Google,1,2026-04-27 12:41:37,"mau menhubungkan email ke aplikasi tdk dapat balasn kode otp. sudah coba hubungi lwt email, DM IG, WA, sampai video call tp hasilnya nihil. Tidak ada balasan dan kejelasan",Negatif,mau menhubungkan email aplikasi tidak dapat balasn kode otp sudah coba hubung lwt email dm ig wa sampai video call tp hasil nihil tidak ada balas jelas
Pengguna Google,5,2026-04-27 11:41:31,min kenapa mau verifikasi email gak masuk masuk OTP nya. ?,Positif,min kenapa mau verifikasi email gak masuk masuk otp nya
Pengguna Google,1,2026-04-27 10:53:06,"apk gajelas, tolong gaji karyawannya di kurangi masa udah masukin Gmail tp codenya ga masuk masuk,udah daftar nik tetep ga ke konfirmasi TOLONG ADMINNYA INI DI BENARKAN.RESPON APKNYA DI PERCEPAT, emang bener bener kont yg buat kebijakan harus pake barcode ni",Negatif,aplikasi gajelas tolong gaji karyawannya kurang masa udah masukin gmail tp codenya tidak masuk masukudah daftar nik tetep tidak konfirmasi tolong adminnya benarkanrespon apknya cepat emang bener bener kont buat bijak harus pake barcode ni
Pengguna Google,1,2026-04-27 10:17:28,"mohon diperbaiki aplikasinya, karna diminta untuk menautkan email tp kode Verifikasi OTP tidak mau masuk email",Negatif,mohon baik aplikasi karna minta taut email tp kode verifikasi otp tidak mau masuk email
Pengguna Google,1,2026-04-27 07:18:20,"Gagal terus kirim data, OTP tidak terkirim ke email. udah lengkapi data, gagal terkirim terus. aplikasi gak jelas",Negatif,gagal terus kirim data otp tidak kirim email udah lengkap data gagal kirim terus aplikasi gak jelas
Pengguna Google,5,2026-04-27 06:51:48,"Mohon Untuk Data Kendaraan yang sudah terdaftar Agar di jaga data tersebut jangan sampai daftar ulang kembali, Dan dipermudah untuk Menyambungkan Nomor Telp Akun MyPertamina dengan E-Wallet Gopay dengan nomor Berbeda seharusnya dapat di sambungkan agar transaksi menjadi mudah",Positif,mohon data kendara sudah daftar agar jaga data sebut jangan sampai daftar ulang kembali mudah sambung nomor telp akun mypertamina ewallet gopay nomor beda harus dapat sambung agar transaksi jadi mudah
Pengguna Google,5,2026-04-27 05:52:57,top markotop,Positif,top markotop
Pengguna Google,2,2026-04-26 22:44:58,ga tau ya kenapa sekarang bbm pertamina dex naik nya hampir 10000 jadi 23 000an per liter minimal diturunin kek harganya gimana caranya orang yang pake innova fortuner isinya solar bukan dex apalagi kalo semakin ga berkualitas bensinya ga rusak kah itu mesin.,Negatif,tidak tau ya kenapa sekarang bbm pertamina dex naik nya hampir jadi an per liter minimal diturunin kek harga gimana cara orang pake innova fortuner isi solar bukan dex apalagi kalo makin tidak kualitas bensinya tidak rusak kah mesin
Pengguna Google,5,2026-04-26 18:23:41,oh susah banget,Positif,oh susah banget
Pengguna Google,1,2026-04-26 16:38:27,"sangat2 jelek sekali harus nunggu lama 14 hari kerja,,, ya ttep jalan pakai pertamax mypertamina aplikasi buang2 waktu",Negatif,sangat jelek sekali harus nunggu lama hari kerja ya ttep jalan pakai pertamax mypertamina aplikasi buang waktu
Pengguna Google,5,2026-04-26 16:17:02,mudah untuk melihat riwayat pembelian BBM,Positif,mudah lihat riwayat beli bbm
Pengguna Google,1,2026-04-26 15:46:26,lemot ga guna,Negatif,lot tidak guna
Pengguna Google,5,2026-04-26 15:36:44,barkot lama telah selesai,Positif,barkot lama telah selesai
Pengguna Google,5,2026-04-26 14:59:30,"kenapa barcode isi BBM saya di blokir, apa salah saya..",Positif,kenapa barcode isi bbm saya blokir apa salah saya
Pengguna Google,5,2026-04-26 14:42:43,Selalu update informasi umum.,Positif,selalu update informasi umum
Pengguna Google,1,2026-04-26 13:09:23,"apk jlek minta kode otp email mo dftar barcode aj lma gjelas ni apk, tiap hari gw coba dri senin smpe minggu ini minta krim otp hmpir stgah jam krim ulang kode, gmsuk"" kode otp nya heran",Negatif,aplikasi jlek minta kode otp email mo dftar barcode aj lma gjelas ni aplikasi tiap hari gw coba dri senin smpe minggu minta krim otp hmpir stgah jam krim ulang kode gmsuk kode otp nya heran
Pengguna Google,1,2026-04-26 11:09:02,Ribet buat daftar my pertamina!!,Negatif,ribet buat daftar my pertamina
Pengguna Google,1,2026-04-26 11:05:53,aplikasi nya jelek. banyak eror sama seperti yg buat aplikasi ini EROR orgnya,Negatif,aplikasi nya jelek banyak eror sama seperti buat aplikasi eror orgnya
Pengguna Google,1,2026-04-26 10:54:47,low respon,Negatif,low respon
Pengguna Google,5,2026-04-26 09:56:10,sangat susah sekali dapat barcode padahal mobil tahun lama,Positif,sangat susah sekali dapat barcode padahal mobil tahun lama
Pengguna Google,1,2026-04-26 08:53:29,woe ini aplikasi yang bener la. masak mau buat barcode g ad otp masuk ke email buat verifikasi gimana lanjutnya. gak jelas bener . tolong la itu otp dikirim di email gimana mau lanjut klo g dikirim,Negatif,woe aplikasi bener la masak mau buat barcode g ad otp masuk email buat verifikasi gimana lanjut gak jelas bener tolong la otp kirim email gimana mau lanjut klo g kirim
Pengguna Google,1,2026-04-26 08:36:38,saya mau buat aku tapi ngak ada cuman ada login sama registrasi,Negatif,saya mau buat aku tapi ngak ada cuman ada login sama registrasi
Pengguna Google,4,2026-04-26 08:35:57,untuk verif email kodenya kok gak masuk masuk ya min,Positif,verif email kode kok gak masuk masuk ya min
Pengguna Google,1,2026-04-26 08:27:26,"barcode tiba2 tidak aktif, daftar ulang gagal terus alasan foto tidak sesuai",Negatif,barcode tiba tidak aktif daftar ulang gagal terus alas foto tidak sesuai
Pengguna Google,1,2026-04-26 08:21:02,"Dari pihak SPBU bilang mypertamina cuma bisa sore, trus nggak bisa hubungkan ke pembayarn debit.",Negatif,pihak spbu bilang mypertamina cuma bisa sore trus nggak bisa hubung pembayarn debit
Pengguna Google,1,2026-04-26 07:30:36,"Byr pake ovo tp gagal terus, ga jadi isi bensin, pas buka ovo, malah sudah terpotong, sedangkan di my pertamina tdk ada transaksi hari itu.",Negatif,byr pake ovo tp gagal terus tidak jadi isi bensin pas buka ovo malah sudah potong sedang my pertamina tidak ada transaksi hari
Pengguna Google,5,2026-04-26 06:12:38,mantap,Positif,mantap
Pengguna Google,2,2026-04-26 04:49:58,varifikasinya sekarang lama,Negatif,varifikasinya sekarang lama
Pengguna Google,1,2026-04-26 00:16:33,"sulit mendapatkan otp nyaa, lola bgt",Negatif,sulit dapat otp nyaa lola banget
Pengguna Google,1,2026-04-25 21:55:35,"apliaksi nya gak bisa di pakai, kode OTP lewat email gak di kirim kirim, beberapa hari sudah di coba tetap aja gak di kirim kirim,",Negatif,apliaksi nya gak bisa pakai kode otp lewat email gak kirim kirim beberapa hari sudah coba tetap aja gak kirim kirim
Pengguna Google,1,2026-04-25 20:23:30,"niat nggk sih bikin akun? udah ganti pun baru, login pake pun baru malah nggk bisa login juga. jangan sok canggih, kalo SDM belum mampu untuk canggih. tamplate jawabin komplain ""silahkan hubungin call center 135"". saat yg lain udah Terima komplain pake whatsapp biar cepat, kalian lebih memilih berbayar.",Negatif,niat nggk sih bikin akun udah ganti pun baru login pake pun baru malah nggk bisa login juga jangan sok canggih kalo sdm belum mampu canggih tamplate jawabin komplain silah hubungin call center saat lain udah terima komplain pake whatsapp biar cepat kalian lebih pilih bayar
Pengguna Google,1,2026-04-25 18:34:14,APP SAMPAH salam dari hilir...aplikasi tidak berbobot sama sekali tidak befungsi di indonesia timur buat akun gk bisa..buat verifikasi kendaran tidak bisa..buat verifikasi subsidi tepat gak bisa..SAMPAH..,Negatif,app sampah salam hiliraplikasi tidak bobot sama sekali tidak befungsi indonesia timur buat akun tidak bisabuat verifikasi kendaran tidak bisabuat verifikasi subsidi tepat gak bisasampah
Pengguna Google,1,2026-04-25 18:22:09,nggak guna selalu minta kode otp pas mau verifikasi email tetapi kode otp nya tidak masuk akun email jadi mempersulit untuk verifikasi,Negatif,nggak guna selalu minta kode otp pas mau verifikasi email tetapi kode otp nya tidak masuk akun email jadi sulit verifikasi
Pengguna Google,1,2026-04-25 18:18:32,ini gimana setelah buat barcode lagi malah menunggu verifikasi lama sekali!!!!!!!!,Negatif,gimana telah buat barcode lagi malah tunggu verifikasi lama sekali
Pengguna Google,1,2026-04-25 18:04:49,"mau masuk aj gk bisa,",Negatif,mau masuk aj tidak bisa
Pengguna Google,1,2026-04-25 16:47:13,kode verifikasi gmail tak masuk masuk,Negatif,kode verifikasi gmail tak masuk masuk
Pengguna Google,1,2026-04-25 16:45:57,bisa tidak kirim kode OTP ke email lebih cepat?? udah lebih 10 kali kode OTP tidak dikirim ke email,Negatif,bisa tidak kirim kode otp email lebih cepat udah lebih kali kode otp tidak kirim email
Pengguna Google,5,2026-04-25 13:42:07,good,Positif,good
Pengguna Google,1,2026-04-25 13:39:15,KODE OTP EMAIL TIDAK ADA DI SPAM ATAU PUN KOTAK MASUK. SUDAH BANYAK KOMPLAIN DI BULAN APRIL INI TENTANG PRIHAL YANG SAMA. BENERIN LAH ASTAGAAAA,Negatif,kode otp email tidak ada spam atau pun kotak masuk sudah banyak komplain bulan april tentang prihal sama benerin lah astagaaaa
Pengguna Google,1,2026-04-25 13:16:18,apk gk guna,Negatif,aplikasi tidak guna
Pengguna Google,1,2026-04-25 12:38:54,"mau verifikasi email aja susah nya minta ampun, kirim ulang otp muluk, tapi gak ada otp yg masuk di email",Negatif,mau verifikasi email aja susah nya minta ampun kirim ulang otp muluk tapi gak ada otp masuk email
Pengguna Google,1,2026-04-25 12:32:36,"sudah instal aplikasi tapi pas minta verifikasi kode malah ga ada kode yang masuk ke gmail, sekalinya ada masuk udah hampir 6 jam, pas kode di pakai malah keluar tulisan kode kadaluwarsa , kalo ga niat bikin aplikasi jangan persulit seperti ini",Negatif,sudah instal aplikasi tapi pas minta verifikasi kode malah tidak ada kode masuk gmail sekali ada masuk udah hampir jam pas kode pakai malah keluar tulis kode kadaluwarsa kalo tidak niat bikin aplikasi jangan sulit seperti
Pengguna Google,1,2026-04-25 12:27:55,"ngirim verifikasi email aja lama banget,,, aplikasi bukannya membantu malah bikin pusing. daftar barcode bersubsidi aja ribet banget...",Negatif,ngirim verifikasi email aja lama banget aplikasi bukan bantu malah bikin pusing daftar barcode subsidi aja ribet banget
Pengguna Google,1,2026-04-25 12:11:30,system nya busuk,Negatif,system nya busuk
Pengguna Google,1,2026-04-25 12:04:08,apk gak berguna saya mau daftar untuk bisa menggunakan bbm subsidi tali gak bisa login karna tidak bisa masuk ke alamat email saya,Negatif,aplikasi gak guna saya mau daftar bisa guna bbm subsidi tali gak bisa login karna tidak bisa masuk alamat email saya
Pengguna Google,5,2026-04-25 11:36:47,suka,Positif,suka
Pengguna Google,1,2026-04-25 11:34:25,"aplikasi bangke, OTP gk ke krm krm di email ko cak kkkk",Negatif,aplikasi bangke otp tidak krm krm email ko cak kkkk
Pengguna Google,1,2026-04-25 10:43:51,verifikasi email susah udah dicoba bukan 1x aja tapi pakai email lain nya juga tetap susah,Negatif,verifikasi email susah udah coba bukan x aja tapi pakai email lain nya juga tetap susah
Pengguna Google,1,2026-04-25 10:35:00,buset niat kagak sih ni aplikasi di awal aja lancar daftar pas kedua buset lama bener sampai harus ganti hp ganti nmr sama aja jawabannya harus 1x24 jam telepon call center nya juga ga ada yg bener jawaban dan pelayanannya,Negatif,buset niat kagak sih ni aplikasi awal aja lancar daftar pas dua buset lama bener sampai harus ganti hp ganti nmr sama aja jawab harus x jam telepon call center nya juga tidak ada bener jawab layan
Pengguna Google,1,2026-04-25 09:41:42,Sekarang tiap pagi dibawah jam 10.00 selalu eror tidak bisa dipakai. percuma kasih poin dobel. pakai Qris gopay malah bisa,Negatif,sekarang tiap pagi bawah jam selalu eror tidak bisa pakai percuma kasih poin dobel pakai qris gopay malah bisa
Pengguna Google,2,2026-04-25 08:05:09,ngirim kode otp ke email knp gk pernah bisa.. ?? payah,Negatif,ngirim kode otp email knp tidak pernah bisa payah
Pengguna Google,1,2026-04-25 07:16:59,"1 saja karena tidak seperti apk yg lama, mudah, kalau yang sekarang jangankan saya, petugas spbu pun menyerah membantu mendaftarkannya, selalu salah katanya dan ditolak terus jadi apk yg baru ini tak ada guna",Negatif,saja karena tidak seperti aplikasi lama mudah kalau sekarang jangan saya tugas spbu pun serah bantu daftar selalu salah kata tolak terus jadi aplikasi baru tak ada guna
Pengguna Google,1,2026-04-25 06:48:54,susah sekali pakai banget cara daftar BBM subsidi.....,Negatif,susah sekali pakai banget cara daftar bbm subsidi
Pengguna Google,1,2026-04-25 05:24:21,otp imel gak masuk - masuk,Negatif,otp imel gak masuk masuk
Pengguna Google,1,2026-04-25 03:50:31,"mau daftar email malah gak dapat kode otp ke email,di ulang tetap gak ada kode otp masuk ke email.. parah",Negatif,mau daftar email malah gak dapat kode otp emaildi ulang tetap gak ada kode otp masuk email parah
Pengguna Google,4,2026-04-25 00:48:36,"kenapa ya 1 barcode bisa ada 2 mobil. ketika ahendak mengisi pertalite, ternyata barcode saya sudah ada yg memakai.. pdhl saya sama sekali blm isi atau blm pakai barcode hari itu.",Positif,kenapa ya barcode bisa ada mobil ketika ahendak isi pertalite nyata barcode saya sudah ada pakai pdhl saya sama sekali blm isi atau blm pakai barcode hari
Pengguna Google,2,2026-04-25 00:40:52,barkode saya malah eror kadi gk bisa di pake min,Negatif,barkode saya malah eror kadi tidak bisa pake min
Pengguna Google,5,2026-04-25 00:16:06,sangat memudahkan kita dalam transaksi,Positif,sangat mudah kita dalam transaksi
Pengguna Google,5,2026-04-24 23:04:41,bagus,Positif,bagus
Pengguna Google,1,2026-04-24 22:42:35,"VERIFIKASI , OTP DIKASI WAKTU 30 DETIK , DIKIRIMKAN 2 MINGGU !!!! SCAM !!!!!!!!",Negatif,verifikasi otp kasi waktu detik kirim minggu scam
Pengguna Google,4,2026-04-24 22:05:04,"hallo admin apa bisa transaksi pengisian di beri keterangan pengisian bahan bakarnya di spbu mana, bnyak transaksi yang terdeteksi di aplikasi sya. karna jatah saya berkurang tanpa sya pakai.",Positif,hallo admin apa bisa transaksi isi beri terang isi bahan bakar spbu mana bnyak transaksi deteksi aplikasi sya karna jatah saya kurang tanpa sya pakai
Pengguna Google,5,2026-04-24 20:46:18,Terimakasih sangat membantu,Positif,terimakasih sangat bantu
Pengguna Google,5,2026-04-24 20:08:36,"kenapa virfiksi nya lama, sudah dua hari Masih menunggu",Positif,kenapa virfiksi nya lama sudah dua hari masih tunggu
Pengguna Google,1,2026-04-24 18:58:43,buat daftar susah buat bayar susah mau ambil barcode susah,Negatif,buat daftar susah buat bayar susah mau ambil barcode susah
Pengguna Google,1,2026-04-24 17:07:28,buat barcode di persulit,Negatif,buat barcode sulit
Pengguna Google,1,2026-04-24 16:56:01,"tolong dong di bantu aplikasnya di bikin yg bener kalo memang barcode kita di haruskan update .. ini udah hampir 2 mgg semenjak barcode tidak bs di gunakan di SPBU yg katanya harus update ga bisa di gunakan aplikasinya.. otp email ga masuk2, pake data lama katanya ""tidak ditemukan"" jadi harus gimana ?? ko jadi di persulit",Negatif,tolong dong bantu aplikasnya bikin bener kalo memang barcode kita harus update udah hampir mgg semenjak barcode tidak bs guna spbu kata harus update tidak bisa guna aplikasi otp email tidak masuk pake data lama kata tidak temu jadi harus gimana ko jadi sulit
Pengguna Google,5,2026-04-24 16:45:16,good,Positif,good
Pengguna Google,1,2026-04-24 16:36:39,proses verifikasi sangat lama,Negatif,proses verifikasi sangat lama
Pengguna Google,5,2026-04-24 15:58:22,tingkatkan kualitas dan layanan,Positif,tingkat kualitas layan
Pengguna Google,1,2026-04-24 15:57:04,"aplikasi ga jelas, di suruh verifikasi udah kirim dan berhasil, tapi pas kembali beranda, verifikasi data diri lagi. suruh verifikasi email, kirim kode otp tapi gada kode otp yg masuk",Negatif,aplikasi tidak jelas suruh verifikasi udah kirim hasil tapi pas kembali beranda verifikasi data diri lagi suruh verifikasi email kirim kode otp tapi gada kode otp masuk
Pengguna Google,1,2026-04-24 15:46:35,"masukin OTP email.kenapa ga masuk2,,,,heran seheran2nya,,kenapa setiap aplikasi pemerintahan ko ada aja masalahnya....pada becus bikin aplikasi ga sih pemerintah.",Negatif,masukin otp emailkenapa tidak masukheran seherannyakenapa tiap aplikasi perintah ko ada aja masalahnyapada becus bikin aplikasi tidak sih perintah
Pengguna Google,1,2026-04-24 15:43:38,Pemakaian aplikasi yang sangat ribet dan menyusahkan rakyat. Aplikasi modus para koruptor.,Negatif,pakai aplikasi sangat ribet susah rakyat aplikasi modus para koruptor
Pengguna Google,1,2026-04-24 14:25:05,aplikasi gak jelas gak bisa verifikasi email,Negatif,aplikasi gak jelas gak bisa verifikasi email
Pengguna Google,1,2026-04-24 13:31:07,"nunggu verifikasi udah 4hari sampe sekarang,belum ada kepastian 👎🏻",Negatif,nunggu verifikasi udah hari sampe sekarangbelum ada pasti
Pengguna Google,1,2026-04-24 13:26:46,"point udah banyak mau nukerin voucher yg berguna swperti gopay, ovo, unipin ngak pernah ada. stock selalu abis. ANEH",Negatif,point udah banyak mau nukerin voucher guna swperti gopay ovo unipin ngak pernah ada stock selalu abis aneh
Pengguna Google,1,2026-04-24 12:41:03,daftar subsidi tepat susah sekali tidak ada konfirmasi masuk ke email. daftar ke pertamina langsung juga pakai email tapi tidak ada konfirmasi ke email sama sekali alasannya aplikasi sedang eror,Negatif,daftar subsidi tepat susah sekali tidak ada konfirmasi masuk email daftar pertamina langsung juga pakai email tapi tidak ada konfirmasi email sama sekali alas aplikasi sedang eror
Pengguna Google,4,2026-04-24 12:38:42,OTP lambat skali susah login...,Positif,otp lambat skali susah login
Pengguna Google,1,2026-04-24 11:29:21,mentang2 non subsidi naik barkode dibikin kadaluwarsa. giliran mau daftar susahnya minta ampun. maunya apasih pertamina,Negatif,mentang non subsidi naik barkode bikin kadaluwarsa gilir mau daftar susah minta ampun mau apasih pertamina
Pengguna Google,1,2026-04-24 11:18:00,"Bukan malah mempermudah malah mempersulit warga,semua data udah sama semua,trus kalok mobilnya belinya bekas terus nama pemilik beda sama sebelumnya gimana,gagal terus jadinya,tolong dong di mengerti bukan malah mempersulit gini,makin lama kok makin sulit dah toololl",Negatif,bukan malah mudah malah sulit wargasemua data udah sama semuatrus kalok mobil beli bekas terus nama milik beda sama belum gimanagagal terus jadinyatolong dong erti bukan malah sulit ginimakin lama kok makin sulit dah toololl
Pengguna Google,1,2026-04-24 11:11:54,"susah untuk mendapatkan barcode,bolak balik foto katanya kurang jelas terus fotonya,bikin barcode susahnya minta ampun,kebanyakan karyawan tapi lelet",Negatif,susah dapat barcodebolak balik foto kata kurang jelas terus fotonyabikin barcode susah minta ampunkebanyakan karyawan tapi lelet
Pengguna Google,1,2026-04-24 09:47:52,aplikasi meyusahkan dah gitu aja,Negatif,aplikasi meyusahkan dah gitu aja
Pengguna Google,5,2026-04-24 09:39:01,proses cepat,Positif,proses cepat
Pengguna Google,2,2026-04-24 09:18:48,"aplikasi sering error (tidak bisa dibuka) ketika akan melakukan pembayaran, padahal sinyal bagus",Negatif,aplikasi sering error tidak bisa buka ketika akan laku bayar padahal sinyal bagus
Pengguna Google,1,2026-04-24 08:53:18,"aplikasi macam apa ini peraturan bikin nyusahin,sudah bolak balik daftar ga bisa,sudah Dateng ke pom minta bantuan juga ga bisa",Negatif,aplikasi macam apa atur bikin nyusahinsudah bolak balik daftar tidak bisasudah dateng pom minta bantu juga tidak bisa
Pengguna Google,1,2026-04-24 08:43:57,"ribet, kirim kode otp aja berkali2 nggak masuk. udh jelas2 alamat email aktif d bilng nggak aktf. sistemnya belum mampu nih. udh perbarui pswrd, ekh begitu lgsung mau login pswrd slh. coba LG tiba2 nik tidak terdaftar. nggak jelas",Negatif,ribet kirim kode otp aja kali nggak masuk udh jelas alamat email aktif d bilng nggak aktf sistem belum mampu nih udh baru pswrd ekh begitu lgsung mau login pswrd slh coba lg tiba nik tidak daftar nggak jelas
Pengguna Google,5,2026-04-24 06:47:34,"saya coba mengaitkan akun dengan email kok gak bisa"" ya.. tidak ada kode yg diterima di emailnya.",Positif,saya coba kait akun email kok gak bisa ya tidak ada kode terima email
Pengguna Google,5,2026-04-24 06:43:40,mempermudah mengisi bbm,Positif,mudah isi bbm
Pengguna Google,2,2026-04-24 05:44:01,ssh bgt mau cb daftar subsidi bbm..data sdh sesuai msh saja ditolak..,Negatif,ssh banget mau cb daftar subsidi bbmdata sdh sesuai msh saja tolak
Pengguna Google,5,2026-04-24 03:47:16,Siiip,Positif,siiip
Pengguna Google,2,2026-04-24 03:36:50,menunggu verifikasi terlalu lama,Negatif,tunggu verifikasi terlalu lama
Pengguna Google,5,2026-04-23 23:09:39,ok,Positif,ok
Pengguna Google,1,2026-04-23 22:37:59,Aplikasinya gak bisa pembayaran lewat mypertamina . masih banyak SPBU yang gak ada mypertamina,Negatif,aplikasi gak bisa bayar lewat mypertamina masih banyak spbu gak ada mypertamina
Pengguna Google,1,2026-04-23 22:27:22,"aplikasi sampah,masa verifikasi email aja gk nongol nongol kode otp nya",Negatif,aplikasi sampahmasa verifikasi email aja tidak nongol nongol kode otp nya
Pengguna Google,1,2026-04-23 20:48:41,"aplikasi nyusahin,, ditunggu-tunggu kode OTP nya di email ngk masuk-masuk... lama nyusahin jg pemerintah,, mendingan kek dulu ajaaa",Negatif,aplikasi nyusahin ditunggutunggu kode otp nya email ngk masukmasuk lama nyusahin jg perintah mending kek dulu ajaaa
Pengguna Google,1,2026-04-23 20:33:42,buruk,Negatif,buruk
Pengguna Google,1,2026-04-23 20:27:05,sering error. naik harga dadakan,Negatif,sering error naik harga dada
Pengguna Google,1,2026-04-23 20:03:21,lemot,Negatif,lot
Pengguna Google,5,2026-04-23 19:51:02,permudah dalam memperbarui data,Positif,mudah dalam baru data
Pengguna Google,1,2026-04-23 19:41:30,"Aplikasi tdk guna, tdk bisa melakukan konfirmasi email untuk kode OTP",Negatif,aplikasi tidak guna tidak bisa laku konfirmasi email kode otp
Pengguna Google,5,2026-04-23 19:36:09,"lama sekali mendapatkan balasan emailnya nya, padahal data lengkap",Positif,lama sekali dapat balas email nya padahal data lengkap
Pengguna Google,1,2026-04-23 18:45:34,verifikasi barkot lama cs di telpon sibuk semua habis pulsa belum berbicara sama oprator,Negatif,verifikasi barkot lama cs telpon sibuk semua habis pulsa belum bicara sama oprator
Pengguna Google,1,2026-04-23 17:06:41,"nunggu verifikasi email aja nggak sampe""",Negatif,nunggu verifikasi email aja nggak sampe
Pengguna Google,2,2026-04-23 15:44:29,otp email gak masuk masuk,Negatif,otp email gak masuk masuk
Pengguna Google,1,2026-04-23 15:39:11,pelayanan kacau. CS cuma sekali jawab habis itu tidak balas,Negatif,layan kacau cs cuma sekali jawab habis tidak balas
Pengguna Google,1,2026-04-23 13:35:07,gak bisa di sambung ke gmail,Negatif,gak bisa sambung gmail
Pengguna Google,5,2026-04-23 13:28:31,"tolong di permudah lagi, semua ya udah bagus.",Positif,tolong mudah lagi semua ya udah bagus
Pengguna Google,1,2026-04-23 12:40:19,"verifikasi emailnya ga bisa, kode OTP ga masuk, udah coba ganti email lain juga ga bisa, aplikasi payah",Negatif,verifikasi email tidak bisa kode otp tidak masuk udah coba ganti email lain juga tidak bisa aplikasi payah
Pengguna Google,1,2026-04-23 12:22:21,"ini mau dapat Gmail vertifikasi knapa gak masuk terus sih,Gmail yg lain pada masuk",Negatif,mau dapat gmail vertifikasi knapa gak masuk terus sihgmail lain masuk
Pengguna Google,1,2026-04-23 09:54:53,apk kureng mendukung dan saat saya minta struk kosong mulu SPBU Pertamina uka Jambi tepatnya.,Negatif,aplikasi reng dukung saat saya minta struk kosong mulu spbu pertamina uka jambi tepat
Pengguna Google,5,2026-04-23 08:55:51,mantap,Positif,mantap
Pengguna Google,5,2026-04-23 08:45:08,seru,Positif,seru
Pengguna Google,5,2026-04-23 08:41:29,ini kenapa min kok menunggu verifikasi sudah 7 hari ndk ada kejelasan dari pihak terkait..bahkan tidak ada fitur untuk memperbarui data atau verifikasi jika ada kesalahan saat mendaftar ulang karena data dihapus dari Pihak pertamina,Positif,kenapa min kok tunggu verifikasi sudah hari ndk ada jelas pihak terkaitbahkan tidak ada fitur baru data atau verifikasi jika ada salah saat daftar ulang karena data hapus pihak pertamina
Pengguna Google,1,2026-04-23 08:40:36,baru buka udah dibikin ribet negeri mimpi oh negeri mimpi,Negatif,baru buka udah bikin ribet negeri mimpi oh negeri mimpi
Pengguna Google,2,2026-04-23 08:36:59,sistem di pertamina nya sering error,Negatif,sistem pertamina nya sering error
Pengguna Google,1,2026-04-23 06:55:03,redeem poin merchandise tidak dikirim,Negatif,redeem poin merchandise tidak kirim
Pengguna Google,1,2026-04-23 01:56:56,ribet,Negatif,ribet
Pengguna Google,1,2026-04-23 01:00:52,knp akun sy tidak bisa di hubungkan dgn gopay sy ?,Negatif,knp akun sy tidak bisa hubung gopay sy
Pengguna Google,1,2026-04-22 23:15:47,kok susah bangat sih cara masuk nya harus nya di permudah dnk,Negatif,kok susah bangat sih cara masuk nya harus nya mudah dnk
Pengguna Google,5,2026-04-22 23:13:14,aplikasinya membantu sekali dalam pengisian bbm,Positif,aplikasi bantu sekali dalam isi bbm
Pengguna Google,1,2026-04-22 21:17:21,Tim IT nya ga kompeten.. mau daftar aja susah.. nyusahin rakyat,Negatif,tim it nya tidak kompeten mau daftar aja susah nyusahin rakyat
Pengguna Google,1,2026-04-22 21:07:32,"gk jelas sistem barcode ini, ya kali verifikasi sampe 2 Minggu, pake barcode mobil laen pun gk bisa, tolong lah buat sistem itu yg solutif, jangan ngasal, 2 Minggu itu lama, masa iya mobil gak gerak selama 2 Minggu, cuma gara2 harus nunggu verifikasi",Negatif,tidak jelas sistem barcode ya kali verifikasi sampe minggu pake barcode mobil laen pun tidak bisa tolong lah buat sistem solutif jangan ngasal minggu lama masa iya mobil gak gerak lama minggu cuma gara harus nunggu verifikasi
Pengguna Google,5,2026-04-22 20:55:21,ramah petugas nya 😄👍,Positif,ramah tugas nya
Pengguna Google,1,2026-04-22 20:26:31,sudah ganti berbagai macam email tetap saja tidak dapat kiriman kode OTP susah sekali min,Negatif,sudah ganti bagai macam email tetap saja tidak dapat kirim kode otp susah sekali min
Pengguna Google,1,2026-04-22 19:57:43,Aplikasi lemot untuk nunggu balasan verifikasi!!! ampas banget.,Negatif,aplikasi lot nunggu balas verifikasi ampas banget
Pengguna Google,1,2026-04-22 19:20:00,berkali kali daftar susah,Negatif,kali kali daftar susah
Pengguna Google,5,2026-04-22 18:54:45,"kode otp tidak masuk ke email, untuk verifikasi email",Positif,kode otp tidak masuk email verifikasi email
Pengguna Google,1,2026-04-22 18:43:16,applikasi sampah..,Negatif,applikasi sampah
Pengguna Google,1,2026-04-22 18:01:32,gak bisa daftar,Negatif,gak bisa daftar
Pengguna Google,1,2026-04-22 17:37:22,"ini memang lamaa yaa kode otp nya muncul, harus nunggu 3 jam 5 jam 2 jam, emng seperti itu kahh aplikasi ini, mohon di perbaiki dong, agar kami enak dalam menggunakan",Negatif,memang lamaa yaa kode otp nya muncul harus nunggu jam jam jam emng seperti kahh aplikasi mohon baik dong agar kami enak dalam guna
Pengguna Google,2,2026-04-22 17:36:40,kenapa lama sekali prosea verifikasi nya. dlu hitungan menit bisa. ini sdh 4hri tnpa kejelasan,Negatif,kenapa lama sekali prosea verifikasi nya dlu hitung menit bisa sdh hri tnpa jelas
Pengguna Google,1,2026-04-22 16:48:45,"payah apk nya, daftar aja susah bgt mempersulit rakyat yg mau cari nafkah",Negatif,payah aplikasi nya daftar aja susah banget sulit rakyat mau cari nafkah
Pengguna Google,1,2026-04-22 15:16:12,gagal melulu,Negatif,gagal melulu
Pengguna Google,1,2026-04-22 15:15:31,"emang negara cm buat nyusahin masyarakat mau isi bbm aja di persulit, di tambah bikin barkot nya susah bedebaaah....",Negatif,emang negara cm buat nyusahin masyarakat mau isi bbm aja sulit tambah bikin barkot nya susah bedebaaah
Pengguna Google,1,2026-04-22 15:12:59,coba dong di permudah suruh di perbarui giliran di perbarui Poto STNK dan mobil selalu gagal coba dong jangan di persulit kami di sini beli ga ngutang,Negatif,coba dong mudah suruh baru gilir baru poto stnk mobil selalu gagal coba dong jangan sulit kami sini beli tidak ngutang
Pengguna Google,5,2026-04-22 15:04:44,gimana cara menghubungkan my pertamina ke gmail,Positif,gimana cara hubung my pertamina gmail
Pengguna Google,1,2026-04-22 14:57:30,ribet banget bro,Negatif,ribet banget bro
Pengguna Google,5,2026-04-22 14:15:03,terbantu,Positif,bantu
Pengguna Google,1,2026-04-22 13:06:17,mau buat akun minta kode otp via email malah gada yang berhasil dari 6 akun emailnyaa,Negatif,mau buat akun minta kode otp via email malah gada hasil akun emailnyaa
Pengguna Google,5,2026-04-22 12:58:35,aku verifikasi email kok lambat banget sih,Positif,aku verifikasi email kok lambat banget sih
Pengguna Google,5,2026-04-22 12:47:44,"hallo admin,,bisa ga kalo untuk verifikasi daftar subsidi di percepat,,",Positif,hallo adminbisa tidak kalo verifikasi daftar subsidi cepat
Pengguna Google,1,2026-04-22 12:41:39,kacau parah sistem error parah,Negatif,kacau parah sistem error parah
Pengguna Google,1,2026-04-22 12:20:27,"aplikasi gk jelas , disuruh verifikasi otp di email, tapi ditunggu udah sejam otp gk muncul, gk jelas emang",Negatif,aplikasi tidak jelas suruh verifikasi otp email tapi tunggu udah jam otp tidak muncul tidak jelas emang
Pengguna Google,1,2026-04-22 11:39:34,"gak aplikasi ,gak pemrintah sama aja payah. pas di jalan mau isi bbm tiba2 barcode minta di perbarui, skarang di perbarui sudah 3 hari nunggu verifikasi terus",Negatif,gak aplikasi gak pemrintah sama aja payah pas jalan mau isi bbm tiba barcode minta baru skarang baru sudah hari nunggu verifikasi terus
Pengguna Google,1,2026-04-22 11:30:37,aplikasi bobrok,Negatif,aplikasi bobrok
Pengguna Google,5,2026-04-22 11:30:22,Manteep,Positif,manteep
Pengguna Google,1,2026-04-22 11:28:10,gak bisa menghubungkan email pendaftarannya sulit banget,Negatif,gak bisa hubung email daftar sulit banget
Pengguna Google,1,2026-04-22 11:24:59,minta kode otp melalui Gmail sulit banget padahal SDH sesuai aneh.,Negatif,minta kode otp lalu gmail sulit banget padahal sdh sesuai aneh
Pengguna Google,1,2026-04-22 10:13:41,Aplikasi Gembel!,Negatif,aplikasi gembel
Pengguna Google,1,2026-04-22 09:46:20,"aplikasi paling cacat didunia.. sudah jelas kirim otp ke email, tapi di email gak masuk... kode qr harus di update pula.. jadi gak bisa isi BBM klo blom di update.",Negatif,aplikasi paling cacat dunia sudah jelas kirim otp email tapi email gak masuk kode qr harus update pula jadi gak bisa isi bbm klo blom update
Pengguna Google,1,2026-04-22 09:31:26,saya daftar dari tgl 31 Maret sampai sekarang muncul notif. datar durung menunggu verifikasi,Negatif,saya daftar tgl maret sampai sekarang muncul notif datar durung tunggu verifikasi
Pengguna Google,1,2026-04-22 09:02:14,"aplikasi bukan nya membantu masyarakat,malah bikin susah, berapa kali sudah saya coba gagal terus, apakah ini yang namanya membantu atau mempermudah masyarakat?",Negatif,aplikasi bukan nya bantu masyarakatmalah bikin susah berapa kali sudah saya coba gagal terus apakah nama bantu atau mudah masyarakat
Pengguna Google,5,2026-04-22 08:56:12,pertamina ok,Positif,pertamina ok
Pengguna Google,1,2026-04-22 08:11:57,"untuk cari spbu/spbu terdekat map.nya ngawur banget ngasih lokasinya, malah spbu yg bener"" dekat tdk masuk di list pencarian spbu terdekat",Negatif,cari spbuspbu dekat map ngawur banget ngasih lokasi malah spbu bener dekat tidak masuk list cari spbu dekat
Pengguna Google,5,2026-04-22 08:03:41,Ok deh gan mantap barang ya gan mantap barang,Positif,ok deh gan mantap barang ya gan mantap barang
Pengguna Google,4,2026-04-22 06:41:27,daftarnya kok sulit masuk yaa...,Positif,daftar kok sulit masuk yaa
Pengguna Google,1,2026-04-22 06:35:35,"Harus menunggu berapa lama untuk verifikasi, di era digital skrg seharusnya dalam 1x24 jam sudah keluar hasil verifikasi nya, saya menunggu sudah 3x24 jam status nya masih menunggu verifikasi, sdgkan kita perlu utk segera mengisi bbm, pertamina ngapain aja, lambat proses nya",Negatif,harus tunggu berapa lama verifikasi era digital skrg harus dalam x jam sudah keluar hasil verifikasi nya saya tunggu sudah x jam status nya masih tunggu verifikasi sdgkan kita perlu utk segera isi bbm pertamina ngapain aja lambat proses nya
Pengguna Google,2,2026-04-22 06:26:52,"sumpah , udah 2 hari gua coba mau masuk pakai akun ku ini tapi gak muncul"" kode 6digit nya di gmail , kecewa sih",Negatif,sumpah udah hari gua coba mau masuk pakai akun ku tapi gak muncul kode digit nya gmail kecewa sih
Pengguna Google,5,2026-04-22 03:11:30,"Jos, sekarang app nya lancar, qr code lancar, reset qr code lancar, bayar pakai mypertamina lancar, mangtap. Yang ngeluh sulit, ya makanya data yang jelas, pake scan jangan cuma foto buram, pengajuan klaim qr code mudah.",Positif,jos sekarang app nya lancar qr code lancar reset qr code lancar bayar pakai mypertamina lancar mangtap ngeluh sulit ya makanya data jelas pake scan jangan cuma foto buram aju klaim qr code mudah
Pengguna Google,1,2026-04-22 02:02:48,tak bisa menerina kode verifikasi email,Negatif,tak bisa ina kode verifikasi email
Pengguna Google,1,2026-04-22 00:24:08,admin 135 tidak berfungsi,Negatif,admin tidak fungsi
Pengguna Google,1,2026-04-22 00:10:34,sudah pembaruan barcode dari plat hitam ke putih tinggal verif doang lama bgt fto dan data sudah jelas mengikuti petunjuk ini mobil buat kerja bukan nganggur tolong laah dipercepat verifikasinya,Negatif,sudah baru barcode plat hitam putih tinggal verif doang lama banget fto data sudah jelas ikut tunjuk mobil buat kerja bukan nganggur tolong laah cepat verifikasi
Pengguna Google,1,2026-04-21 23:45:58,verifikasi email sangat lambat kode otp tidak keluar di email,Negatif,verifikasi email sangat lambat kode otp tidak keluar email
Pengguna Google,5,2026-04-21 23:19:45,"ini saya daftar kok lama banget verifikasinya, masa harus tunggu 14 hari,, yang bener aja ini, solar mobil saya sudah habis gak bisa mengisi",Positif,saya daftar kok lama banget verifikasi masa harus tunggu hari bener aja solar mobil saya sudah habis gak bisa isi
Pengguna Google,1,2026-04-21 23:08:46,cukup baik,Negatif,cukup baik
Pengguna Google,1,2026-04-21 22:45:15,"kagak niat bikin aplikasi, setiap bikin barcode gagal mulu, dgn alasan foto stnk editan !!!",Negatif,kagak niat bikin aplikasi tiap bikin barcode gagal mulu alas foto stnk edit
Pengguna Google,1,2026-04-21 22:43:30,apal nyusahin rakyat,Negatif,apal nyusahin rakyat
Pengguna Google,1,2026-04-21 21:00:09,"OTP KE EMAIL GA MASUK MASUK, GINI BNGT JDI RAKYAT INDONESIA ... RIBET",Negatif,otp email tidak masuk masuk gin bngt jdi rakyat indonesia ribet
Pengguna Google,1,2026-04-21 20:26:39,tidak menerima OTP email,Negatif,tidak terima otp email
Pengguna Google,1,2026-04-21 20:25:08,aplikasi nyusahin,Negatif,aplikasi nyusahin
Pengguna Google,1,2026-04-21 20:19:02,aplikasi gak guna,Negatif,aplikasi gak guna
Pengguna Google,1,2026-04-21 19:28:49,tidak bisa kirim otp,Negatif,tidak bisa kirim otp
Pengguna Google,5,2026-04-21 17:54:07,cara buka blokir BBM,Positif,cara buka blokir bbm
Pengguna Google,5,2026-04-21 17:53:37,Lemot ....agar diperbaiki apk nya,Positif,lot agar baik aplikasi nya
Pengguna Google,5,2026-04-21 17:29:45,sangat membantu,Positif,sangat bantu
Pengguna Google,1,2026-04-21 17:25:50,Aplikasi responnya lambat.. layanan pengaduan tidak memadai.. padahal BUMN sumber uang ada dimana² ..cuman bikin susah aja kerakyat,Negatif,aplikasi responnya lambat layan adu tidak pada padahal bumn sumber uang ada mana cuman bikin susah aja rakyat
Pengguna Google,1,2026-04-21 17:24:34,"verifikasi email nunggu sehari ga kekirim kirim email nya, kagak jelas",Negatif,verifikasi email nunggu hari tidak kirim kirim email nya kagak jelas
Pengguna Google,1,2026-04-21 17:18:46,"aplikasi yg benar² buruk,data kendaraan hilang tiba² tanpa ada konfirmasi,buat data baru susahnya minta ampun..KLO belum bisa kerja cerdas dan cepat gak usah buat aplikasi,yg ada malah mempersulit bukan mempermudah",Negatif,aplikasi benar burukdata kendara hilang tiba tanpa ada konfirmasibuat data baru susah minta ampunklo belum bisa kerja cerdas cepat gak usah buat aplikasiyg ada malah sulit bukan mudah
Pengguna Google,1,2026-04-21 17:16:28,"Aplikasinya bukannya makin membaik, tapi makin parah. Verifikasi kendaraannya terlalu lama sekali dan menghapus barcore / qrcode seenaknya sendiri. kalau tidak mampu bikin aplikasi, jangan sok2an lah",Negatif,aplikasi bukan makin baik tapi makin parah verifikasi kendara terlalu lama sekali hapus barcore qrcode enak sendiri kalau tidak mampu bikin aplikasi jangan sok lah
Pengguna Google,1,2026-04-21 17:16:00,"Mau login ulang karena barcode bermasalah tapi udah coba verifikasi email dr kemaren gak bisa terus, nih sebenernya yang bermasalah email atau aplikasinya sih. tolonglah jangan mempersulit",Negatif,mau login ulang karena barcode masalah tapi udah coba verifikasi email dr kemaren gak bisa terus nih sebenernya masalah email atau aplikasi sih tolong jangan sulit
Pengguna Google,1,2026-04-21 17:12:27,"mau verifikasi kode otp dikirim 4 jam kemudian, masukkan otp nya malah kode sudah kadaluarsa, malah mempersulit",Negatif,mau verifikasi kode otp kirim jam kemudian masuk otp nya malah kode sudah kadaluarsa malah sulit
Pengguna Google,5,2026-04-21 17:03:02,mantap,Positif,mantap
Pengguna Google,5,2026-04-21 17:02:56,butuh bantuan cara membuat barkot,Positif,butuh bantu cara buat barkot
Pengguna Google,1,2026-04-21 17:02:37,susah banget,Negatif,susah banget
Pengguna Google,1,2026-04-21 16:48:19,"Menyusahkan masyarakat,perifikasi email susah,lambat respon",Negatif,susah masyarakatperifikasi email susahlambat respon
Pengguna Google,4,2026-04-21 16:44:38,aplikasi ini sulit sekali dapat otp lewat email,Positif,aplikasi sulit sekali dapat otp lewat email
Pengguna Google,2,2026-04-21 16:34:16,"QR tiba"" kebelokir padahal ngak pernah nimbun solar daftar baru malah lama verifikasinya tolong verifikasinya jangan lama"" saya sekarang lagi butuh untuk pengiriman mau beli dexlite mahalnya minta ampun....",Negatif,qr tiba kebelokir padahal ngak pernah nimbun solar daftar baru malah lama verifikasi tolong verifikasi jangan lama saya sekarang lagi butuh kirim mau beli dexlite mahal minta ampun
Pengguna Google,2,2026-04-21 16:24:41,"2 dulu min. Terlalu lama loadingnya, saya pikir hp saya kentang ternyata saya buka app lain langsung wuzz. Coba diper-simple aja tampilannya biar ga berat. Ga enak sama operator SPBUnya harus nunggu lama.",Negatif,dulu min terlalu lama loadingnya saya pikir hp saya kentang nyata saya buka app lain langsung wuzz coba dipersimple aja tampil biar tidak berat tidak enak sama operator spbunya harus nunggu lama
Pengguna Google,1,2026-04-21 15:35:23,"aplikasi konyol, paylater baru' bisa klo ada saldo di akun",Negatif,aplikasi konyol paylater baru bisa klo ada saldo akun
Pengguna Google,4,2026-04-21 15:22:22,Makin susah Aja bikin Barcode ..padahal saya Unit Muatan sembako,Positif,makin susah aja bikin barcode padahal saya unit muat sembako
Pengguna Google,5,2026-04-21 15:07:24,mantap,Positif,mantap
Pengguna Google,4,2026-04-21 14:54:12,mau ganti sandi tapi tidak dapat email bolak balik seperti itu tp tidak kunjung dpt email juga,Positif,mau ganti sandi tapi tidak dapat email bolak balik seperti tp tidak kunjung dpt email juga
Pengguna Google,5,2026-04-21 14:46:24,admin tolong cara mengatasi kode barkot kendaraan pas di scan isi BBM ternyata sudah ada yg pakai. apa kesalahan dari operator nya atau memang ada yg pakai . alnya waktu tggu nya bisa sampai besok.,Positif,admin tolong cara atas kode barkot kendara pas scan isi bbm nyata sudah ada pakai apa salah operator nya atau memang ada pakai alnya waktu tggu nya bisa sampai besok
Pengguna Google,5,2026-04-21 14:42:54,bagus,Positif,bagus
Pengguna Google,5,2026-04-21 14:23:37,kenapa menu subsidi tepat kagak bisa dibuka ?,Positif,kenapa menu subsidi tepat kagak bisa buka
Pengguna Google,5,2026-04-21 14:18:43,Oto belum masuk feedback email lambat kadang seharian menunggu,Positif,oto belum masuk feedback email lambat kadang hari tunggu
Pengguna Google,1,2026-04-21 14:03:18,aplikasi banyak Bug kode OTP lambat dikirim,Negatif,aplikasi banyak bug kode otp lambat kirim
Pengguna Google,1,2026-04-21 14:02:53,"Saya daftar subsidi tepat. Minta verifikasi otp selama 1 menit, tetapi kode otp dikirimkan bisa lebih dari waktu yang diberikan. Minta jam 7an malam, kode otpnya dikirim jam 1 pagi. Sudah kadaluwarsa kode otp yang dikirimkan. Bagaimana solusinya?",Negatif,saya daftar subsidi tepat minta verifikasi otp lama menit tetapi kode otp kirim bisa lebih waktu beri minta jam an malam kode otpnya kirim jam pagi sudah kadaluwarsa kode otp kirim bagaimana solusi
Pengguna Google,1,2026-04-21 13:58:45,"kode otp gk masuk2 baik ke email ataupun WA, aplikasi bapuk",Negatif,kode otp tidak masuk baik email atau wa aplikasi bapuk
Pengguna Google,4,2026-04-21 13:57:57,Bintang satu,Positif,bintang satu
Pengguna Google,2,2026-04-21 13:52:16,lemot apk cacat mohon di tingkatkan agar lebih mudah,Negatif,lot aplikasi cacat mohon tingkat agar lebih mudah
Pengguna Google,5,2026-04-21 13:43:54,"Gk jelas kode otp tidak dikirim kirim, barkot kadaluarsa",Positif,tidak jelas kode otp tidak kirim kirim barkot kadaluarsa
Pengguna Google,5,2026-04-21 13:41:33,kenapa email login kode subsidi tepat nya ga masuk² ?,Positif,kenapa email login kode subsidi tepat nya tidak masuk
Pengguna Google,2,2026-04-21 13:23:11,"kode otp untuk sesi login kembali, gak dikirim.. tolonglah",Negatif,kode otp sesi login kembali gak kirim tolong
Pengguna Google,1,2026-04-21 13:18:31,"aplikasi gak guna tiba tiba barcode terblokir tanpa adanya pemberitahuan sistem ITE kalian bagaimana?kalo gak bisa jangan di serahkan kepada yg bukan ahlinya,apa gunanya daftar menggunakan nomor hp jika terblokir tanpa pemberitahuan sistem TERKOCAK YA INI app gagal",Negatif,aplikasi gak guna tiba tiba barcode blokir tanpa ada pemberitahuan sistem ite kalian bagaimanakalo gak bisa jangan serah kepada bukan ahlinyaapa guna daftar guna nomor hp jika blokir tanpa pemberitahuan sistem kocak ya app gagal
Pengguna Google,1,2026-04-21 13:04:21,Verifikasi OTPnya lama,Negatif,verifikasi otpnya lama
Pengguna Google,1,2026-04-21 13:02:22,otp nya tidak masuk padahal no nya sudah benar,Negatif,otp nya tidak masuk padahal no nya sudah benar
Pengguna Google,1,2026-04-21 12:49:41,mau bikin barcode.baru daftar di mypertamina code otp nya gak masuk2.tolong di perbaiki dong.,Negatif,mau bikin barcodebaru daftar mypertamina code otp nya gak masuktolong baik dong
Pengguna Google,1,2026-04-21 12:48:12,buruk sekali pas verifikasi OTP ke email lama ber jam jam sampai no otp kadaluarsa,Negatif,buruk sekali pas verifikasi otp email lama ber jam jam sampai no otp kadaluarsa
Pengguna Google,1,2026-04-21 12:37:58,mohon info ini kenapa barcode nya gabisa ya.. trs begitu masuk mypertamina knp malah unitnya ga ada.. coba masuk hubungkan ke subsidi nya juga kenapa otp nya ga masuk2 ke email,Negatif,mohon info kenapa barcode nya gabisa ya trs begitu masuk mypertamina knp malah unit tidak ada coba masuk hubung subsidi nya juga kenapa otp nya tidak masuk email
Pengguna Google,1,2026-04-21 12:34:21,minta otp 3 kali tidak di kirim apk apa ini copot langsung,Negatif,minta otp kali tidak kirim aplikasi apa copot langsung
Pengguna Google,2,2026-04-21 12:34:03,ini niat gak sih ngirim kode verifikasi aja lama banget gak dikirim kirim,Negatif,niat gak sih ngirim kode verifikasi aja lama banget gak kirim kirim
Pengguna Google,1,2026-04-21 12:22:13,aplikasi nyusahin orang,Negatif,aplikasi nyusahin orang
Pengguna Google,1,2026-04-21 12:21:48,"OTP kenapa tidak dikirim via wa ya,sudah 5x tidak dikirim juga",Negatif,otp kenapa tidak kirim via wa yasudah x tidak kirim juga
Pengguna Google,1,2026-04-21 12:00:34,gak bisa registrasi kode otp tidak masuk²,Negatif,gak bisa registrasi kode otp tidak masuk
Pengguna Google,1,2026-04-21 11:46:09,NGIRIM OTP AJA SUSAH KALI!!! PECAT AJA CS NYA!!,Negatif,ngirim otp aja susah kali pecat aja cs nya
Pengguna Google,1,2026-04-21 11:41:48,"tolong jangan mempersulit, ini kenapa barkode d blokir, di suruh memperbarui pun tidak bisa, rasanya pingin pindah negara",Negatif,tolong jangan sulit kenapa barkode d blokir suruh baru pun tidak bisa rasa pingin pindah negara
Pengguna Google,1,2026-04-21 11:37:02,"kirim kode otp via email aja susah banget, payah!",Negatif,kirim kode otp via email aja susah banget payah
Pengguna Google,1,2026-04-21 11:28:26,"eror trs ini apk g BS bantu klo ada trouble, barcode dhpus tiba2 tanpa kejelasan yang detail..",Negatif,eror trs aplikasi g bs bantu klo ada trouble barcode dhpus tiba tanpa jelas detail
Pengguna Google,1,2026-04-21 11:24:59,"respon admin kuranggg, registrasi tidak di layani, kode tidak masuk²",Negatif,respon admin kuranggg registrasi tidak layan kode tidak masuk
Pengguna Google,2,2026-04-21 11:22:43,ini gmna akun subsidi tepat d hapus giliran minta yang baru kode otp tidak d kirim kirim,Negatif,gmna akun subsidi tepat d hapus gilir minta baru kode otp tidak d kirim kirim
Pengguna Google,1,2026-04-21 11:16:31,"Bikin susah orang, ganti plat registrasi ulang repot",Negatif,bikin susah orang ganti plat registrasi ulang repot
Pengguna Google,5,2026-04-21 11:05:34,bagus,Positif,bagus
Pengguna Google,1,2026-04-21 10:58:36,"ini niatnya buat mempermudah atau mempersulit rakyat sih,kirim kode otp waktu cuma 10 menit,ditunggu tidak masuk,giliran udah masuk, tidak bisa dipakai kadaluwarsa, sebenernya bisa bikin aplikasi tidak sih? kebanyakan korupsi bikin aplikasi jadi tidak jelas manfaatnya",Negatif,niat buat mudah atau sulit rakyat sihkirim kode otp waktu cuma menitditunggu tidak masukgiliran udah masuk tidak bisa pakai kadaluwarsa sebenernya bisa bikin aplikasi tidak sih banyak korupsi bikin aplikasi jadi tidak jelas manfaat
Pengguna Google,5,2026-04-21 10:57:08,ok,Positif,ok
Pengguna Google,4,2026-04-21 10:41:18,kurang maksimal kecewa,Positif,kurang maksimal kecewa
Pengguna Google,1,2026-04-21 10:40:05,buat barcode aja sampe berhari hari .ga efisien ni Pertamina sangat mengecewakan..giliran buat di pom langsung hanya beberapa menit jadi,Negatif,buat barcode aja sampe hari hari tidak efisien ni pertamina sangat mengecewakangiliran buat pom langsung hanya beberapa menit jadi
Pengguna Google,1,2026-04-21 10:28:52,"susahnya log in, susahnya daftar, verifikasi lama x, cepet mati lah di buat pemerintah' buat akun susah' segalanya susah'",Negatif,susah log in susah daftar verifikasi lama x cepet mati lah buat perintah buat akun susah segala susah
Pengguna Google,1,2026-04-21 10:28:05,"kode Verifikasi gak masuk masuk, bad service",Negatif,kode verifikasi gak masuk masuk bad service
Pengguna Google,1,2026-04-21 10:20:55,"verifikasi email berulang kali, kode tetap tidak kunjung dikirim ke email",Negatif,verifikasi email ulang kali kode tetap tidak kunjung kirim email
Pengguna Google,1,2026-04-21 10:20:16,OTP via email tdk bisa dikirim.,Negatif,otp via email tidak bisa kirim
Pengguna Google,1,2026-04-21 10:19:21,"gak jelas mau login aja susah,nunggu otp via email harus Berjam jam,giliran ada otp pas dimasukin gak bisa",Negatif,gak jelas mau login aja susahnunggu otp via email harus jam jamgiliran ada otp pas dimasukin gak bisa
Pengguna Google,1,2026-04-21 10:04:56,"jelek, pengiriman kode tidak jelas, lama",Negatif,jelek kirim kode tidak jelas lama
Pengguna Google,1,2026-04-21 09:56:17,"kenapa data & barcode bbm subsidi langsung dihapus tanpa sosialisasi & diberikan dispensasi 1x pemakaian disertakan pemberitahuan saat pengisian??? saya sebagai driver dengan begini malah menyusahkan,mau pulang jadi tidak bisa pulang2 karena tidak bisa isi bbm . sdh 1 malam kode verifikasi dikirim tapi tidak ada sama sekali yg masuk. aturan yg bener2 merepotkan dan menyusahkan. hapus aturan barcode biar tidak menyusahkan begini.",Negatif,kenapa data barcode bbm subsidi langsung hapus tanpa sosialisasi beri dispensasi x pakai serta pemberitahuan saat isi saya bagai driver begini malah menyusahkanmau pulang jadi tidak bisa pulang karena tidak bisa isi bbm sdh malam kode verifikasi kirim tapi tidak ada sama sekali masuk atur bener repot susah hapus atur barcode biar tidak susah begini
Pengguna Google,1,2026-04-21 09:54:51,"aplikasi yg tujuannya hanya menyulitkan saja. daftar berkalikali alasan penolakan tidak jelas fotonya padahal sudah dicek terbaca semua. terakhir coba, alasann penolaknnya tambah konyol, foto stnk mirip dengan foto stnk sebelumnya. lah memang mobilnya sama tp sebelnya daftar gagal. gak guna sama sekali",Negatif,aplikasi tuju hanya sulit saja daftar berkalikali alas tolak tidak jelas foto padahal sudah cek baca semua akhir coba alasann penolaknnya tambah konyol foto stnk mirip foto stnk belum lah memang mobil sama tp sebel daftar gagal gak guna sama sekali
Pengguna Google,1,2026-04-21 09:51:58,APLIKASI SAMPAH.... NIAT GAK SIH BIKINNYA??? TOLONG YA DI PERBAIKI KECEPATAN KIRIM KODE OTPNYA...LAMAAA BGT... GILIRAN KODE DI KIRIM PAS MAU MASUKIN MALAH EXPIRED... BUANG2 WAKTU!!! KITA INI BELI BBM BUKAN MAU GRATISAN!!! GAJELAS!!!,Negatif,aplikasi sampah niat gak sih bikin tolong ya baik cepat kirim kode otpnyalamaaa banget gilir kode kirim pas mau masukin malah expired buang waktu kita beli bbm bukan mau gratis gajelas
Pengguna Google,2,2026-04-21 09:43:29,mengapa setiap kali mau bayar melalui aplikasi mypertamina sering gangguan kalau pakai operator telkomsel? maksudnya saat mau scan barcode selalu bermasalah menggunakan intertnet dari telkomsel itu kenapa ya??,Negatif,mengapa tiap kali mau bayar lalu aplikasi mypertamina sering ganggu kalau pakai operator telkomsel maksud saat mau scan barcode selalu masalah guna intertnet telkomsel kenapa ya
Pengguna Google,1,2026-04-21 09:43:17,"Aplikasi lambat, tidak responsif dan tidak mempermudah pengguna",Negatif,aplikasi lambat tidak responsif tidak mudah guna
Pengguna Google,1,2026-04-21 09:24:49,"kalo bisa bbm jenis subsidi di naikan saja, dan hapus sistim2 yg kalian bilang bisa mempermudah dan tepat sasaran itu, nyatanya di lapangan hasilnya 0 besar.. khususnya di wilayah sumatra, dan ada satu provinsi di wilayah sumatra yg memberlakukan salah satu sistim nyeleneh, harus wajib plat daerah tersebut yg berhak mengisi bbm subsidi jenis solar, untuk plat Luar daerah tsb gak bakal bisa isi bbm subsidi jenis solar, itu kan nyeleneh.. gak mikir gimana nasib para sopir yg dari luar daerah ...",Negatif,kalo bisa bbm jenis subsidi naik saja hapus sistim kalian bilang bisa mudah tepat sasar nyata lapang hasil besar khusus wilayah sumatra ada satu provinsi wilayah sumatra laku salah satu sistim nyeleneh harus wajib plat daerah sebut hak isi bbm subsidi jenis solar plat luar daerah tsb gak bakal bisa isi bbm subsidi jenis solar kan nyeleneh gak mikir gimana nasib para sopir luar daerah
Pengguna Google,1,2026-04-21 09:24:39,otp yang masuk ke Email pada saat perbarui barcode tidak keluar,Negatif,otp masuk email saat baru barcode tidak keluar
Pengguna Google,1,2026-04-21 09:16:36,kode otp 3 jam baru dapet..keburu kadaluarsa..kalah sama pinjol,Negatif,kode otp jam baru dapetkeburu kadaluarsakalah sama pinjol
Pengguna Google,1,2026-04-21 09:13:50,"susah bgt dapet kode OTP nya, gmn mau login",Negatif,susah banget dapet kode otp nya gmn mau login
Pengguna Google,1,2026-04-21 08:57:54,"verifikasi email aja bikin emosi, minta kode Verifikasi lelet banget. verifikasi tanggal 19 lucunya kode Verifikasi baru nongol tgl 20. kalau ga niat perbaiki ini sistem aplikasi, hapus aja",Negatif,verifikasi email aja bikin emosi minta kode verifikasi lelet banget verifikasi tanggal lucu kode verifikasi baru nongol tgl kalau tidak niat baik sistem aplikasi hapus aja
Pengguna Google,1,2026-04-21 08:49:29,"aplikasinya mempersulit dan semakin sulit login, secara tiba tiba dihapus 1 per 1 dan update lagi susaaaaaaaaah, setiap kali selalu perbaikan sistem,perbaikan sistem, perbaikan sistem melulu",Negatif,aplikasi sulit makin sulit login cara tiba tiba hapus per update lagi susaaaaaaaaah tiap kali selalu baik sistemperbaikan sistem baik sistem melulu
Pengguna Google,1,2026-04-21 08:47:53,gangguan teruss sampe mampus ngisi aja di persulit,Negatif,ganggu teruss sampe mampus ngisi aja sulit
Pengguna Google,1,2026-04-21 08:46:47,"Hari ini tgl 21-4-2026 , pukul 08:46 WIB Aplikasinya Lemoootttttttttt",Negatif,hari tgl pukul wib aplikasi lemoootttttttttt
Pengguna Google,5,2026-04-21 08:14:57,ini barcode sudah expired... TPI pengurusannya gagal terus... ini nyusahin rakyat kecil ini .. malah gak tepat sasaran,Positif,barcode sudah expired tpi urus gagal terus nyusahin rakyat kecil malah gak tepat sasar
Pengguna Google,1,2026-04-21 08:01:50,"sekelas aplikasi pemerintah kok seperti ini,malu maluin ,,, verifikasi email saja gak pernah bisa,,,tolong perbaiki lah segera,,",Negatif,kelas aplikasi perintah kok seperti inimalu maluin verifikasi email saja gak pernah bisatolong baik lah segera
Pengguna Google,1,2026-04-21 07:45:26,"aplikasi nya gajelas, verifikasi email udah 1 jam an gaada otp masuk, bikin barcode solar susahh",Negatif,aplikasi nya gajelas verifikasi email udah jam an gaada otp masuk bikin barcode solar susahh
Pengguna Google,1,2026-04-21 07:43:14,otp datang setahun kemudian,Negatif,otp datang tahun kemudian
Pengguna Google,1,2026-04-21 07:33:32,"kenapa tiba tiba gak bisa barcode nya, di my Pertamina juga mau ngirim kode otp lama masuk nya",Negatif,kenapa tiba tiba gak bisa barcode nya my pertamina juga mau ngirim kode otp lama masuk nya
Pengguna Google,4,2026-04-21 07:30:35,semoga bisa,Positif,moga bisa
Pengguna Google,1,2026-04-21 07:06:28,bikin susah,Negatif,bikin susah
Pengguna Google,1,2026-04-21 06:55:18,"Aplikasi gak jelas, gak masuk"" kode OTP nya benci kali sumpah.",Negatif,aplikasi gak jelas gak masuk kode otp nya benci kali sumpah
Pengguna Google,2,2026-04-21 06:55:02,gagal masuk trus 😔,Negatif,gagal masuk trus
Pengguna Google,5,2026-04-21 06:51:19,ok banget,Positif,ok banget
Pengguna Google,1,2026-04-21 06:22:58,nunggu kode otp terlalu lama...,Negatif,nunggu kode otp terlalu lama
Pengguna Google,1,2026-04-21 06:17:50,"mau log in ulang, verifikasi email aja untuk dpt kode otpnya ga ontime. kirim kode otp jam 16.00 masuknya ke email jam 20.00. begitu seterusnya. KENAPA NGELAG NYA LAMA AMAT YAAA??... sama aja ga bisa daftar baru buat dapat barcode dong. 😬.. pake 3 hp dng email beda, tp sama aja!!! buat verif otp ke email aja susahnya setengah matiiii 👎👎",Negatif,mau log in ulang verifikasi email aja dpt kode otpnya tidak ontime kirim kode otp jam masuk email jam begitu terus kenapa ngelag nya lama amat yaaa sama aja tidak bisa daftar baru buat dapat barcode dong pake hp dng email beda tp sama aja buat verif otp email aja susah tengah matiiii
Pengguna Google,1,2026-04-21 05:17:09,aplikasi kaga jelas semuanya minim,Negatif,aplikasi kaga jelas semua minim
Pengguna Google,1,2026-04-21 04:56:54,daftar 2 mobil kenapa yg muncul cuma 1 ya. padahal 22 nya SDH terdaftar malah kode otp nya selalu SDH kadarluasa. gak BSA nyambung. miris amat Ama aiti kalian cma BSA nyusah i org saja,Negatif,daftar mobil kenapa muncul cuma ya padahal nya sdh daftar malah kode otp nya selalu sdh kadarluasa gak bsa nyambung miris amat ama aiti kalian cma bsa nyusah i org saja
Pengguna Google,1,2026-04-21 01:56:10,Kecewa banget mau verifikasi email tapi kode OTP nya delay banget gax masuk-masuk. Perbaiki lagi sistemnya,Negatif,kecewa banget mau verifikasi email tapi kode otp nya delay banget gax masukmasuk baik lagi sistem
Pengguna Google,5,2026-04-21 01:24:55,barcode sllu Ter blokir knpa ya pk?,Positif,barcode sllu ter blokir knpa ya pk
Pengguna Google,1,2026-04-21 00:01:50,"lama banget nunggu code verifikasi. giliran ada, malah kadaluarsa. huuuuuuuu. ribet",Negatif,lama banget nunggu code verifikasi gilir ada malah kadaluarsa huuuuuuuu ribet
Pengguna Google,5,2026-04-20 22:49:34,ok,Positif,ok
Pengguna Google,5,2026-04-20 22:11:32,keren,Positif,keren
Pengguna Google,1,2026-04-20 21:51:39,lelet abis OTP aja lama banget ajig,Negatif,lelet abis otp aja lama banget ajig
Pengguna Google,1,2026-04-20 21:36:05,"digitalisasi terburuk. sudah daftar sekian kali tetap saja ditolak dengan alasan yang sama sedangkan data sudah sesuai dengan fisik dan lengkap disamsat masih saja ditolak. jangankan ini daftat. kirim OTP saja ga masuk"" email. respon sama lambatnya seperti bekicot sawah. benar"" tidak dapat membantu!!!",Negatif,digitalisasi buruk sudah daftar sekian kali tetap saja tolak alas sama sedang data sudah sesuai fisik lengkap disamsat masih saja tolak jangan daftat kirim otp saja tidak masuk email respon sama lambat seperti bekicot sawah benar tidak dapat bantu
Pengguna Google,1,2026-04-20 21:32:36,otp email lama sekali sehingga kelewat trus mau masuk ke subsidi tepat,Negatif,otp email lama sekali sehingga lewat trus mau masuk subsidi tepat
Pengguna Google,1,2026-04-20 21:14:19,apk gblk server jelek nunggu verifikasi kode entah berapa tahun,Negatif,aplikasi gblk server jelek nunggu verifikasi kode entah berapa tahun
Pengguna Google,1,2026-04-20 20:42:41,"lupa password, email-nya gak masuk masuk, sekalinya masuk kadaluarsa kan ngehek",Negatif,lupa password email gak masuk masuk sekali masuk kadaluarsa kan ngehek
Pengguna Google,1,2026-04-20 20:39:39,email otp tidak segera dikirim,Negatif,email otp tidak segera kirim
Pengguna Google,1,2026-04-20 20:08:05,"Sedih sekali bagaimana aplikasi BUMN milik negara jauh lebih jelek daripada aplikasi Swasta, tidak ada kirim opsi OTP lewat WhatsApp, mengganti nomor hp gagal terus, menunggu kode OTP sampai 30 menit. Kalau tidak mau mensejahterakan rakyat kecil ya sudahlah minimal jangan mempersulit hajat hidup orang.",Negatif,sedih sekali bagaimana aplikasi bumn milik negara jauh lebih jelek daripada aplikasi swasta tidak ada kirim opsi otp lewat whatsapp ganti nomor hp gagal terus tunggu kode otp sampai menit kalau tidak mau sejahtera rakyat kecil ya sudah minimal jangan sulit hajat hidup orang
Pengguna Google,1,2026-04-20 20:02:57,susah amt otp di imel .kgk di kirim2 parah,Negatif,susah amt otp imel kgk kirim parah
Pengguna Google,2,2026-04-20 19:24:15,setelah update kode otw lama,Negatif,telah update kode otw lama
Pengguna Google,5,2026-04-20 19:14:04,"pelayanan sudah cukup baik, kebersihan toilet leb8h ditingkatkan lagi",Positif,layan sudah cukup baik bersih toilet lebh tingkat lagi
Pengguna Google,1,2026-04-20 18:55:43,aplikasi ini belum siap kaya nya. mau ngirim kode Verifikasi email buat daftar subsidi tepat aja lelet nya minta ampun. waktu nya cuma 1 menit tapi email datang na udah 1-2 jam kemudian pas di masukan kode nya kadaluwarsa. boa edannn.,Negatif,aplikasi belum siap kaya nya mau ngirim kode verifikasi email buat daftar subsidi tepat aja lelet nya minta ampun waktu nya cuma menit tapi email datang na udah jam kemudian pas masuk kode nya kadaluwarsa boa edannn
Pengguna Google,1,2026-04-20 18:34:26,kode otp harusnya di isi 60 detik baru terkirim 60 menit berikutnya,Negatif,kode otp harus isi detik baru kirim menit ikut
Pengguna Google,2,2026-04-20 18:32:17,"Lama ga buka Mypertamina , sekali buka minta OTP , udh puluhan kali klik kirim kode OTP ga masuk masuk , sekali masuk kode salah , bisa ga sih jgn nyusahin , klik OTP siang masuk email mlm ga ngotak , woy bisa ga sih jgn nyusahin",Negatif,lama tidak buka mypertamina sekali buka minta otp udh puluh kali klik kirim kode otp tidak masuk masuk sekali masuk kode salah bisa tidak sih jgn nyusahin klik otp siang masuk email mlm tidak ngotak woy bisa tidak sih jgn nyusahin
Pengguna Google,1,2026-04-20 18:13:41,"minimal kasih notif lah kalo barcode nya kadaluarsa bjirrrr,mana daftar ulang nya lama 14hr kerja sempakkk 1 KATA.... RIBET...!!!!!!",Negatif,minimal kasih notif lah kalo barcode nya kadaluarsa bjirrrrmana daftar ulang nya lama hr kerja sempakkk kata ribet
Pengguna Google,1,2026-04-20 17:58:51,"aplikasi g jelas, mempersulit. masak mau nyambungkan ke emial kode OTP nya 1 jam kemudian baru masuk aplikasi g beres",Negatif,aplikasi g jelas sulit masak mau nyambungkan emial kode otp nya jam kemudian baru masuk aplikasi g beres
Pengguna Google,5,2026-04-20 17:51:38,mantab,Positif,mantab
Pengguna Google,1,2026-04-20 17:24:04,"App sudah saya update, tapi waktu mau cek kendaraan yang sudah terdaftar malah gak bisa. Sudah input NIK dan password, tinggal nunggu konfirmasi email buat input 6 digit malah gak ada email masuk. Ayo dong, perbaiki aplikasinya, masa kalah sama negara sebelah...",Negatif,app sudah saya update tapi waktu mau cek kendara sudah daftar malah gak bisa sudah input nik password tinggal nunggu konfirmasi email buat input digit malah gak ada email masuk ayo dong baik aplikasi masa kalah sama negara belah
Pengguna Google,1,2026-04-20 17:11:36,minimal kasih notih yah jika barkode kadarwarsa susahin orang aja.. 👎👎👎👎👎👎👎,Negatif,minimal kasih notih yah jika barkode kadarwarsa susahin orang aja
Pengguna Google,2,2026-04-20 17:05:35,"pengiriman pesan ke gmail sangat lambat saya menunggu setengah jam untung menunggu kode, lalu kode itu kadaluwarsa, dan harus menunggu lagi. sangat slow respon bagian pengiriman pesan nya.",Negatif,kirim pesan gmail sangat lambat saya tunggu tengah jam untung tunggu kode lalu kode kadaluwarsa harus tunggu lagi sangat slow respon bagi kirim pesan nya
Pengguna Google,1,2026-04-20 17:00:38,gajelas suruh serifikat otp by email dikasih waktu 60 detik sedangkan otp keluar nya 5 menit kocak,Negatif,gajelas suruh serifikat otp by email kasih waktu detik sedang otp keluar nya menit kocak
Pengguna Google,2,2026-04-20 16:46:48,sumpah kayak mau nangis tiap kali masukan kode OTP tetap salah. ya Allah my pertamina kok kalian persulit kami to....?,Negatif,sumpah kayak mau nang tiap kali masuk kode otp tetap salah ya allah my pertamina kok kalian sulit kami to
Pengguna Google,1,2026-04-20 15:06:57,"Apa apaan sih ini My Pertamina menyulitkan banget? Tidak bisa isi BBM karena belum update poto. Giliran update poto ditolak terus, akhirnya hapus akun. Aku pakai akun anakku tetep gitu. Minta kode OTP email pun tidak masuk",Negatif,apa apa sih my pertamina sulit banget tidak bisa isi bbm karena belum update poto gilir update poto tolak terus akhir hapus akun aku pakai akun anak tetep gitu minta kode otp email pun tidak masuk
Pengguna Google,1,2026-04-20 14:59:31,mobil kondisi jalan pajak dll tiba tiba data subsidi tepat di hapus begitu saja wah. jangan semena mena untuk penghapusan barcode subsidi tepat ini boss,Negatif,mobil kondisi jalan pajak dll tiba tiba data subsidi tepat hapus begitu saja wah jangan semena mena hapus barcode subsidi tepat boss
Pengguna Google,1,2026-04-20 14:57:46,"QR code lama hilang, buka mypertamina login gagal, klik lupa password jawabnya akan kirim ke email, email dicek berjam2 kosong ga ada jawaban",Negatif,qr code lama hilang buka mypertamina login gagal klik lupa password jawab akan kirim email email cek jam kosong tidak ada jawab
Pengguna Google,1,2026-04-20 14:50:07,"udh daftar tapi nik sama sandi malah salah terus di subsidi pertamina, jgn memperibet rakyat lah.",Negatif,udh daftar tapi nik sama sandi malah salah terus subsidi pertamina jgn memperibet rakyat lah
Pengguna Google,4,2026-04-20 14:35:03,Siang Admind.. Saya mau update aplikasi My pertamina.. Tapi muncul tulisan Aplikasi ini tidak kompatibel lg dengan perangkat anda.. Bagaimana solusinya untuk update nya..?,Positif,siang admind saya mau update aplikasi my pertamina tapi muncul tulis aplikasi tidak kompatibel lg perangkat anda bagaimana solusi update nya
Pengguna Google,1,2026-04-20 14:26:58,"sangat buruk kode otp selalu terlambat masuk , mempersulit kami para pejuang roda ekonomi",Negatif,sangat buruk kode otp selalu lambat masuk sulit kami para juang roda ekonomi
Pengguna Google,1,2026-04-20 13:07:01,lama kali otpnya,Negatif,lama kali otpnya
Pengguna Google,1,2026-04-20 12:51:52,aplikasibya gmn sih mau buat barcode aja dibuat susahhhhh,Negatif,aplikasibya gmn sih mau buat barcode aja buat susahhhhh
Pengguna Google,5,2026-04-20 11:56:02,bagus,Positif,bagus
Pengguna Google,4,2026-04-20 11:39:10,kadang lambat,Positif,kadang lambat
Pengguna Google,5,2026-04-20 10:43:27,bagus,Positif,bagus
Pengguna Google,5,2026-04-20 10:39:11,bagus dan sangat membantu,Positif,bagus sangat bantu
Pengguna Google,1,2026-04-20 10:00:36,sangat payah....,Negatif,sangat payah
Pengguna Google,5,2026-04-20 09:54:55,mantab,Positif,mantab
Pengguna Google,2,2026-04-20 09:28:46,mau registrasi ulang susah banget,Negatif,mau registrasi ulang susah banget
Pengguna Google,5,2026-04-20 07:32:16,baguss,Positif,baguss
Pengguna Google,5,2026-04-20 07:06:43,mantab,Positif,mantab
Pengguna Google,5,2026-04-20 02:57:00,baik dan akurat,Positif,baik akurat
Pengguna Google,1,2026-04-19 23:55:57,poin sudah gk bisa di tuker ke merchand. terus ini poin buat apa coba?,Negatif,poin sudah tidak bisa tuker merchand terus poin buat apa coba
Pengguna Google,1,2026-04-19 23:37:06,tidak bisa login,Negatif,tidak bisa login
Pengguna Google,5,2026-04-19 22:47:03,mantap,Positif,mantap
Pengguna Google,5,2026-04-19 22:18:55,mantap,Positif,mantap
Pengguna Google,1,2026-04-19 21:49:02,aplikasi cuma dijadikan proyek terstruktur untuk mengambil keuntungan dari rakyat,Negatif,aplikasi cuma jadi proyek struktur ambil untung rakyat
Pengguna Google,1,2026-04-19 21:36:43,kenapa data kendraan di hapus sepihak..banyak kerugian yang kami alami saat di lintasan..siapa yang bertanggung jawab atas semua ini,Negatif,kenapa data kendraan hapus sepihakbanyak rugi kami alami saat lintasansiapa tanggung jawab atas semua
Pengguna Google,5,2026-04-19 20:10:51,semakin tepat,Positif,makin tepat
Pengguna Google,1,2026-04-19 16:24:34,"lemottt bener kalo di spbu, apalagi kalo pakek telkomsel",Negatif,lemottt bener kalo spbu apalagi kalo pakek telkomsel
Pengguna Google,5,2026-04-19 14:14:33,kalo lg mau isi di pertamina suka lemot aplikasinya kenapa ya.,Positif,kalo lg mau isi pertamina suka lot aplikasi kenapa ya
Pengguna Google,4,2026-04-19 14:11:10,is the best,Positif,is the best
Pengguna Google,1,2026-04-19 12:18:52,"Ribet dalam melakukan pembayaran, mesti di singkron dengan gopay harusnya dari mbanking bisa tinggal scan qris dan ada notifikasi transaksi, kode spbu lokasi berada",Negatif,ribet dalam laku bayar mesti singkron gopay harus mbanking bisa tinggal scan qris ada notifikasi transaksi kode spbu lokasi ada
Pengguna Google,1,2026-04-19 11:49:33,Aplikasi loading terus sampe lebaran kuda,Negatif,aplikasi loading terus sampe lebaran kuda
Pengguna Google,5,2026-04-19 11:28:29,mantap josss,Positif,mantap josss
Pengguna Google,5,2026-04-19 11:23:10,keren,Positif,keren
Pengguna Google,2,2026-04-19 09:47:06,"halo admin, kenapa saya tidak bisa masuk lagi ke akun saya nomor HP dan PIN sudah betul",Negatif,halo admin kenapa saya tidak bisa masuk lagi akun saya nomor hp pin sudah betul
Pengguna Google,1,2026-04-19 09:26:13,"reset sandi tp stlh klik link di email malah balek ke PlayStore klik utk lanjutkan, stlh klik ga jalan juga, program aplikasi ga beres...bolak balik spt itu..parah banget, ribet n hao hao .....",Negatif,reset sandi tp stlh klik link email malah balek playstore klik utk lanjut stlh klik tidak jalan juga program aplikasi tidak beresbolak balik spt ituparah banget ribet n hao hao
Pengguna Google,5,2026-04-19 07:32:51,bagus,Positif,bagus
Pengguna Google,1,2026-04-19 06:50:23,Daftar susah sekali gak jelas apa yg salah padahal udah sesuai intruksi,Negatif,daftar susah sekali gak jelas apa salah padahal udah sesuai intruksi
Pengguna Google,5,2026-04-19 03:30:29,terima kasih pertamina,Positif,terima kasih pertamina
Pengguna Google,1,2026-04-19 02:45:47,"verifikasi data ditolak, padahal KTP asli, aneh! sekelas bumn apk kek gini",Negatif,verifikasi data tolak padahal ktp asli aneh kelas bumn aplikasi kek gin
Pengguna Google,1,2026-04-19 00:39:33,aplikasi busuk Tiap bulan update aplikasi tetep berat dan lemot . busuk sekali aplikasi ini,Negatif,aplikasi busuk tiap bulan update aplikasi tetep berat lot busuk sekali aplikasi
Pengguna Google,1,2026-04-18 23:44:22,"aplikasi bodoh, gajelas, dan menyusahkan",Negatif,aplikasi bodoh gajelas susah
Pengguna Google,5,2026-04-18 23:13:19,bagus,Positif,bagus
Pengguna Google,5,2026-04-18 21:25:13,sangat mudah dan cepat,Positif,sangat mudah cepat
Pengguna Google,1,2026-04-18 21:07:19,ngelek x updet harga nya di lihat gak bener ni aplikasi nya!,Negatif,ngelek x updet harga nya lihat gak bener ni aplikasi nya
Pengguna Google,2,2026-04-18 20:21:54,"kalau buat diskon dan sejenisnya tolong lah jangan dibebankan ke operator SPBU nya, kerja cuma buat bayarin orang lain kah😔",Negatif,kalau buat diskon jenis tolong lah jangan beban operator spbu nya kerja cuma buat bayarin orang lain kah
Pengguna Google,5,2026-04-18 19:44:46,mantap,Positif,mantap
Pengguna Google,5,2026-04-18 19:40:41,baik,Positif,baik
Pengguna Google,5,2026-04-18 19:39:33,sangat saya butuhkan...,Positif,sangat saya butuh
Pengguna Google,5,2026-04-18 19:38:04,Nice,Positif,nice
Pengguna Google,1,2026-04-18 18:48:32,Sulit Sekali daftar. Alasan KTP tidak Asli dll. padahal KTP jelas ASLI dan data sesuai. Apa ada alasan tersendiri kah?,Negatif,sulit sekali daftar alas ktp tidak asli dll padahal ktp jelas asli data sesuai apa ada alas sendiri kah
Pengguna Google,5,2026-04-18 18:16:05,SMG bisa membantu,Positif,smg bisa bantu
Pengguna Google,4,2026-04-18 17:44:53,saya udah bahagia bisa masukin minyak jelantah jadi rupiah.. pas nunggu hasil... hanya di kasih tau sebrapa bnyk liternya.. eh trnyata minyak tidak trmasuk katagori.. menyesal saya masukin. klu bisa saya ambil kembali tuh minyak.. satu pelajararan buat saya,Positif,saya udah bahagia bisa masukin minyak jelantah jadi rupiah pas nunggu hasil hanya kasih tau sebrapa bnyk liter eh trnyata minyak tidak trmasuk katagori sesal saya masukin klu bisa saya ambil kembali tuh minyak satu pelajararan buat saya
Pengguna Google,1,2026-04-18 16:42:38,aplikasi cacat total dari BUMN negara,Negatif,aplikasi cacat total bumn negara
Pengguna Google,5,2026-04-18 15:17:26,Bagus,Positif,bagus
Pengguna Google,5,2026-04-18 14:04:05,sangat membantu,Positif,sangat bantu
Pengguna Google,1,2026-04-18 13:08:17,"program nya selalu mengacu ke 14 hari kerjaaa,,,lama sekaliiii",Negatif,program nya selalu acu hari kerjaaalama sekaliiii
Pengguna Google,5,2026-04-18 12:46:49,bagus,Positif,bagus
Pengguna Google,1,2026-04-18 12:42:31,"tolonglah kode otp'nya dipikirkan lebih baik lagi. kita udah antri, mau isi pakek my Pertamina. Sampek depan malah ada otp. mana lama lg. bikin antrian tambah panjang aja",Negatif,tolong kode otpnya pikir lebih baik lagi kita udah antri mau isi pakek my pertamina sampek depan malah ada otp mana lama lg bikin antri tambah panjang aja
Pengguna Google,1,2026-04-18 11:00:07,"sinyal bagus, tp proses pembayaran qris lama bgt loadingnya, jadinya tetep bayar cash",Negatif,sinyal bagus tp proses bayar qris lama banget loadingnya jadi tetep bayar cash
Pengguna Google,1,2026-04-18 09:47:31,sudah transaksi tapi poin ndak masuk,Negatif,sudah transaksi tapi poin ndak masuk
Pengguna Google,1,2026-04-18 09:45:11,"halo, kenpa selalu gagal saya mengajukan barkot di mypertamina? warna palat stnk tidak sesuai, lah ini udah warna putih, knp di bilang gak sesuai, terus isi silinder stnk tidak sesuai, jelas2 udah sesuai stnk gimana sih",Negatif,halo kenpa selalu gagal saya aju barkot mypertamina warna palat stnk tidak sesuai lah udah warna putih knp bilang gak sesuai terus isi silinder stnk tidak sesuai jelas udah sesuai stnk gimana sih
Pengguna Google,5,2026-04-18 09:14:18,susah reset nya ribet,Positif,susah reset nya ribet
Pengguna Google,1,2026-04-18 09:09:52,"Percuma download kalau lebih banyak SPBU tidak bisa menggunakannya, alasan server sedang offline, atau alasan sistem sedang perbaikan",Negatif,percuma download kalau lebih banyak spbu tidak bisa guna alas server sedang offline atau alas sistem sedang baik
Pengguna Google,1,2026-04-18 08:09:05,"layanan yang menyusahkan masyarakat kecil,, yang bisa menggunakan hanyalah orang2 yang pandai / orang2 pelangsir minyak subsidi.",Negatif,layan susah masyarakat kecil bisa guna hanya orang pandai orang langsir minyak subsidi
Pengguna Google,1,2026-04-18 05:42:46,barcode saya belum muncul sudah 2 hari nunggu verifikasinya,Negatif,barcode saya belum muncul sudah hari nunggu verifikasi
Pengguna Google,5,2026-04-18 01:42:20,Suip,Positif,suip
Pengguna Google,1,2026-04-18 01:06:19,aplikasi pemerintah gak ada yg beres,Negatif,aplikasi perintah gak ada beres
Pengguna Google,5,2026-04-17 20:08:57,ok,Positif,ok
Pengguna Google,5,2026-04-17 19:27:29,the best,Positif,the best
Pengguna Google,1,2026-04-17 18:42:40,tolong admin benerin aplikasi mypertamina sudah berkali-kali foto STNK jawabannya foto STNK sama dgn foto STNK yg sudah terdaftar sebelumnya. harusnya sudah selesai dunk bukannya *pengajuan ditolak*,Negatif,tolong admin benerin aplikasi mypertamina sudah berkalikali foto stnk jawab foto stnk sama foto stnk sudah daftar belum harus sudah selesai dunk bukan aju tolak
Pengguna Google,5,2026-04-17 18:35:40,pelayanan baik,Positif,layan baik
Pengguna Google,5,2026-04-17 16:02:19,sangat membantu,Positif,sangat bantu
Pengguna Google,5,2026-04-17 15:57:17,sangan bagus,Positif,sangan bagus
Pengguna Google,5,2026-04-17 14:56:30,nantap,Positif,nantap
Pengguna Google,1,2026-04-17 13:47:19,"Ga ada promo menguntungkan pengguna, sekalinya ada promo voucher stock selalu habis, tukar merchandise stock habis / ukuran tidak tersedia",Negatif,tidak ada promo untung guna sekali ada promo voucher stock selalu habis tukar merchandise stock habis ukur tidak sedia
Pengguna Google,1,2026-04-17 13:45:38,APK apaan ini ? mau daftar Kendaraan aja susah jgn mau download APK sampah ini,Negatif,aplikasi apa mau daftar kendara aja susah jgn mau download aplikasi sampah
Pengguna Google,5,2026-04-17 09:13:58,membantu,Positif,bantu
Pengguna Google,1,2026-04-17 08:41:28,lupa kata sandi trus bolak-balik kesini.,Negatif,lupa kata sandi trus bolakbalik kesini
Pengguna Google,1,2026-04-17 04:50:40,"daftar ditolak terus,,padahal foto sudah sesuai,,yang terakhir malah data² sudah dikirim tapi tetep suruh perbaiki data,,di refresh pun tetep tidak ada perubahan",Negatif,daftar tolak teruspadahal foto sudah sesuaiyang akhir malah data sudah kirim tapi tetep suruh baik datadi refresh pun tetep tidak ada ubah
Pengguna Google,5,2026-04-16 22:18:56,Bagus sekali,Positif,bagus sekali
Pengguna Google,5,2026-04-16 21:38:26,keren,Positif,keren
Pengguna Google,1,2026-04-16 20:58:54,"Mau verifikasi susah,, sdh coba ulang-ulang tetap salah parah.",Negatif,mau verifikasi susah sdh coba ulangulang tetap salah parah
Pengguna Google,5,2026-04-16 20:01:10,"terimakasih, semoga bermanfaat buat semua driver ojek online",Positif,terimakasih moga manfaat buat semua driver ojek online
Pengguna Google,5,2026-04-16 19:06:49,Sangat membantu,Positif,sangat bantu
Pengguna Google,1,2026-04-16 18:50:03,Ribet sekali .. saya riset karena barcode saya tdk bisa dipakai lalu harus menunggu info lagi selama 14 hari. macam mana Ini,Negatif,ribet sekali saya riset karena barcode saya tidak bisa pakai lalu harus tunggu info lagi lama hari macam mana
Pengguna Google,5,2026-04-16 18:03:50,promo banyakin biar yahud,Positif,promo banyakin biar yahud
Pengguna Google,1,2026-04-16 13:56:25,"tidak bisa registrasi, tombol lanjut tidak merespon",Negatif,tidak bisa registrasi tombol lanjut tidak merespon
Pengguna Google,5,2026-04-16 13:06:54,Bisa di gunakan transaksi di pertaminq,Positif,bisa guna transaksi pertaminq
Pengguna Google,1,2026-04-16 12:16:11,aplikasi gak jelas,Negatif,aplikasi gak jelas
Pengguna Google,5,2026-04-16 12:02:11,good job,Positif,good job
Pengguna Google,5,2026-04-16 11:43:29,keren lah,Positif,keren lah
Pengguna Google,5,2026-04-16 09:14:24,sangat bagus,Positif,sangat bagus
Pengguna Google,1,2026-04-16 08:46:53,susah dibukanya sangat lelet nyesel,Negatif,susah buka sangat lelet nyesel
Pengguna Google,4,2026-04-16 08:43:04,susah banyak SPBU yg tak ada aplikasi ini,Positif,susah banyak spbu tak ada aplikasi
Pengguna Google,5,2026-04-16 08:16:52,"aplikasi susah dibuka,terasa berat saat loading.mohon di uji kembali ya min....",Positif,aplikasi susah dibukaterasa berat saat loadingmohon uji kembali ya min
Pengguna Google,2,2026-04-15 21:45:32,"min, gimana cara nya upload file stnk yang ada di gallery, karna di aplikasi pendaftaran hanya ambil foto via camera saja",Negatif,min gimana cara nya upload file stnk ada gallery karna aplikasi daftar hanya ambil foto via camera saja
Pengguna Google,5,2026-04-15 21:08:00,"praktis, cepat, tdk antri, mantafff👍",Positif,praktis cepat tidak antri mantafff
Pengguna Google,1,2026-04-15 20:09:17,saya pakai ini di spbu babarsari jogja ditolak pdahal sudah sesuai dengan khusus jalurnya. alesan ga jelas pegawai pertaminanya kasar kasar ngatain saya lagi,Negatif,saya pakai spbu babarsari jogja tolak pdahal sudah sesuai khusus jalur alesan tidak jelas pegawai pertaminanya kasar kasar ngatain saya lagi
Pengguna Google,1,2026-04-15 19:14:02,suka ngelek,Negatif,suka ngelek
Pengguna Google,5,2026-04-15 18:40:19,smoga dapet bonus bngf,Positif,smoga dapet bonus bngf
Pengguna Google,5,2026-04-15 16:10:44,baik,Positif,baik
Pengguna Google,5,2026-04-15 16:01:44,pengaritan: DIAN OVIETA penulisan: alih bahasa,Positif,arit dian ovieta tulis alih bahasa
Pengguna Google,5,2026-04-15 15:36:17,memudahkan pengisian bbm,Positif,mudah isi bbm
Pengguna Google,1,2026-04-15 15:26:33,SANGAT JELEK.. JARINGAN TIDAK STABIL,Negatif,sangat jelek jaring tidak stabil
Pengguna Google,5,2026-04-15 14:52:39,terbaik,Positif,baik
Pengguna Google,5,2026-04-15 13:55:54,"untuk pembuatan barcode kenapa susah sekali min,saya udah nunggu verif gagal terus kenapa. padahal data nya semua sudah benar,saya ga bisa beli di spbu jadinya karna barcode lama jadi nya",Positif,buat barcode kenapa susah sekali minsaya udah nunggu verif gagal terus kenapa padahal data nya semua sudah benarsaya tidak bisa beli spbu jadi karna barcode lama jadi nya
Pengguna Google,5,2026-04-15 12:44:24,"Aplikasi yang diberikan sangat bagus dan membantu dalam mendapatkan bensin subsidi namun ada 1 kekurangan yang dimana saat memasukkan data tidak ada opsi memilih gambar di galeri yang menyusahkan pengguna yang berada cukup jauh dengan kendaraan yang dimiliki, sekiranya bisa menambahkan fitur pilih foto dari galeri",Positif,aplikasi beri sangat bagus bantu dalam dapat bensin subsidi namun ada kurang mana saat masuk data tidak ada opsi pilih gambar galeri susah guna ada cukup jauh kendara milik sekira bisa tambah fitur pilih foto galeri
Pengguna Google,5,2026-04-15 11:02:07,bagus,Positif,bagus
Pengguna Google,4,2026-04-15 10:17:49,Ok,Positif,ok
Pengguna Google,5,2026-04-15 07:57:33,puas,Positif,puas
Pengguna Google,1,2026-04-15 07:44:25,"coba dong bikin aplikasi tuh yang bener, Barcode tiba2 gabisa dipake, sekarang gabisa daftar alasan foto kendaraan diedit dan tidak sesuai, laporan ke CS gaada solusi terus dibalikin ke webnya, buat apa ada CS? buat apa sih bikin aplikasi rusak.",Negatif,coba dong bikin aplikasi tuh bener barcode tiba gabisa dipake sekarang gabisa daftar alas foto kendara edit tidak sesuai lapor cs gaada solusi terus dibalikin webnya buat apa ada cs buat apa sih bikin aplikasi rusak
Pengguna Google,5,2026-04-15 07:00:56,oke,Positif,oke
Pengguna Google,4,2026-04-15 02:22:38,cukup efektif n efisiens,Positif,cukup efektif n efisiens
Pengguna Google,5,2026-04-14 20:14:31,baik,Positif,baik
Pengguna Google,5,2026-04-14 17:55:55,bagus,Positif,bagus
Pengguna Google,5,2026-04-14 17:41:53,mantap,Positif,mantap
Pengguna Google,5,2026-04-14 16:54:58,Gampang...,Positif,gampang
Pengguna Google,4,2026-04-14 15:23:48,menu penukaran poin merchandise sekarang tidak ada..kpan mulai ada lgi?yg lebih menarik lagi.,Positif,menu tukar poin merchandise sekarang tidak adakpan mulai ada lgiyg lebih tarik lagi
Pengguna Google,1,2026-04-14 14:06:34,"lama bgt nunggu subsidi bensin d ACC. bro rating aplikasinya sih 100/11, but the manajement I will think of it again",Negatif,lama banget nunggu subsidi bensin d acc bro rating aplikasi sih but the manajement i will think of it again
Pengguna Google,1,2026-04-14 12:42:14,Aplikasi Menyusahkan masyarakat mau isi BBM aja di persulit kita beli bukan minta. Barcode tiba2 gk bisa di gunakan ternyata datanya di hapus mau masuk lgi di persulit alasan foto editan sdh di coba beberapa kali tetap gk bisa . My Pertamina bukanya makin bagus tpi malah semakin buruk,Negatif,aplikasi susah masyarakat mau isi bbm aja sulit kita beli bukan minta barcode tiba tidak bisa guna nyata data hapus mau masuk lgi sulit alas foto edit sdh coba beberapa kali tetap tidak bisa my pertamina buka makin bagus tpi malah makin buruk
Pengguna Google,5,2026-04-14 11:44:15,mantap,Positif,mantap
Pengguna Google,1,2026-04-14 11:25:06,"Mobil 2 barcodenya bermasalah 1. mau ngisi pertamax katanya habis , mau ngisi pertalite ga bisa karena plat dan barcode beda (mobil baru beres pindah kota jadi beda plat) nyuruh pegawai pomnya suruh benerin jawabnya benerin aja sendiri ke sana jangan di pompa pengisian, dimintai bantuan jawabnya suruh benerin sendiri 2. bikin barcode tadinya udah ada barcodenya cuma tiba"" data kendaraan hilang mau bikin lagi udah foto langsung ke mobil + foto langsung data tidak sesuai gagal terus",Negatif,mobil barcodenya masalah mau ngisi pertamax kata habis mau ngisi pertalite tidak bisa karena plat barcode beda mobil baru beres pindah kota jadi beda plat nyuruh pegawai pomnya suruh benerin jawab benerin aja sendiri sana jangan pompa isi minta bantu jawab suruh benerin sendiri bikin barcode tadi udah ada barcodenya cuma tiba data kendara hilang mau bikin lagi udah foto langsung mobil foto langsung data tidak sesuai gagal terus
Pengguna Google,4,2026-04-14 09:12:15,hallo mypertamina saya isi BBM kok selalu GK ada riwayat transaksi nya ya,Positif,hallo mypertamina saya isi bbm kok selalu tidak ada riwayat transaksi nya ya
Pengguna Google,1,2026-04-13 20:59:27,APLIKASI ERROR TERUS TAIIIIIIII,Negatif,aplikasi error terus taiiiiiiii
Pengguna Google,1,2026-04-13 20:58:10,apk bobrok nggak membantu sama sekali,Negatif,aplikasi bobrok nggak bantu sama sekali
Pengguna Google,5,2026-04-13 19:49:06,Nice,Positif,nice
Pengguna Google,5,2026-04-13 18:54:34,bagus,Positif,bagus
Pengguna Google,5,2026-04-13 18:45:31,"Hallo Admin, saya sangat menyukai aplikasi ini namun bisakah menambah aplikasi Dana untuk metode pembayaran baru, karena saya lebih sering menggunakan dana ketimbang gopay sebagai pelajar sekolah",Positif,hallo admin saya sangat suka aplikasi namun bisa tambah aplikasi dana metode bayar baru karena saya lebih sering guna dana ketimbang gopay bagai ajar sekolah
Pengguna Google,5,2026-04-13 17:49:24,my pertamina mantap the best,Positif,my pertamina mantap the best
Pengguna Google,5,2026-04-13 17:28:52,best,Positif,best
Pengguna Google,5,2026-04-13 16:42:44,biasa langsung qris dari mobile bank sekarang harus lewat my pertamina.. over all ga masalah sih..,Positif,biasa langsung qris mobile bank sekarang harus lewat my pertamina over all tidak masalah sih
Pengguna Google,1,2026-04-13 15:30:19,"aplikasi lo ampas, Update barcod My Pertamina Dr tgl 6 - Tgl 13 Gapernah di ACC Alesan tolak karna STNK gak sesuai HALLOOO lo orang tuh melekkk buka matanya darimana ga sesuai?? trs Telfon call center tbtb stnk ACC malah yg ga ACC foto mobil, oke foto mobil 1 Ditolak 2 Ditolam 3 Ditolak ALASAN PLAT NOMER TIDAK SESUAIII, apakah mata andaa pada bermasalah ?",Negatif,aplikasi lo ampas update barcod my pertamina dr tgl tgl gapernah acc alesan tolak karna stnk gak sesuai hallooo lo orang tuh melekkk buka mata darimana tidak sesuai trs telfon call center tbtb stnk acc malah tidak acc foto mobil oke foto mobil tolak ditolam tolak alas plat nomer tidak sesuaiii apakah mata andaa masalah
Pengguna Google,5,2026-04-13 13:09:22,gampang sekali penggunaan nya,Positif,gampang sekali guna nya
Pengguna Google,5,2026-04-13 13:08:25,sangat membantu tanpa antri2,Positif,sangat bantu tanpa antri
Pengguna Google,5,2026-04-13 12:19:47,terlalu simpel,Positif,terlalu simpel
Pengguna Google,1,2026-04-13 11:31:42,tidak bisa,Negatif,tidak bisa
Pengguna Google,5,2026-04-13 09:56:04,mambantu sekali,Positif,mambantu sekali
Pengguna Google,5,2026-04-13 09:36:22,sangat bagus & membantu👍👍👍,Positif,sangat bagus bantu
Pengguna Google,5,2026-04-13 09:25:20,ok,Positif,ok
Pengguna Google,2,2026-04-13 09:16:12,diminta untk reset kata sandi krna sya lupa sandi.. sya kirimkan via email.. sampe skrng tetap tdk bsa reset kata sandi.. aneh,Negatif,minta untk reset kata sandi krna sya lupa sandi sya kirim via email sampe skrng tetap tidak bsa reset kata sandi aneh
Pengguna Google,5,2026-04-13 08:14:56,jos,Positif,jos
Pengguna Google,5,2026-04-12 22:00:49,"Bagus sekali, bisa beli bensin tanpa ribet dan pasti di terima di seluruh station pertamina yang ada",Positif,bagus sekali bisa beli bensin tanpa ribet pasti terima seluruh station pertamina ada
Pengguna Google,1,2026-04-12 20:15:13,tidak jelas pendaftaran nya,Negatif,tidak jelas daftar nya
Pengguna Google,1,2026-04-12 18:34:05,"sudah top up untuk pembelian Pertamina dex, 2 kali pengalaman device pom bensin nya eror, ujung2 nya diarahkan qris, mubazir bayar2 admin aja buat top up, tp aplikasinya ga bisa dipakai",Negatif,sudah top up beli pertamina dex kali alam device pom bensin nya eror ujung nya arah qris mubazir bayar admin aja buat top up tp aplikasi tidak bisa pakai
Pengguna Google,1,2026-04-12 18:04:47,seharusnya mobil yang sudah bbn mudah untuk di daftarkan,Negatif,harus mobil sudah bbn mudah daftar
Pengguna Google,1,2026-04-12 17:54:50,gak jelas banget ni aplikasi,Negatif,gak jelas banget ni aplikasi
Pengguna Google,5,2026-04-12 14:22:43,Terkadang petugas pom bensin mengada-ngada,Positif,terkadang tugas pom bensin mengadangada
Pengguna Google,1,2026-04-12 14:21:05,"aplikasi makin ribet, mau daftarin kendaraan gk bisa-bisa tapi mau beli bbm subsidi harus punya barcode. benerin dulu aplikasi nya supaya gampang. jangan bikin aturan ny aja getol, wajib ini itu tapi mempersulit rakyat.",Negatif,aplikasi makin ribet mau daftarin kendara tidak bisabisa tapi mau beli bbm subsidi harus punya barcode benerin dulu aplikasi nya supaya gampang jangan bikin atur ny aja getol wajib tapi sulit rakyat
Pengguna Google,1,2026-04-12 13:30:03,"pendaftaran sangat susah, aplikasi tolol",Negatif,daftar sangat susah aplikasi tolol
Pengguna Google,5,2026-04-12 11:58:58,top,Positif,top
Pengguna Google,1,2026-04-12 11:21:33,RIBET,Negatif,ribet
Pengguna Google,5,2026-04-12 11:13:07,good apps,Positif,good apps
Pengguna Google,5,2026-04-12 11:05:01,Alus,Positif,alus
Pengguna Google,5,2026-04-12 10:38:47,top,Positif,top
Pengguna Google,1,2026-04-12 10:02:02,terlalu sering banyak update,Negatif,terlalu sering banyak update
Pengguna Google,5,2026-04-12 08:03:25,banyak membantu,Positif,banyak bantu
Pengguna Google,1,2026-04-11 20:13:54,"apa"" di persulitt, susah bener, ngelanggar engga tau"" di blokir, di daftar ulang susahnya minta ampun padahal udah pake berkas yang sesuai foto yang bener"" keliatan nopol, roda, hadep nyerong, tapi foto dan nopol tidak sesuai cape bener",Negatif,apa persulitt susah bener ngelanggar engga tau blokir daftar ulang susah minta ampun padahal udah pake berkas sesuai foto bener liat nopol roda hadep nyerong tapi foto nopol tidak sesuai cape bener
Pengguna Google,5,2026-04-11 18:53:38,ok,Positif,ok
Pengguna Google,5,2026-04-11 17:25:00,"alhamdulillah membantu, semoga selalu lancar gk ada gangguan.",Positif,alhamdulillah bantu moga selalu lancar tidak ada ganggu
Pengguna Google,5,2026-04-11 17:09:30,ok,Positif,ok
Pengguna Google,2,2026-04-11 14:29:21,verifikasi di tolak kurang bener cara foto kendaraan. udah diperbaiki tp respon kurang cepet,Negatif,verifikasi tolak kurang bener cara foto kendara udah baik tp respon kurang cepet
Pengguna Google,1,2026-04-11 14:28:25,respon telat,Negatif,respon telat
Pengguna Google,5,2026-04-11 14:02:39,oke punya,Positif,oke punya
Pengguna Google,5,2026-04-11 12:47:48,mypertamina is the best,Positif,mypertamina is the best
Pengguna Google,1,2026-04-11 10:40:05,"Gagal verifikasi terus, aplikasi macam apa ini? seperti gak diurus sama developer nya 🙏🏻",Negatif,gagal verifikasi terus aplikasi macam apa seperti gak urus sama developer nya
Pengguna Google,5,2026-04-11 09:58:49,bagus,Positif,bagus
Pengguna Google,1,2026-04-11 09:38:21,"ada bug saat isi tanggal lahir, jadi tidak update data",Negatif,ada bug saat isi tanggal lahir jadi tidak update data
Pengguna Google,1,2026-04-11 09:31:44,bukannya mempermudah malah dipersulit.tau2 qr di blokir.pengajuan data ditolak berkali2.telfon cs sibuk trs.tidak ada solusi,Negatif,bukan mudah malah dipersulittau qr blokirpengajuan data tolak berkalitelfon cs sibuk trstidak ada solusi
Pengguna Google,1,2026-04-11 08:35:54,"kemaren qr di blokir,diperbarui data malah skrg pengajuan data ditolak terus berkali2.telfon CS sibuk trs!trs suruh minta bantuan ke siapa????ga jelas bngt,ga bikin mudah malah tmbah mempersulit.",Negatif,kemaren qr blokirdiperbarui data malah skrg aju data tolak terus berkalitelfon cs sibuk trstrs suruh minta bantu siapaga jelas bngtga bikin mudah malah tmbah sulit
Pengguna Google,5,2026-04-11 06:34:23,sesuai....,Positif,sesuai
Pengguna Google,5,2026-04-11 00:50:05,mempermudah pengisian bensin,Positif,mudah isi bensin
Pengguna Google,1,2026-04-10 21:10:05,Saya mau bayar pakai my pertamina tetapi tidak bisa malah disuruh hubungi 135 padahal saldo ada sama sinyal bagus,Negatif,saya mau bayar pakai my pertamina tetapi tidak bisa malah suruh hubung padahal saldo ada sama sinyal bagus
Pengguna Google,5,2026-04-10 20:43:13,good,Positif,good
Pengguna Google,1,2026-04-10 18:36:03,"mau sinkronin akun go-pay ke my Pertamina masa terus"" coba LG ... padahal my Pertamina nya udah di-upgrade terbaru dan nomor yang didaftarkan pun sudah sama tapi tetap aja nggak bisa disinkronkan... kuntul admin",Negatif,mau sinkronin akun gopay my pertamina masa terus coba lg padahal my pertamina nya udah diupgrade baru nomor daftar pun sudah sama tapi tetap aja nggak bisa sinkron kuntul admin
Pengguna Google,5,2026-04-10 18:35:09,siiip,Positif,siiip
Pengguna Google,1,2026-04-10 14:23:23,"Sistemnya cukup ribet dan mempersulit. Tiba-tiba barcode tdk bsa digunakan dan terpaksa mendaftar ulang, namun saat foto stnk dan kendaraan selalu gagal dan ditolak padahal foto sudah sesuai dengan petunjuk di aplikasi. Jika gagal, disarankan hapus data kendaraan sementara untuk daftar ulang harus nunggu 24 jam. RIBET!",Negatif,sistem cukup ribet sulit tibatiba barcode tidak bsa guna paksa daftar ulang namun saat foto stnk kendara selalu gagal tolak padahal foto sudah sesuai tunjuk aplikasi jika gagal saran hapus data kendara sementara daftar ulang harus nunggu jam ribet
Pengguna Google,2,2026-04-10 14:12:41,aplikasi sering nutup sendiri tolong dong admin di perbaiki masa iya aplikasi pemerintah sering error,Negatif,aplikasi sering nutup sendiri tolong dong admin baik masa iya aplikasi perintah sering error
Pengguna Google,5,2026-04-10 12:36:31,sangat BAGUS,Positif,sangat bagus
Pengguna Google,5,2026-04-10 11:35:04,sangat membantu,Positif,sangat bantu
Pengguna Google,1,2026-04-10 11:30:31,"Uda susah, dipaksain susah.. kami punya 8 unit mobil ambulance, smua ditolak barcodenya .. klw ada yg susah kenapa dipermudah..",Negatif,uda susah dipaksain susah kami punya unit mobil ambulance smua tolak barcodenya klw ada susah kenapa mudah
Pengguna Google,1,2026-04-10 11:03:31,pusat bantuan gajelas telfon video call gak berfungsi ngapain ada fitur nya kalo tidak berfungsi?,Negatif,pusat bantu gajelas telfon video call gak fungsi ngapain ada fitur nya kalo tidak fungsi
Pengguna Google,1,2026-04-10 09:58:20,ga ada guna pakai Pertamina. kirain dapat fasilitas. ternyata POM pada tidak ada jalur khusus. pertalite. BUMN payah. sistem ga ada yang bener,Negatif,tidak ada guna pakai pertamina kirain dapat fasilitas nyata pom tidak ada jalur khusus pertalite bumn payah sistem tidak ada bener
Pengguna Google,5,2026-04-10 09:15:54,mantap cara gampang tanpa tunai,Positif,mantap cara gampang tanpa tunai
Pengguna Google,5,2026-04-10 08:44:38,"pelayanan cepat dan akurat, mantap SPBU Raya langsep",Positif,layan cepat akurat mantap spbu raya langsep
Pengguna Google,5,2026-04-09 22:01:59,Aplikasinya sangat membantu saya tuk menjalankan pekerjaan.,Positif,aplikasi sangat bantu saya tuk jalan kerja
Pengguna Google,5,2026-04-09 19:59:28,untuk daftar barcode. melalui website subsidi tepat di masukan di google crome atau brosur... ikuti langkahnya data sesuai dan foto harus mengikuti instruksi.. ini aplikasi bagus untuk pembayaran dan banyak promo pula top dah...,Positif,daftar barcode lalu website subsidi tepat masuk google crome atau brosur ikut langkah data sesuai foto harus ikut instruksi aplikasi bagus bayar banyak promo pula top dah
Pengguna Google,5,2026-04-09 19:35:52,mantap,Positif,mantap
Pengguna Google,5,2026-04-09 18:28:35,oke,Positif,oke
Pengguna Google,1,2026-04-09 18:18:28,"Ga bisa rubah nomor HP dan ga bisa hapus akun Jadi kl nomor sudah hangus/ganti, harus daftar lagi Seharusnya kl sudah terintegrasi dengan nomor KTP bisa lebih mudah buat regist/unreg",Negatif,tidak bisa rubah nomor hp tidak bisa hapus akun jadi kl nomor sudah hangusganti harus daftar lagi harus kl sudah integrasi nomor ktp bisa lebih mudah buat registunreg
Pengguna Google,5,2026-04-09 17:56:48,saya sangat suka pakai my Pertamina karna mudah untuk transaksi,Positif,saya sangat suka pakai my pertamina karna mudah transaksi
Pengguna Google,1,2026-04-09 17:39:50,"aplikasi paling konyol. akun udah dibuat. input data sudah benar. nik sudah diinput. otp sudah masuk email. saat login tidak bisa masuk karena NIK tidak di temukan. email atau password salah. kode otp aja masuk, gimana bisa salah kocak, sumpah gak niat bikin aplikasi atau mempersulit yang ingin daftar. kacau!",Negatif,aplikasi paling konyol akun udah buat input data sudah benar nik sudah diinput otp sudah masuk email saat login tidak bisa masuk karena nik tidak temu email atau password salah kode otp aja masuk gimana bisa salah kocak sumpah gak niat bikin aplikasi atau sulit ingin daftar kacau
Pengguna Google,5,2026-04-09 16:18:05,sangat membantu,Positif,sangat bantu
Pengguna Google,5,2026-04-09 15:22:24,sangat baik,Positif,sangat baik
Pengguna Google,5,2026-04-09 14:10:17,jadi kebanyakan aplikasi kemaren daftar dipegawe SPBU bya diblokir blokiran senua sekarang daftar sendiri verifikasi nya lama gimana mau ekonomi jalan cepet daftar aja butuh wektu verifikasi 14 hari pertamina pada gimana siiiih bikin aplikasi tapi sosialisasinya parah luuuuu pada.,Positif,jadi banyak aplikasi kemaren daftar dipegawe spbu bya blokir blokir senua sekarang daftar sendiri verifikasi nya lama gimana mau ekonomi jalan cepet daftar aja butuh wektu verifikasi hari pertamina gimana siiiih bikin aplikasi tapi sosialisasi parah luuuuu
Pengguna Google,1,2026-04-09 11:29:24,"aplikasi sering error pas mau pembayaran bikin jengkel karena udah masukin semua budget BBM ke aplikasi ini, jawaban admin ga membantu aplikasi masih sering error",Negatif,aplikasi sering error pas mau bayar bikin jengkel karena udah masukin semua budget bbm aplikasi jawab admin tidak bantu aplikasi masih sering error
Pengguna Google,4,2026-04-09 10:56:08,sesuai,Positif,sesuai
Pengguna Google,1,2026-04-09 09:56:10,"aplikasi kalo dari pemerintah itu kenapa jelek sekali y? error lah, ada notif cobe beberapa saat lagi lah, etc.",Negatif,aplikasi kalo perintah kenapa jelek sekali y error lah ada notif cobe beberapa saat lagi lah etc
Pengguna Google,1,2026-04-09 09:38:29,gangguan terus,Negatif,ganggu terus
Pengguna Google,1,2026-04-09 09:23:56,"alsan qr kadaluarsa, sudah di update pengajuan selalu ditolak",Negatif,alsan qr kadaluarsa sudah update aju selalu tolak
Pengguna Google,4,2026-04-09 08:30:15,bagus pake bgt,Positif,bagus pake banget
Pengguna Google,5,2026-04-09 08:18:52,awesome,Positif,awesome
Pengguna Google,5,2026-04-09 08:08:57,bagus,Positif,bagus
Pengguna Google,1,2026-04-09 06:15:05,sangat susah daftar kendaraan 🤬🤬🤬,Negatif,sangat susah daftar kendara
Pengguna Google,4,2026-04-08 22:07:18,"dlm proses pembayaran msh menggunakan layar monitor, sebagai barkot pembayaran sehingga TDK fleksibel",Positif,dlm proses bayar msh guna layar monitor bagai barkot bayar sehingga tidak fleksibel
Pengguna Google,5,2026-04-08 22:02:24,barcot sayaa di blokir pas riset ulang di tolak,Positif,barcot sayaa blokir pas riset ulang tolak
Pengguna Google,5,2026-04-08 21:17:12,"halo .. sy beli BBM dua hari yg lalu, kenapa dicari di aktivitas transaksi tidak ada bukti transaksi nya ya? bulan lalu setiap selesai pembayaran via QR lgsung ada muncul di aktivitas pembelian produknya, mohon petunjuk 🙏",Positif,halo sy beli bbm dua hari lalu kenapa cari aktivitas transaksi tidak ada bukti transaksi nya ya bulan lalu tiap selesai bayar via qr lgsung ada muncul aktivitas beli produk mohon tunjuk
Pengguna Google,2,2026-04-08 20:54:55,"sudah beberapa kali saya tidak bisa membayar dengan my Pertamina dengan notif gagal,ini saya coba di beberapa SPBU dengan tempat yang berbeda.tolong lah aplikasi nya jangan error' terus.sayang poin saya untuk mendapatkan undian motor",Negatif,sudah beberapa kali saya tidak bisa bayar my pertamina notif gagalini saya coba beberapa spbu tempat berbedatolong lah aplikasi nya jangan error terussayang poin saya dapat undi motor
Pengguna Google,1,2026-04-08 17:30:32,"login error format nomer hp salah,.ga jelas ni aplikasi",Negatif,login error format nomer hp salahga jelas ni aplikasi
Pengguna Google,5,2026-04-08 17:30:25,adanya barcode memudahkan ketika pengisian.,Positif,ada barcode mudah ketika isi
Pengguna Google,5,2026-04-08 16:26:21,bagus,Positif,bagus
Pengguna Google,5,2026-04-08 14:34:22,"thank a lot , hatur nuhun MyPertamina QR sudah berhasil walau dgn susah payah foto kendaraan sesuai dgn AI bagi bukan gen Z ... wkwkwk,... Barakallah",Positif,thank a lot hatur nuhun mypertamina qr sudah hasil walau susah payah foto kendara sesuai ai bagi bukan gen z wkwkwk barakallah
Pengguna Google,1,2026-04-08 13:06:01,customer service nya ga bisa D hubungi,Negatif,customer service nya tidak bisa d hubung
Pengguna Google,1,2026-04-08 11:45:39,banyak kendala,Negatif,banyak kendala
Pengguna Google,5,2026-04-08 11:44:33,mantap,Positif,mantap
Pengguna Google,1,2026-04-08 11:40:27,"sering berhenti dan tiba tiba for close , makin kesini ngisi data perbarui data juga sering eror",Negatif,sering henti tiba tiba for close makin kesini ngisi data baru data juga sering eror
Pengguna Google,1,2026-04-08 11:09:38,mau update data sudah 1 minggu lebih zonk/gagal terus kenapa...?,Negatif,mau update data sudah minggu lebih zonkgagal terus kenapa
Pengguna Google,5,2026-04-08 11:08:29,baik,Positif,baik
Pengguna Google,4,2026-04-08 10:29:20,semoga lancr trus solar,Positif,moga lancr trus solar
Pengguna Google,5,2026-04-08 08:56:12,sangat baik,Positif,sangat baik
Pengguna Google,5,2026-04-08 08:11:27,oke,Positif,oke
Pengguna Google,5,2026-04-08 07:50:04,puas,Positif,puas
Pengguna Google,5,2026-04-08 07:09:05,mantab,Positif,mantab
Pengguna Google,5,2026-04-07 21:18:42,lancar aplikasinya bagus,Positif,lancar aplikasi bagus
Pengguna Google,5,2026-04-07 21:06:35,mantap,Positif,mantap
Pengguna Google,5,2026-04-07 20:13:13,sangat cocok,Positif,sangat cocok
Pengguna Google,5,2026-04-07 19:39:15,baik untuk barisan pembayaran khusus . bayar cash antri tau oke lah .,Positif,baik baris bayar khusus bayar cash antri tau oke lah
Pengguna Google,5,2026-04-07 18:52:39,ok,Positif,ok
Pengguna Google,5,2026-04-07 18:41:27,gampang pemakaiannya,Positif,gampang pakai
Pengguna Google,5,2026-04-07 18:40:07,good,Positif,good
Pengguna Google,5,2026-04-07 16:12:50,bagus,Positif,bagus
Pengguna Google,1,2026-04-07 16:10:33,"Br registrasi tp blm dpt barcode bbmnya. Mau input data kendaraan ga bs2, statusnya gagal terus. Terpaksa ngisi di SPBU swasta deh inimah",Negatif,br registrasi tp blm dpt barcode bbmnya mau input data kendara tidak bs status gagal terus paksa ngisi spbu swasta deh inimah
Pengguna Google,5,2026-04-07 15:54:09,mantapp,Positif,mantapp
Pengguna Google,5,2026-04-07 15:45:53,sangat bagus,Positif,sangat bagus
Pengguna Google,5,2026-04-07 12:59:35,mantap,Positif,mantap
Pengguna Google,5,2026-04-07 12:20:32,min bagaimana agar proses verifikasi subsidi tepat sasaran bisa cepat terverifikasi?,Positif,min bagaimana agar proses verifikasi subsidi tepat sasar bisa cepat verifikasi
Pengguna Google,1,2026-04-07 11:32:00,mau daptar juga susah banget...aplikasi apaan,Negatif,mau daptar juga susah bangetaplikasi apa
Pengguna Google,5,2026-04-07 11:20:55,my pertamina mantap 👍,Positif,my pertamina mantap
Pengguna Google,1,2026-04-07 11:17:27,saya tidak bisa input kartu kredit di aplikasi kni padahal cashbacknya dari program kartu kredit,Negatif,saya tidak bisa input kartu kredit aplikasi kni padahal cashbacknya program kartu kredit
Pengguna Google,5,2026-04-07 10:06:16,terimakasih atas layanannya,Positif,terimakasih atas layan
Pengguna Google,5,2026-04-07 09:37:04,ok,Positif,ok
Pengguna Google,5,2026-04-07 08:40:13,kerren,Positif,kerren
Pengguna Google,1,2026-04-07 08:09:26,"saya merasa kurang puas karena setiap beberapa hari harus verifikasi OTP kembali saat login.. Ribet karena butuh waktu.. saran saya hilangkan OTP ini ganti dengan metode PIN atw Password saat buka aplikasi, ini jauh lebih relevan",Negatif,saya rasa kurang puas karena tiap beberapa hari harus verifikasi otp kembali saat login ribet karena butuh waktu saran saya hilang otp ganti metode pin atw password saat buka aplikasi jauh lebih relevan
Pengguna Google,1,2026-04-07 01:04:10,"Pengalaman kurang menyenangkan terkait barcode subsidi BBM ayah saya. Barcode tiba-tiba terblokir tanpa penjelasan jelas. Saat ditanyakan ke petugas, justru mendapat respon tidak sopan. Sudah coba hubungi call center, tapi terputus di tengah proses. Mohon perbaikan pelayanan, penjelasan yang transparan, dan bantuan aktivasi ulang yang lebih mudah, terutama untuk pengguna lanjut usia. Terima kasih.",Negatif,alam kurang senang kait barcode subsidi bbm ayah saya barcode tibatiba blokir tanpa jelas jelas saat tanya tugas justru dapat respon tidak sopan sudah coba hubung call center tapi putus tengah proses mohon baik layan jelas transparan bantu aktivasi ulang lebih mudah utama guna lanjut usia terima kasih
Pengguna Google,5,2026-04-06 20:51:56,Top Bgt...,Positif,top banget
Pengguna Google,5,2026-04-06 20:27:25,okey,Positif,okey
Pengguna Google,1,2026-04-06 16:03:21,MAKIN TOLOL AJA NI APLIKASI,Negatif,makin tolol aja ni aplikasi
Pengguna Google,1,2026-04-06 12:19:22,"aplikasi gagal banyak erorr nya, mau daptar subsidi tepat selalu gagal di kirim dengan banyak alasan, padahal semua data sudah benar surat2 pajak hidup semua, gak niat banget ni bikin aplikasi bikin emosi saya padahal waktu pertama ada peraturan daptar gk ribet2 amat",Negatif,aplikasi gagal banyak erorr nya mau daptar subsidi tepat selalu gagal kirim banyak alas padahal semua data sudah benar surat pajak hidup semua gak niat banget ni bikin aplikasi bikin emosi saya padahal waktu pertama ada atur daptar tidak ribet amat
Pengguna Google,1,2026-04-06 10:53:10,"mohonlah kami yang masyarkat susah ini jangan dipersulit mendaftar menunggu feripikasi sudah 14 hari menunggu, pas mendaftar lagi alsan mobil tidak layak",Negatif,mohon kami masyarkat susah jangan sulit daftar tunggu feripikasi sudah hari tunggu pas daftar lagi alsan mobil tidak layak
Pengguna Google,1,2026-04-06 10:14:32,tiba tiba beberapa barcode kendaraan hilang. lalu saat coba urus ulang selalu gagal dengan alasan foto stnk & kendaraan kurang sesuai. sudah dicoba foto ulang berkali kali tetap saja gagal. Digitalisasi yang harusnya mempermudah justru sebaliknya pada aplikasi ini. Lebih baik arahkan kendaraan ke kantor terdekat agar bisa crosscheck fisik langsung. Fitur foto langsung dari aplikasi / web malah mempersulit 👎,Negatif,tiba tiba beberapa barcode kendara hilang lalu saat coba urus ulang selalu gagal alas foto stnk kendara kurang sesuai sudah coba foto ulang kali kali tetap saja gagal digitalisasi harus mudah justru balik aplikasi lebih baik arah kendara kantor dekat agar bisa crosscheck fisik langsung fitur foto langsung aplikasi web malah sulit
Pengguna Google,5,2026-04-06 09:57:19,mantab,Positif,mantab
Pengguna Google,5,2026-04-06 09:13:10,"Alhamdulillah, dengan my pertamina bayar tagihan pgn bebas admin sepanjang tahun 2026. sehingga saya bisa beralih ke my pertamina, yg sebelumnya pakai e-wallet lain terkena admin. mantab. semoga my pertamina semakin lebih baik kedepannya.",Positif,alhamdulillah my pertamina bayar tagih pgn bebas admin panjang tahun sehingga saya bisa alih my pertamina belum pakai ewallet lain kena admin mantab moga my pertamina makin lebih baik depan
Pengguna Google,4,2026-04-06 08:51:28,praktis dan ekonomis,Positif,praktis ekonomis
Pengguna Google,2,2026-04-06 08:13:19,membantu,Negatif,bantu
Pengguna Google,5,2026-04-06 06:59:41,bagus,Positif,bagus
Pengguna Google,5,2026-04-06 01:12:11,terbaik,Positif,baik
Pengguna Google,1,2026-04-05 19:58:20,susah daftar pelayanan tidakk responsif balasan juga yg tidak nyambung kalau buat aplikasi jangan nyusahin orang . aplikasi cacat,Negatif,susah daftar layan tidakk responsif balas juga tidak nyambung kalau buat aplikasi jangan nyusahin orang aplikasi cacat
Pengguna Google,4,2026-04-05 18:45:33,"tolong tambahkan menu bbm ""tersedia atau habis"" misal pertalite ""tersedia"" , pertamax ""habis"". lebih memudah bagi yg perjalanan jauh tinggal lihat melalui aplikasi. terima kasih.",Positif,tolong tambah menu bbm sedia atau habis misal pertalite sedia pertamax habis lebih mudah bagi jalan jauh tinggal lihat lalu aplikasi terima kasih
Pengguna Google,5,2026-04-05 15:46:35,ok,Positif,ok
Pengguna Google,5,2026-04-05 15:41:51,sangat membantu,Positif,sangat bantu
Pengguna Google,2,2026-04-05 12:24:39,"UI UX oke bagus, tetapi untuk hal lain masih lambat dan membuat repot menunggu seharian ( membuang waktu ). Jika sudah lebih baik akan saya ubah bintang penilaiannya. Atau bisa juga untuk menambah rating dengan membayar orang ( Buzzer ) atau BOT.",Negatif,ui ux oke bagus tetapi hal lain masih lambat buat repot tunggu hari buang waktu jika sudah lebih baik akan saya ubah bintang nilai atau bisa juga tambah rating bayar orang buzzer atau bot
Pengguna Google,5,2026-04-05 12:11:51,sangat puas,Positif,sangat puas
Pengguna Google,2,2026-04-05 12:09:48,tolonglah jangan dipersulit. ganti nomor ke nomor baru harus 2minggu apalah,Negatif,tolong jangan sulit ganti nomor nomor baru harus minggu apa
Pengguna Google,4,2026-04-05 11:43:16,Akhirnya bisa login Terima kasih,Positif,akhir bisa login terima kasih
Pengguna Google,1,2026-04-05 10:04:28,di hapus data yang lama padahal udah login sesuai,Negatif,hapus data lama padahal udah login sesuai
Pengguna Google,1,2026-04-05 09:07:52,ga bisa login ... format salah mulu... heleh,Negatif,tidak bisa login format salah mulu heleh
Pengguna Google,5,2026-04-05 06:32:41,membuat semua jadi mudah dan cepat 👍👍👍,Positif,buat semua jadi mudah cepat
Pengguna Google,5,2026-04-05 06:05:15,aplikasi mudah di mengerti,Positif,aplikasi mudah erti
Pengguna Google,5,2026-04-05 04:26:25,mntep,Positif,mntep
Pengguna Google,1,2026-04-05 04:06:52,aplikasi ga jelas berulang ulang buat daftarin barcode ada aja alasan buat nolaknya padahal mobil baru stnk dibilang editan,Negatif,aplikasi tidak jelas ulang ulang buat daftarin barcode ada aja alas buat nolaknya padahal mobil baru stnk bilang edit
Pengguna Google,5,2026-04-04 22:39:26,bisa ditingkatkan lagi,Positif,bisa tingkat lagi
Pengguna Google,5,2026-04-04 22:30:24,mantap 👍,Positif,mantap
Pengguna Google,1,2026-04-04 20:48:53,kendaraan saya minta perbarui QR code.. tp setelah diajukan dan mau lihat progress.. aplikasi malah ga bisa dibuka..keterlaluan memang.. suka kali mempersulit ..,Negatif,kendara saya minta baru qr code tp telah aju mau lihat progress aplikasi malah tidak bisa dibukaketerlaluan memang suka kali sulit
Pengguna Google,5,2026-04-04 20:00:47,apik,Positif,apik
Pengguna Google,5,2026-04-04 18:24:49,mantap,Positif,mantap
Pengguna Google,1,2026-04-04 17:29:35,"mau daftar aja harus nunggu 14 hari, udah jaman AI kok ngga bisa cepet si 😪",Negatif,mau daftar aja harus nunggu hari udah jaman ai kok ngga bisa cepet si
Pengguna Google,1,2026-04-04 17:23:59,"sering maintenance, jaringan HP bagus, lancar buka semua apk, pas masuk k my pertamina langsung 0kb kecepatan jaringan nya 👎",Negatif,sering maintenance jaring hp bagus lancar buka semua aplikasi pas masuk k my pertamina langsung kb cepat jaring nya
Pengguna Google,1,2026-04-04 16:31:14,"barcode mendadak ga bisa di pake, giliran mau bikin baru verifikasi nya lama, efek nya ga bisa kerja karna barcode masih menunggu verifikasi, pake pertamina dex/dexlite mahal, ga masuk sama uang jalan, kacau ni pertamina",Negatif,barcode dadak tidak bisa pake gilir mau bikin baru verifikasi nya lama efek nya tidak bisa kerja karna barcode masih tunggu verifikasi pake pertamina dexdexlite mahal tidak masuk sama uang jalan kacau ni pertamina
Pengguna Google,5,2026-04-04 15:48:42,kereen,Positif,kereen
Pengguna Google,5,2026-04-04 15:06:26,mantap,Positif,mantap
Pengguna Google,5,2026-04-04 14:47:26,di tambahin lokasi pengisian bbm rasanya lebih bagus min. di riwayat transaksi,Positif,tambahin lokasi isi bbm rasa lebih bagus min riwayat transaksi
Pengguna Google,5,2026-04-04 13:52:15,mudah digunakan,Positif,mudah guna
Pengguna Google,1,2026-04-04 13:08:04,"Hari ini terpaksa gak jadi beli pertamax, padahal sudah buka tangki bensin karena aplikasi ngeload lama banget. Tolonglah ini aplikasi jangan sering error, saya sudah beberapa kali mengalami gak bisa bayar pakai mypertamina karena aplikasi loadingnya lama.",Negatif,hari paksa gak jadi beli pertamax padahal sudah buka tangki bensin karena aplikasi ngeload lama banget tolong aplikasi jangan sering error saya sudah beberapa kali alami gak bisa bayar pakai mypertamina karena aplikasi loadingnya lama
Pengguna Google,5,2026-04-04 11:20:24,like,Positif,like
Pengguna Google,5,2026-04-04 11:15:45,baik,Positif,baik
Pengguna Google,2,2026-04-04 10:20:45,"mau daftar subsidi tepat juga susah,nik udah bener kata sandi bener pas mau masuk tetep salah terus",Negatif,mau daftar subsidi tepat juga susahnik udah bener kata sandi bener pas mau masuk tetep salah terus
Pengguna Google,1,2026-04-04 10:18:17,"error, nomor salah mulu, gk jelas",Negatif,error nomor salah mulu tidak jelas
Pengguna Google,5,2026-04-04 08:44:38,mantul,Positif,mantul
Pengguna Google,4,2026-04-04 08:43:13,"pendaftaran terlalu lama bagi saya, untuk konfirmasinya",Positif,daftar terlalu lama bagi saya konfirmasi
Pengguna Google,1,2026-04-04 08:06:08,masi di peroses,Negatif,mas peroses
Pengguna Google,5,2026-04-04 08:02:29,mantaapp...,Positif,mantaapp
Pengguna Google,2,2026-04-03 22:05:33,ini cerita nya gimana. data sudah lengkap foto KTP asli trus pemberitahuan foto yg tidak jelas di ambil dari layar komputer atau di print yg benar aja la kalau sistem gk bisa baca lebih bagus tutup aja sistem nya gk perlu repotin rakyat yg mau isi BBM kami beli bukan minta. masak kita kalah sama warga aceh. warga aceh aja gk kayak gini repot nya.,Negatif,cerita nya gimana data sudah lengkap foto ktp asli trus pemberitahuan foto tidak jelas ambil layar komputer atau print benar aja la kalau sistem tidak bisa baca lebih bagus tutup aja sistem nya tidak perlu repotin rakyat mau isi bbm kami beli bukan minta masak kita kalah sama warga aceh warga aceh aja tidak kayak gin repot nya
Pengguna Google,1,2026-04-03 21:46:26,"barcode lama jadi ga aktif, verifikasi ngulang terus atau gagal, ga jelas sistem BUMN!",Negatif,barcode lama jadi tidak aktif verifikasi ngulang terus atau gagal tidak jelas sistem bumn
Pengguna Google,5,2026-04-03 15:46:05,Proses pembayaran praktis dan mudah,Positif,proses bayar praktis mudah
Pengguna Google,1,2026-04-03 15:41:39,susah login subsidi tepat,Negatif,susah login subsidi tepat
Pengguna Google,5,2026-04-03 14:29:43,mantap,Positif,mantap
Pengguna Google,1,2026-04-03 14:26:53,aplikasi jaman majapahit. tak guna. daftar kendaraan mobil berkali2 di tolak pdhal sudah sesui apa yg diminta ttep saja di tolak. aneh,Negatif,aplikasi jaman majapahit tak guna daftar kendara mobil kali tolak pdhal sudah sesui apa minta ttep saja tolak aneh
Pengguna Google,1,2026-04-03 14:26:27,apk dak jelas,Negatif,aplikasi dak jelas
Pengguna Google,2,2026-04-03 13:35:42,dari kemarin pembayaran melalui gopay selalu gabisa kenapa ya,Negatif,kemarin bayar lalu gopay selalu gabisa kenapa ya
Pengguna Google,5,2026-04-03 13:17:26,sesuai dengan harapan dan tepat sasaran,Positif,sesuai harap tepat sasar
Pengguna Google,1,2026-04-03 12:16:17,"ajukan keluh kesah malah error, coba lagi beberapa saat. ini aplikasi sebenernya di update gak sih? soalnya aplikasi ini penting. kalo emng males update, ilangin sistem barcode! balik kaya dulu aja gaperlu pake barcode!",Negatif,aju keluh kesah malah error coba lagi beberapa saat aplikasi sebenernya update gak sih soal aplikasi penting kalo emng males update ilangin sistem barcode balik kaya dulu aja gaperlu pake barcode
Pengguna Google,5,2026-04-03 11:40:04,terima kasih,Positif,terima kasih
Pengguna Google,1,2026-04-03 09:35:05,"PUNYA APLIKASI INI MAU BELI BBM AJA HARUS PAKAI PIHAK KETIGA,, KALAH SAMA APLIKASI SHOPEE APLIKASI TOKPED,, APLIKASI LAZADA YANG LANGSUNG ADA SALDONYA LANGSUNG BISA ISI SALDO DI APLIKASI MASING MASIH GAK PERLU LAGI PAKAI PIHAK KETIGA HARUS DOWNLOAD APLIKASI LAIN LAH!!!!!!! PARAH MYPERTAMINA BELUM PROFESIONAL 🤦🏻🤦🏻🤦🏻🤦🏻",Negatif,punya aplikasi mau beli bbm aja harus pakai pihak tiga kalah sama aplikasi shopee aplikasi tokped aplikasi lazada langsung ada saldo langsung bisa isi saldo aplikasi masing masih gak perlu lagi pakai pihak tiga harus download aplikasi lain lah parah mypertamina belum profesional
Pengguna Google,5,2026-04-03 09:03:18,mantep,Positif,mantep
Pengguna Google,5,2026-04-03 06:47:18,kerenn,Positif,kerenn
Pengguna Google,5,2026-04-02 18:25:49,sangat membantu,Positif,sangat bantu
Pengguna Google,5,2026-04-02 17:55:38,saya puas,Positif,saya puas
Pengguna Google,1,2026-04-02 17:55:08,sangat mengecewakan.. pembuatan barcode subsidi berkas udh lengkap sesuai yg di minta poto kendaraan sdh sesuai malah di tolak cb admin pertamina tolong kerja sama nya jgn terlalu mempersulit masyrakat.. sdh di gajih besar kerja gk ada yg becus,Negatif,sangat kecewa buat barcode subsidi berkas udh lengkap sesuai minta poto kendara sdh sesuai malah tolak cb admin pertamina tolong kerja sama nya jgn terlalu sulit masyrakat sdh gajih besar kerja tidak ada becus
Pengguna Google,5,2026-04-02 17:09:18,Edit no hp apa bisa? Saat,Positif,edit no hp apa bisa saat
Pengguna Google,5,2026-04-02 16:47:27,sangat baik,Positif,sangat baik
Pengguna Google,1,2026-04-02 15:48:27,cacat aplikasinya walau aplikasi milik pemerintah. kenapa harus ada sesi2 login? malah bikin antrean panjang di spbu.,Negatif,cacat aplikasi walau aplikasi milik perintah kenapa harus ada sesi login malah bikin antre panjang spbu
Pengguna Google,5,2026-04-02 15:15:27,membantu masyarakat,Positif,bantu masyarakat
Pengguna Google,5,2026-04-02 14:57:26,good,Positif,good
Pengguna Google,5,2026-04-02 14:31:20,oke,Positif,oke
Pengguna Google,5,2026-04-02 12:17:42,oke,Positif,oke
Pengguna Google,5,2026-04-02 12:06:26,oke bagus bgt,Positif,oke bagus banget
Pengguna Google,1,2026-04-02 11:13:18,apk ribet daftar nik sudah daftar tp katanya nik tidak terdaftar,Negatif,aplikasi ribet daftar nik sudah daftar tp kata nik tidak daftar
Pengguna Google,5,2026-04-02 11:07:46,trimakasih jadi mempermudah pembayaran,Positif,trimakasih jadi mudah bayar
Pengguna Google,1,2026-04-02 10:48:29,"aplikasinya gak bisa diapa2n, login gak bisa reset oin gak bisa upadat udah, gak niat emang",Negatif,aplikasi gak bisa diapan login gak bisa reset oin gak bisa upadat udah gak niat emang
Pengguna Google,1,2026-04-02 10:47:03,apaan daftar susah banget gambar udah jelas maaih aja di mintain foto ulang,Negatif,apa daftar susah banget gambar udah jelas maaih aja mintain foto ulang
Pengguna Google,1,2026-04-02 10:34:27,"mendapatkan notifikasi pendaftaran sampai aktif harus menungu 14hari kerja, yang bener aja",Negatif,dapat notifikasi daftar sampai aktif harus tungu hari kerja bener aja
Pengguna Google,5,2026-04-02 09:25:19,apk nya sangat membantu saya,Positif,aplikasi nya sangat bantu saya
Pengguna Google,5,2026-04-02 06:50:07,mantul,Positif,mantul
Pengguna Google,1,2026-04-02 06:43:49,"Tidak bisa registrasi, muncul pemberitahuan ""terjadi kesalahan tak terduga""",Negatif,tidak bisa registrasi muncul pemberitahuan jadi salah tak duga
Pengguna Google,5,2026-04-02 06:41:57,mantul,Positif,mantul
Pengguna Google,5,2026-04-02 03:30:14,mantappp,Positif,mantappp
Pengguna Google,5,2026-04-02 02:29:48,TERBAIK,Positif,baik
Pengguna Google,1,2026-04-02 00:53:57,tolong ngapa eror ini mau di hubungkan ke gopay kok gagal memperoses permintaan anda terus,Negatif,tolong ngapa eror mau hubung gopay kok gagal memperoses minta anda terus
Pengguna Google,5,2026-04-02 00:25:56,sangat membantu,Positif,sangat bantu
Pengguna Google,2,2026-04-02 00:23:38,vertifikasi bbm subsidi tolong di permudah dan di percepat.,Negatif,vertifikasi bbm subsidi tolong mudah cepat
Pengguna Google,1,2026-04-01 23:01:54,"metode pembayaran nya sulit gagal terus,sangat"" buruk",Negatif,metode bayar nya sulit gagal terussangat buruk
Pengguna Google,5,2026-04-01 22:29:29,bekerja dengan baik dan bagus sekali terimakasih MyPertamina,Positif,kerja baik bagus sekali terimakasih mypertamina
Pengguna Google,2,2026-04-01 20:54:13,"Overall saya suka sama semua fitur, cuma ini kenapa ya kok saya reset kata sandi/lupa kata sandi, eror terus saya sudah ganti device beberapa kali sama aja, tolong di perbaiki kasian orang orang yang sandi nya lupa",Negatif,overall saya suka sama semua fitur cuma kenapa ya kok saya reset kata sandilupa kata sandi eror terus saya sudah ganti device beberapa kali sama aja tolong baik kasi orang orang sandi nya lupa
Pengguna Google,1,2026-04-01 19:02:03,"apl bikin susah orang,",Negatif,apl bikin susah orang
Pengguna Google,1,2026-04-01 18:36:32,gak jelas ini aplikasi mypertamina. mau daftar barcode aja seperti melamar kerja BUMN.,Negatif,gak jelas aplikasi mypertamina mau daftar barcode aja seperti lamar kerja bumn
Pengguna Google,1,2026-04-01 17:22:02,"Tingkatan lagi kualitas aplikasinya, kadang buffering terlalu lama ketika setelah scan dan menunggu lama di station pengisian bahan bakar",Negatif,tingkat lagi kualitas aplikasi kadang buffering terlalu lama ketika telah scan tunggu lama station isi bahan bakar
Pengguna Google,5,2026-04-01 16:17:36,bagus dan terpercaya,Positif,bagus percaya
Pengguna Google,5,2026-04-01 14:44:44,seandainya aplikasi ini bisa juga melihat semua jenis minyak ada apa enggak di setiap pom past tambai berguna,Positif,anda aplikasi bisa juga lihat semua jenis minyak ada apa enggak tiap pom past tambai guna
Pengguna Google,5,2026-04-01 13:17:40,ribet,Positif,ribet
Pengguna Google,5,2026-04-01 12:35:14,mantap Skali.,Positif,mantap skali
Pengguna Google,5,2026-04-01 10:31:22,oke,Positif,oke
Pengguna Google,1,2026-04-01 09:44:37,"tolong di tindak SPBU dgn kode 14.202.149 jl ah nasution seberang asrama haji kota Medan. karena banyak korupsi takaran minyaknya. saya salah satu korbannya, isi minyak bajaj re full malah 8.9liter, padahal bajaj itu kapasitas 8 liter. yg jadi masalah minyak saya masih tergolong banyak, lampu indikator masih bewarna kuning bukan merah. kalau di taksir lebih kurang 3 liter mereka korupsinya.",Negatif,tolong tindak spbu kode jl ah nasution seberang asrama haji kota medan karena banyak korupsi takar minyak saya salah satu korban isi minyak bajaj re full malah liter padahal bajaj kapasitas liter jadi masalah minyak saya masih golong banyak lampu indikator masih bewarna kuning bukan merah kalau taksir lebih kurang liter mereka korupsi
Pengguna Google,5,2026-04-01 09:35:55,praktis,Positif,praktis
Pengguna Google,2,2026-04-01 09:32:05,tambahikan dong pembayaran seperti dana ato shopeepay,Negatif,tambahikan dong bayar seperti dana ato shopeepay
Pengguna Google,5,2026-04-01 09:26:35,pembayaran lebih praktis,Positif,bayar lebih praktis
Pengguna Google,5,2026-04-01 09:06:07,bagus membantu,Positif,bagus bantu
Pengguna Google,1,2026-04-01 07:29:37,format salah format salah jelas2 udh sesuai log in dengan no tlf dan pin,Negatif,format salah format salah jelas udh sesuai log in no tlf pin
Pengguna Google,5,2026-04-01 06:57:51,cara mengatasi barcode hilang lupa login??,Positif,cara atas barcode hilang lupa login
Pengguna Google,5,2026-04-01 06:13:51,bagus,Positif,bagus
Pengguna Google,5,2026-04-01 02:08:37,ok,Positif,ok
Pengguna Google,5,2026-04-01 02:00:03,mantap dan profwaional,Positif,mantap profwaional
Pengguna Google,1,2026-04-01 00:32:28,APLIKASI APA PAS ISI GA BISA BAYAR PAKE GOPAY ALASAN NYA HARUS PAKE LINK AJA. KENAPA HARUS ADA APL LAIN DI PEMBAYARAN KALO CUMAN BISA PAKE LINK AJA,Negatif,aplikasi apa pas isi tidak bisa bayar pake gopay alas nya harus pake link aja kenapa harus ada apl lain bayar kalo cuman bisa pake link aja
Pengguna Google,5,2026-03-31 23:02:18,good,Positif,good
Pengguna Google,5,2026-03-31 22:48:12,mantap,Positif,mantap
Pengguna Google,1,2026-03-31 20:49:55,"Aplikasi lemot payah, kalo belum mampu bikin aplikasi gausah ngide deh!, kasian orang tua yang ga biasa pake gadget",Negatif,aplikasi lot payah kalo belum mampu bikin aplikasi gausah ngide deh kasi orang tua tidak biasa pake gadget
Pengguna Google,5,2026-03-31 20:15:07,good,Positif,good
Pengguna Google,5,2026-03-31 20:09:53,sangat membantu,Positif,sangat bantu
Pengguna Google,5,2026-03-31 19:54:44,Bagus,Positif,bagus
Pengguna Google,5,2026-03-31 19:52:07,aplikasi ini bagus,Positif,aplikasi bagus
Pengguna Google,5,2026-03-31 18:49:00,Baik sekali,Positif,baik sekali
Pengguna Google,5,2026-03-31 18:14:00,sangat membantu,Positif,sangat bantu
Pengguna Google,1,2026-03-31 17:46:12,berkai kali mencoba daftar teros gagal,Negatif,berkai kali coba daftar ros gagal
Pengguna Google,5,2026-03-31 17:06:16,"Aplikasi belum stabil. Sering loading saat input data, pakai wifi atau data tetap lambat/ blank page",Positif,aplikasi belum stabil sering loading saat input data pakai wifi atau data tetap lambat blank page
Pengguna Google,1,2026-03-31 15:33:42,dari tahun 2023 sampe 2026 daftar penerima subsidi gak bisa. aneh....... apakah ini yang di namakan subsidi tepat sasaran. sedangkan banyak mobil2 bagus isi bbm subsidi. makin aneh pemerintah ini,Negatif,tahun sampe daftar terima subsidi gak bisa aneh apakah nama subsidi tepat sasar sedang banyak mobil bagus isi bbm subsidi makin aneh perintah
Pengguna Google,1,2026-03-31 15:18:38,"Mau masuk ngga bisa bilangnya format nomor telepon salah, anehnya ganti pin bisa dengan format nomor telepon yang sama.. Gimana coba? Tolong diperbaiki... Mau daftar mobil baru jadi ngga bisa",Negatif,mau masuk ngga bisa bilang format nomor telepon salah aneh ganti pin bisa format nomor telepon sama gimana coba tolong baik mau daftar mobil baru jadi ngga bisa
Pengguna Google,5,2026-03-31 14:48:32,oke,Positif,oke
Pengguna Google,5,2026-03-31 14:44:04,ok,Positif,ok
Pengguna Google,2,2026-03-31 13:36:16,"sebenarnya suka dengan aplikasinya, tapi sayang tidak semua SPBU bisa menggunakan metode ini untuk pembayaran",Negatif,benar suka aplikasi tapi sayang tidak semua spbu bisa guna metode bayar
Pengguna Google,2,2026-03-31 13:36:10,"di SPBU area wilayah alam sutera Tangerang Selatan banyak mobil dengan kapasitas di atas 1500cc isi bahan bakar subsidi atau biasa di sebut pertalite Civik Toyota,Inova ,IRV, dan masih banyak lagi lain nya ,kalo tidak percaya silahkan survey ke lapangan, pantesan BBM subsidi tidak tepat sasaran y seperti ini",Negatif,spbu area wilayah alam sutera tangerang selatan banyak mobil kapasitas atas cc isi bahan bakar subsidi atau biasa sebut pertalite civik toyotainova irv masih banyak lagi lain nya kalo tidak percaya silah survey lapang pantesan bbm subsidi tidak tepat sasar y seperti
Pengguna Google,2,2026-03-31 13:18:59,kecewa ga ada pemberitahuan langsung di hapus akun barcode nya,Negatif,kecewa tidak ada pemberitahuan langsung hapus akun barcode nya
Pengguna Google,2,2026-03-31 13:14:05,"keluhan nopol, diulang berkali kali, errorr nunggu lagi 3-4 hari ya ampunn males nya, sampe belum jadi jadi, cuma demi barcode",Negatif,keluh nopol ulang kali kali errorr nunggu lagi hari ya ampunn males nya sampe belum jadi jadi cuma demi barcode
Pengguna Google,5,2026-03-31 12:45:47,oke,Positif,oke
Pengguna Google,1,2026-03-31 12:15:03,aplikasi ampas kebanyakan korupsi,Negatif,aplikasi ampas banyak korupsi
Pengguna Google,1,2026-03-31 12:13:00,ratusan kali coba selalu muncul nik dan pin tidak sesuai aplikasi pertamina punya IT kentang semua.,Negatif,ratus kali coba selalu muncul nik pin tidak sesuai aplikasi pertamina punya it kentang semua
Pengguna Google,1,2026-03-31 12:07:34,"aplikasi mempersulit penguna, perbaiki biar penguna my Pertamina mudah untuk mengakses membuat barcode",Negatif,aplikasi sulit penguna baik biar penguna my pertamina mudah akses buat barcode
Pengguna Google,5,2026-03-31 11:23:43,bagus n baik ber manfaat,Positif,bagus n baik ber manfaat
Pengguna Google,5,2026-03-31 11:18:31,ok,Positif,ok
Pengguna Google,5,2026-03-31 11:07:56,keren.,Positif,keren
Pengguna Google,5,2026-03-31 11:01:35,aplikasi yang sangat bagus dan berguna bagi bangsa dan negara,Positif,aplikasi sangat bagus guna bagi bangsa negara
Pengguna Google,1,2026-03-31 10:35:28,"ngawur banget,barcode tiba2 ga bisa d pake alasan'y barcode kadaluarsa,harus d reset pas d cek d aplikasi udh g ada,data ke hapus, supir mau ngisi solar ga bisa,Pake barcode lain ga boleh alesan SOP, SOP'y pake barcode,system'y memble,",Negatif,ngawur bangetbarcode tiba tidak bisa d pake alasany barcode kadaluarsaharus d reset pas d cek d aplikasi udh g adadata hapus supir mau ngisi solar tidak bisapake barcode lain tidak boleh alesan sop sopy pake barcodesystemy memble
Pengguna Google,1,2026-03-31 10:01:49,data udah benar mobil udah benar. masa pengajuan di tolak mulu. salahnya di mana sih woee,Negatif,data udah benar mobil udah benar masa aju tolak mulu salah mana sih woee
Pengguna Google,5,2026-03-31 09:11:37,berguna bagi pemerataan subsidi,Positif,guna bagi perata subsidi
Pengguna Google,4,2026-03-31 08:54:17,Bermanfaat buat para penggunanya,Positif,manfaat buat para guna
Pengguna Google,1,2026-03-31 08:37:21,"di kota metro pom bensin nya tidak mau Terima pakai gopay alasan mereka uang selalu tidak masuk, hanya bisa pakai ovo dan link saja",Negatif,kota metro pom bensin nya tidak mau terima pakai gopay alas mereka uang selalu tidak masuk hanya bisa pakai ovo link saja
Pengguna Google,1,2026-03-31 08:05:55,aplikasi susah masuk,Negatif,aplikasi susah masuk
Pengguna Google,5,2026-03-30 20:36:26,pengunaan mudah,Positif,pengunaan mudah
Pengguna Google,1,2026-03-30 20:16:22,"Sistem ketika sudah di scan lalu tidak bisa di scan kembali itu sangat menyulitkan karena ada kondisi jika tidak jadi ngisi bensin karena alasan pembayaran, lalu mengisi tempat lain ada waktu tunggu yang lama dan harus menunggu di tempat tersebut, jika tidak maka reset menunggu 3 jam itu sangat menyulitkan. imbasnya saya kesulitan untuk isi bensin. ini bisa jadi kondisi bias untuk menambahkan fitur untuk aplikasi penjaga spbu.",Negatif,sistem ketika sudah scan lalu tidak bisa scan kembali sangat sulit karena ada kondisi jika tidak jadi ngisi bensin karena alas bayar lalu isi tempat lain ada waktu tunggu lama harus tunggu tempat sebut jika tidak maka reset tunggu jam sangat sulit imbas saya sulit isi bensin bisa jadi kondisi bias tambah fitur aplikasi jaga spbu
Pengguna Google,1,2026-03-30 20:15:21,"mau minta kode QR subsidi tepat aja susah ,sudah di benerin ampe brp x tp tetep aja gak bisa , padahal awal pertama daftar bisa , terus suruh update yang kedua ampe berapa kalipun tetep gak bisa sampai di benerin sama petugas pom nya aja gak bisa ,plisslah jangan mempersulitt ,terlalu ribett ,saya ini org tua gak begitu paham kalo di suruh update memperbarui lagi ,sampe bingung ini jd gak bisa buat berangkat kerja .tolong di perbaiki lagi dong sistemnya ,masa sy hrs ganti plat bru utk daftar trs",Negatif,mau minta kode qr subsidi tepat aja susah sudah benerin ampe brp x tp tetep aja gak bisa padahal awal pertama daftar bisa terus suruh update dua ampe berapa kali tetep gak bisa sampai benerin sama tugas pom nya aja gak bisa plisslah jangan mempersulitt terlalu ribett saya org tua gak begitu paham kalo suruh update baru lagi sampe bingung jd gak bisa buat berangkat kerja tolong baik lagi dong sistem masa sy hrs ganti plat bru utk daftar trs
Pengguna Google,5,2026-03-30 19:24:56,klo bisa sih perbanyak discon ny biar lebih tertarik lagi sama prodak myPertamina,Positif,klo bisa sih banyak discon ny biar lebih tarik lagi sama prodak mypertamina
Pengguna Google,5,2026-03-30 18:13:30,kenapa ya sering ufdate trus,Positif,kenapa ya sering ufdate trus
Pengguna Google,1,2026-03-30 15:47:05,"kasih point untuk pertalite dong,, diskriminasi bgt",Negatif,kasih point pertalite dong diskriminasi banget
Pengguna Google,5,2026-03-30 13:42:10,memudahkan mencari SPBU terdekat dan sering ada promo,Positif,mudah cari spbu dekat sering ada promo
Pengguna Google,2,2026-03-30 12:15:52,mau reset password di minta konfirmasi no WA dan SMS sudah di klik keduanya sampai jatah konfirmasi tinggal satu tak ada satupun pesan yg nongol!,Negatif,mau reset password minta konfirmasi no wa sms sudah klik dua sampai jatah konfirmasi tinggal satu tak ada satu pesan nongol
Pengguna Google,5,2026-03-30 11:36:46,sangat bagus,Positif,sangat bagus
Pengguna Google,5,2026-03-30 09:46:33,majulah dan jaya,Positif,maju jaya
Pengguna Google,5,2026-03-30 09:45:47,ok,Positif,ok
Pengguna Google,5,2026-03-30 09:30:11,simple and praktis,Positif,simple and praktis
Pengguna Google,5,2026-03-30 06:21:13,recomended,Positif,recomended
Pengguna Google,1,2026-03-30 05:47:40,tolong ya evaluasi lagi setiap SPBU terutama Depok lama apalagi setiap isi bensin menggunakan barcode terlebih dlu. saya isi bensin 20 ribu dengan uang 50 ribu angka dan literannya sudah pas tetapi lihat isi tangki bensin saya hampir penuh karyawan SPBU memberikan pengambilan uang saya senilai 25 ribu yang harusnya pengembalian uang saya 30 ribu. tolong di evaluasi jangan memainkan harga atau literan bensin. ini bukan soal nominal uang tapi kejujuran jangan banyak memberikan kerugian.,Negatif,tolong ya evaluasi lagi tiap spbu utama depok lama apalagi tiap isi bensin guna barcode lebih dlu saya isi bensin ribu uang ribu angka liter sudah pas tetapi lihat isi tangki bensin saya hampir penuh karyawan spbu beri ambil uang saya nila ribu harus kembali uang saya ribu tolong evaluasi jangan main harga atau liter bensin bukan soal nominal uang tapi jujur jangan banyak beri rugi
Pengguna Google,5,2026-03-30 04:25:54,bagus,Positif,bagus
Pengguna Google,5,2026-03-29 23:27:32,waw keren bahlil,Positif,waw keren bahlil
Pengguna Google,5,2026-03-29 22:58:52,pakai my pertamina mudah dan gak perlu antri..,Positif,pakai my pertamina mudah gak perlu antri
Pengguna Google,5,2026-03-29 22:21:53,sangat baik,Positif,sangat baik
Pengguna Google,1,2026-03-29 21:42:12,"Awalnya sdh punya. Kmd plat nomor diganti (bkn keinginan sendiri). Mau mindah MyPertamina ke nomor plat terbaru susah sekali. Mencoba ganti dgn identitas baru, sdh sesuai prosedur, msh jg sulit. Mohon bilamana dibaca Pertamina, dimudahkan ya. Terimakasih...",Negatif,awal sdh punya kmd plat nomor ganti bkn ingin sendiri mau mindah mypertamina nomor plat baru susah sekali coba ganti identitas baru sdh sesuai prosedur msh jg sulit mohon bilamana baca pertamina mudah ya terimakasih
Pengguna Google,5,2026-03-29 21:36:09,"sudah lama tidak pakai aplikasi ini karena ganti HP, douwload lagi dan masuk tanpa kendala (work it)",Positif,sudah lama tidak pakai aplikasi karena ganti hp douwload lagi masuk tanpa kendala work it
Pengguna Google,5,2026-03-29 20:16:17,awesome,Positif,awesome
Pengguna Google,5,2026-03-29 20:14:47,bagus,Positif,bagus
Pengguna Google,1,2026-03-29 19:42:55,saya coba login tidak bisa padahal sudah lupa pasword,Negatif,saya coba login tidak bisa padahal sudah lupa pasword
Pengguna Google,5,2026-03-29 18:57:54,"Halo admin Apakah bisa untuk aplikasi mypertamina di kembalikan seperti dahulu ,yang ada fitur/terakhir transaksi di pom mana ! karna aplikasi ini sangat membantu untuk mobil rental Terima kasih",Positif,halo admin apakah bisa aplikasi mypertamina kembali seperti dahulu ada fiturterakhir transaksi pom mana karna aplikasi sangat bantu mobil rental terima kasih
Pengguna Google,2,2026-03-29 17:40:34,Kadang lemot. tiap minggu minta update terus knpa ni?,Negatif,kadang lot tiap minggu minta update terus knpa ni
Pengguna Google,5,2026-03-29 17:37:47,oke banget,Positif,oke banget
Pengguna Google,5,2026-03-29 16:26:36,bagus my pertamina makasih ya,Positif,bagus my pertamina makasih ya
Pengguna Google,1,2026-03-29 15:41:08,"kenapa sih susah amat mau buat barcode saja selalu ubah data diri pdhl sdh maksimal updatenya, ini nmanya bukan membantu masyarakat tp mempersulit",Negatif,kenapa sih susah amat mau buat barcode saja selalu ubah data diri pdhl sdh maksimal updatenya nmanya bukan bantu masyarakat tp sulit
Pengguna Google,5,2026-03-29 15:21:27,bagus,Positif,bagus
Pengguna Google,5,2026-03-29 11:47:41,belum pernah terpakai,Positif,belum pernah pakai
Pengguna Google,5,2026-03-29 10:35:45,pembayaran sangat mudah 😊,Positif,bayar sangat mudah
Pengguna Google,5,2026-03-29 10:18:17,mantap,Positif,mantap
Pengguna Google,5,2026-03-29 10:15:00,Ok,Positif,ok
Pengguna Google,5,2026-03-29 09:50:14,Ok 👍,Positif,ok
Pengguna Google,5,2026-03-29 09:42:26,ok,Positif,ok
Pengguna Google,5,2026-03-29 06:38:04,bagus banget,Positif,bagus banget
Pengguna Google,1,2026-03-29 00:33:17,Sudah malas untuk membuat barkod karna di putar putar yang ini yang begitu. ini mau beli bensin bukan mau minta.,Negatif,sudah malas buat barkod karna putar putar begitu mau beli bensin bukan mau minta
Pengguna Google,5,2026-03-28 23:39:56,ok,Positif,ok
Pengguna Google,2,2026-03-28 22:58:08,Kenapa setelah update pembayaran selalu gagal terus 🤦,Negatif,kenapa telah update bayar selalu gagal terus
Pengguna Google,5,2026-03-28 21:20:23,Good,Positif,good
Pengguna Google,1,2026-03-28 21:15:21,pakai mypertamina poin saya tidak nambah,Negatif,pakai mypertamina poin saya tidak nambah
Pengguna Google,5,2026-03-28 20:15:39,mantap,Positif,mantap
Pengguna Google,5,2026-03-28 18:57:24,spbu mudah di akses,Positif,spbu mudah akses
Pengguna Google,5,2026-03-28 17:52:32,baik sekali,Positif,baik sekali
Pengguna Google,5,2026-03-28 16:57:17,mantul,Positif,mantul
Pengguna Google,1,2026-03-28 16:24:31,"kenapa selalu Gagal pengiriman, jadi tidak bisa digunakan",Negatif,kenapa selalu gagal kirim jadi tidak bisa guna
Pengguna Google,5,2026-03-28 15:49:44,mantab,Positif,mantab
Pengguna Google,5,2026-03-28 15:27:17,saya mengisi pertalite di SPBU daerah Jogya tidak dilayani dengan alasan foto yg terdaftar tidak sama dengan yang sekarang ( plat nomor dasar hitam jadi dasar putih) mohon penjelasannya cara upgrade.,Positif,saya isi pertalite spbu daerah jogya tidak layan alas foto daftar tidak sama sekarang plat nomor dasar hitam jadi dasar putih mohon jelas cara upgrade
Pengguna Google,4,2026-03-28 14:10:43,ok,Positif,ok
Pengguna Google,5,2026-03-28 13:43:22,"baru pertama pakai my pertamina, pelayanannya di SPBU Rest area 380 very excellent",Positif,baru pertama pakai my pertamina layan spbu rest area very excellent
Pengguna Google,1,2026-03-28 13:02:08,"TOLONG PERBAIKI BUG!!! APLIKASI SAMA WEBSITE SAMA"" ADA BUG!!!",Negatif,tolong baik bug aplikasi sama website sama ada bug
Pengguna Google,5,2026-03-28 12:55:38,Bagus,Positif,bagus
Pengguna Google,5,2026-03-28 10:37:51,mantap bagus,Positif,mantap bagus
Pengguna Google,5,2026-03-28 09:50:11,nice applikasi,Positif,nice applikasi
Pengguna Google,2,2026-03-28 08:45:57,"susah bener mendaftarkan kendaraan... terutama di bagian dokumen, sudah foto gini gitu ttep aja gagal.",Negatif,susah bener daftar kendara utama bagi dokumen sudah foto gin gitu ttep aja gagal
Pengguna Google,5,2026-03-28 07:20:59,bagus,Positif,bagus
Pengguna Google,5,2026-03-27 14:48:30,Ribet ada admin nya lagi,Positif,ribet ada admin nya lagi
Pengguna Google,5,2026-03-27 14:10:41,"Sangat membantu/memudahkan kami bertransaksi , trutama waktu pembelian BBM di SPBU👍",Positif,sangat membantumemudahkan kami transaksi trutama waktu beli bbm spbu
Pengguna Google,4,2026-03-27 13:01:49,agar lebih bagus lg,Positif,agar lebih bagus lg
Pengguna Google,1,2026-03-27 11:04:21,"pelayanan mengecewakan, inikah yg disebut canggih tepat sasaran?",Negatif,layan kecewa ini sebut canggih tepat sasar
Pengguna Google,2,2026-03-27 10:35:37,"Daftar susah banget, gagal alasan KTP tidak terbaca padahal sudah mengikuti posisi foto, foto langsung ktp, ikuti ketentuan dan tata cara daftar. Gak paham lagi mesti gimana daftarnya, gak jelas dasar-dasar penolakan pendaftarannya.",Negatif,daftar susah banget gagal alas ktp tidak baca padahal sudah ikut posisi foto foto langsung ktp ikut tentu tata cara daftar gak paham lagi mesti gimana daftar gak jelas dasardasar tolak daftar
Pengguna Google,4,2026-03-27 07:56:00,kenapa ya? saya gagal terus upload KTP padahal posisi dan kondisi sangat bagus,Positif,kenapa ya saya gagal terus upload ktp padahal posisi kondisi sangat bagus
Pengguna Google,5,2026-03-27 07:14:43,sanggat membantu,Positif,sanggat bantu
Pengguna Google,5,2026-03-27 06:30:28,transaksi lebih mudah,Positif,transaksi lebih mudah
Pengguna Google,1,2026-03-26 18:07:17,mau login aja gk bisa eror apa gimna.. nik dan sandi benar.. masuk lewat browser bisa lewat apk gk bisa aneh,Negatif,mau login aja tidak bisa eror apa gimna nik sandi benar masuk lewat browser bisa lewat aplikasi tidak bisa aneh
Pengguna Google,5,2026-03-26 14:16:00,sangat baik,Positif,sangat baik
Pengguna Google,5,2026-03-26 08:49:30,sangat membantu,Positif,sangat bantu
Pengguna Google,5,2026-03-26 08:21:56,perlahan tapi pasti (tapi keseringan update paksa woi) perbaikan aplikasi bisa berguna setara aplikasi bumn lain. bisa cashless bayar bensin dan menampilkan riwayat pembelian,Positif,perlahan tapi pasti tapi sering update paksa woi baik aplikasi bisa guna tara aplikasi bumn lain bisa cashless bayar bensin tampil riwayat beli
Pengguna Google,5,2026-03-26 08:06:42,toiletnya lumayan bersih,Positif,toilet lumayan bersih
Pengguna Google,5,2026-03-26 08:03:21,"jangan keseringan update sih cuy, gua kadang mo bayar ni ya scar qr nya, dipaksa nunggu download updatenya, jdi lama",Positif,jangan sering update sih cuy gua kadang mo bayar ni ya scar qr nya paksa nunggu download updatenya jdi lama
Pengguna Google,5,2026-03-26 07:56:06,bagus,Positif,bagus
Pengguna Google,4,2026-03-26 07:45:11,"barcode sering dipakai orang tak dikenal, agar ada tambahan cara pengisian bbm dengan pin",Positif,barcode sering pakai orang tak kenal agar ada tambah cara isi bbm pin
Pengguna Google,5,2026-03-26 07:21:55,good,Positif,good
Pengguna Google,5,2026-03-26 06:01:46,pelayanan bagus,Positif,layan bagus
Pengguna Google,5,2026-03-26 05:23:34,ok,Positif,ok
Pengguna Google,5,2026-03-26 01:04:42,tidak bisa bikin barcode nihh,Positif,tidak bisa bikin barcode nihh
Pengguna Google,5,2026-03-25 23:55:54,mantap,Positif,mantap
Pengguna Google,5,2026-03-25 19:18:36,terimakasih,Positif,terimakasih
Pengguna Google,5,2026-03-25 18:19:07,luar biasa,Positif,luar biasa
Pengguna Google,5,2026-03-25 17:43:43,mudah,Positif,mudah
Pengguna Google,1,2026-03-25 17:25:23,"terlalu sering minta update paksa, pop up promo mengganggu loading aplikasi. tolonglah sebagian besar masyarakat tidak memiliki banyak paket internet untuk melakukan update apalagi saat antri melakukan pembayaran, ini sangat tidak efisien dan membuang waktu. buat antarmuka yang hemat bandwidth sehingga waktu muat bisa lebih cepat. ini sudah kesekian kali saya mengalami kendala saat melakukan pembayaran, setelah melakukan update aplikasi butuh waktu untuk menampilkan seluruh interface. what the",Negatif,terlalu sering minta update paksa pop up promo ganggu loading aplikasi tolong bagi besar masyarakat tidak milik banyak paket internet laku update apalagi saat antri laku bayar sangat tidak efisien buang waktu buat antarmuka hemat bandwidth sehingga waktu muat bisa lebih cepat sudah sekian kali saya alami kendala saat laku bayar telah laku update aplikasi butuh waktu tampil seluruh interface what the
Pengguna Google,5,2026-03-25 16:54:42,mantul,Positif,mantul
Pengguna Google,5,2026-03-25 16:51:25,Alhamdulillah...makin..jos...,Positif,alhamdulillahmakinjos
Pengguna Google,1,2026-03-25 16:04:59,mau buka tp wajib update. posisi lg di daerah susah sinyal. sangat menganggu kebijakan wajib update ini,Negatif,mau buka tp wajib update posisi lg daerah susah sinyal sangat menganggu bijak wajib update
Pengguna Google,5,2026-03-25 15:55:59,Sangat bagus,Positif,sangat bagus
Pengguna Google,5,2026-03-25 15:46:16,Ok,Positif,ok
Pengguna Google,5,2026-03-25 15:16:33,sangat mudah dan ngga bikin ribet,Positif,sangat mudah ngga bikin ribet
Pengguna Google,5,2026-03-25 14:47:55,"ini maksudnya gimana barcode expired, tapi daftar ulang ditolak terus, hadeuh",Positif,maksud gimana barcode expired tapi daftar ulang tolak terus hadeuh
Pengguna Google,1,2026-03-25 14:03:35,masih banyak SPBU yang belum menggunakan metode pembayaran via QRIS maupun E-Wallet,Negatif,masih banyak spbu belum guna metode bayar via qris maupun ewallet
Pengguna Google,1,2026-03-25 14:02:46,"emang gak ada niat buat aplikasi , bermasalah terus ..kalo ada SPBU lain enak ngisi tempat lain gak ribet kayak pertamina",Negatif,emang gak ada niat buat aplikasi masalah terus kalo ada spbu lain enak ngisi tempat lain gak ribet kayak pertamina
Pengguna Google,5,2026-03-25 13:21:44,sering update jadi males banget buat update ny terus,Positif,sering update jadi males banget buat update ny terus
Pengguna Google,5,2026-03-25 12:55:11,"bagus, sangat membantu, alangkah baiknya jika saat pembayaran bisa menggunakan sidik jari dan proses scaning barcode lebih sensitif agar pembayaran dapat dilakukan lebih cepat.",Positif,bagus sangat bantu alangkah baik jika saat bayar bisa guna sidik jari proses scaning barcode lebih sensitif agar bayar dapat laku lebih cepat
Pengguna Google,5,2026-03-25 12:52:09,ok,Positif,ok
Pengguna Google,5,2026-03-25 10:04:17,ok,Positif,ok
Pengguna Google,4,2026-03-25 09:32:32,baggus,Positif,baggus
Pengguna Google,5,2026-03-25 01:11:24,ini aplikasi cocok bagi gen Z yang nggak punya cash tapi uangnya berupa saldo wkwkwk,Positif,aplikasi cocok bagi gen z nggak punya cash tapi uang upa saldo wkwkwk
Pengguna Google,1,2026-03-25 00:03:44,loading lama,Negatif,loading lama
Pengguna Google,5,2026-03-24 23:29:52,bayar pakai mypertamina lebih cepat&aman,Positif,bayar pakai mypertamina lebih cepataman
Pengguna Google,5,2026-03-24 22:50:05,OK,Positif,ok
Pengguna Google,5,2026-03-24 21:55:15,sangat membantu,Positif,sangat bantu
Pengguna Google,5,2026-03-24 21:38:47,oke,Positif,oke
Pengguna Google,5,2026-03-24 18:53:38,ok,Positif,ok
Pengguna Google,5,2026-03-24 18:52:27,sagat baik👍,Positif,sagat baik
Pengguna Google,5,2026-03-24 18:44:35,mantap,Positif,mantap
Pengguna Google,5,2026-03-24 18:37:30,"Bagus, sangat memudahkan... TDK perlu lagi antri Pertalite",Positif,bagus sangat mudah tidak perlu lagi antri pertalite
Pengguna Google,5,2026-03-24 18:35:49,ok,Positif,ok
Pengguna Google,4,2026-03-24 18:25:34,terimakasih karna akun terdaftar sudah bisa di pakai lg,Positif,terimakasih karna akun daftar sudah bisa pakai lg
Pengguna Google,5,2026-03-24 18:15:04,mantul,Positif,mantul
Pengguna Google,1,2026-03-24 18:03:40,"pendaftaran kendaraan jelek banget, dulu masih bisa upload gambar sekarang harus foto dari hp dan ya sistem selalu ngebaca selalu gagal padahal sudah sesuai instruksi. stnk selalu tidak kebaca",Negatif,daftar kendara jelek banget dulu masih bisa upload gambar sekarang harus foto hp ya sistem selalu ngebaca selalu gagal padahal sudah sesuai instruksi stnk selalu tidak baca
Pengguna Google,5,2026-03-24 15:48:08,memudahkan transaksi pembayaran BBM,Positif,mudah transaksi bayar bbm
Pengguna Google,5,2026-03-24 15:07:09,"belum pernah menggunakan, semoga baik",Positif,belum pernah guna moga baik
Pengguna Google,5,2026-03-24 14:43:25,ok update aplikasi,Positif,ok update aplikasi
Pengguna Google,5,2026-03-24 13:54:24,baik Oke,Positif,baik oke
Pengguna Google,1,2026-03-24 13:11:40,Aplikasi Ra jelassss,Negatif,aplikasi ra jelassss
Pengguna Google,4,2026-03-24 11:55:44,"tolong di tambah fitur riwayat SPBU nya dong, supaya bisa bantu ngecek kalau mobil hilang, jadi di riwayat pengisian nya di tambah titik lokasi SPBU atau nomor seri SPBU",Positif,tolong tambah fitur riwayat spbu nya dong supaya bisa bantu ngecek kalau mobil hilang jadi riwayat isi nya tambah titik lokasi spbu atau nomor seri spbu
Pengguna Google,5,2026-03-24 11:13:54,membatu,Positif,batu
Pengguna Google,5,2026-03-24 11:09:03,memudahkan transksi pengisian bahan bakar,Positif,mudah transksi isi bahan bakar
Pengguna Google,5,2026-03-24 10:55:44,sehr gut...,Positif,sehr gut
Pengguna Google,1,2026-03-24 10:50:50,Payah sekali verifikasi foto stnk dan kendaraan,Negatif,payah sekali verifikasi foto stnk kendara
Pengguna Google,5,2026-03-24 10:41:34,sangat muda di gunakakan,Positif,sangat muda gunakakan
Pengguna Google,1,2026-03-24 10:10:27,"lawak ngirim foto STNK berkali kali tetep di tolak , gini amat hidup cuma sekali jadi wni",Negatif,lawak ngirim foto stnk kali kali tetep tolak gin amat hidup cuma sekali jadi wni
Pengguna Google,5,2026-03-24 09:40:51,mantap,Positif,mantap
Pengguna Google,5,2026-03-24 09:39:20,"bagus, sangat membantu",Positif,bagus sangat bantu
Pengguna Google,1,2026-03-24 09:22:45,Sistem eror eror dan eror,Negatif,sistem eror eror eror
Pengguna Google,5,2026-03-24 07:57:46,jos,Positif,jos
Pengguna Google,5,2026-03-24 05:21:08,mantap,Positif,mantap
Pengguna Google,5,2026-03-24 02:13:29,the Best,Positif,the best
Pengguna Google,5,2026-03-24 00:12:15,mantap,Positif,mantap
Pengguna Google,1,2026-03-23 22:42:16,sayang banget aplikasinya gk bisapake bayar secara langsung. kalo pake oppo gk bisa daftar ktpnya,Negatif,sayang banget aplikasi tidak bisapake bayar cara langsung kalo pake oppo tidak bisa daftar ktpnya
Pengguna Google,2,2026-03-23 22:39:44,6 tahun lalu saya kasih bintang 1. sekarang tambah satu Bintang lagi karena tiba-tiba data kendaraan saya di my pertamina hilang. akhirnya terpaksa keluar antrian BBM. masih gak jelas aja ini aplikasi. Emang gaji bidang IT disana kecil ya sampai urusan menyempurnakan aplikasi aja terbengkalai,Negatif,tahun lalu saya kasih bintang sekarang tambah satu bintang lagi karena tibatiba data kendara saya my pertamina hilang akhir paksa keluar antri bbm masih gak jelas aja aplikasi emang gaji bidang it sana kecil ya sampai urus sempurna aplikasi aja bengkalai
Pengguna Google,2,2026-03-23 21:01:58,"barcode sering di pake oknum tidak bertanggung jawab, yg heran spbu udah tau barcode dan kendaraan berbeda tapi masi bisa lolos, lbih heran lagi pihak pertamina tutup mata akan hal ini, tolong lbih di kasi tindakan yg tegas ke spbu yg nakal,",Negatif,barcode sering pake oknum tidak tanggung jawab heran spbu udah tau barcode kendara beda tapi mas bisa lolos lbih heran lagi pihak pertamina tutup mata akan hal tolong lbih kasi tindak tegas spbu nakal
Pengguna Google,1,2026-03-23 20:53:42,"tolong dong pihak pertamina tinjau lagi masalah pemblokiran QR, diblokir tapi tidak ada solusi. kami selaku konsumen merasa di rugikan adanya aturan yang masih kurang efesien dilapangan.",Negatif,tolong dong pihak pertamina tinjau lagi masalah blokir qr blokir tapi tidak ada solusi kami selaku konsumen rasa rugi ada atur masih kurang efesien lapang
Pengguna Google,5,2026-03-23 20:53:30,ok,Positif,ok
Pengguna Google,5,2026-03-23 17:28:37,cukup membantu administrasi belanja,Positif,cukup bantu administrasi belanja
Pengguna Google,5,2026-03-23 17:08:42,terlihat riwayat,Positif,lihat riwayat
Pengguna Google,5,2026-03-23 15:08:22,ok,Positif,ok
Pengguna Google,5,2026-03-23 13:19:10,saya Sukak,Positif,saya sukak
Pengguna Google,1,2026-03-23 12:16:40,sangat tidak memuaskan sudah berapa kali coba abgred tdk bisa juga,Negatif,sangat tidak muas sudah berapa kali coba abgred tidak bisa juga
Pengguna Google,4,2026-03-23 12:15:21,baguslah.. tpi saya blm coba pembayaran melaui aplikasi,Positif,bagus tpi saya blm coba bayar melaui aplikasi
Pengguna Google,5,2026-03-23 12:08:49,butuh barcode,Positif,butuh barcode
Pengguna Google,1,2026-03-23 12:08:33,apa ? udh verif profile subsidi belum terhubung terus,Negatif,apa udh verif profile subsidi belum hubung terus
Pengguna Google,5,2026-03-23 12:04:26,sudah banyak perubahan,Positif,sudah banyak ubah
Pengguna Google,5,2026-03-23 11:42:31,Ok,Positif,ok
Pengguna Google,5,2026-03-23 11:35:53,ok,Positif,ok
Pengguna Google,5,2026-03-23 10:25:11,ok,Positif,ok
Pengguna Google,5,2026-03-23 10:00:44,ok,Positif,ok
Pengguna Google,1,2026-03-23 09:29:32,"sulit di update , minta di update tapi sangat sulit cuma muter muter terus",Negatif,sulit update minta update tapi sangat sulit cuma muter muter terus
Pengguna Google,5,2026-03-23 09:02:34,mengatasi masalah tanpa masalah,Positif,atas masalah tanpa masalah
Pengguna Google,1,2026-03-23 08:35:38,"Saya kira isi pertalite dapat poin, ternyata tidak. buat apa coba isi bensin pake aplikasi kalo tidak ada cashback/diskon 😆",Negatif,saya kira isi pertalite dapat poin nyata tidak buat apa coba isi bensin pake aplikasi kalo tidak ada cashbackdiskon
Pengguna Google,5,2026-03-23 08:15:12,OK 👍🙏,Positif,ok
Pengguna Google,5,2026-03-23 07:54:31,aplikasi ini sangat penting bagi kita semua,Positif,aplikasi sangat penting bagi kita semua
Pengguna Google,5,2026-03-23 07:26:14,mudah pakainya,Positif,mudah pakai
Pengguna Google,5,2026-03-23 07:20:49,aplikasi udh sy bintang 5 langsung,Positif,aplikasi udh sy bintang langsung
Pengguna Google,1,2026-03-22 23:45:41,my pertamina sangat tidak membantu kami menambahkan barcoad kendaraan saja di persulit,Negatif,my pertamina sangat tidak bantu kami tambah barcoad kendara saja sulit
Pengguna Google,1,2026-03-22 22:44:54,BAYAR PAKAI QRIS LAMA X PROSESNYA,Negatif,bayar pakai qris lama x proses
Pengguna Google,5,2026-03-22 21:55:01,sangat membantu sekali mypertamina,Positif,sangat bantu sekali mypertamina
Pengguna Google,1,2026-03-22 19:11:22,aplikasi sangat tidak berguna..foto stnk dan mobil sdh sangat jelas tapi ditolak sampai 3x..,Negatif,aplikasi sangat tidak bergunafoto stnk mobil sdh sangat jelas tapi tolak sampai x
Pengguna Google,5,2026-03-22 18:27:05,ok,Positif,ok
Pengguna Google,5,2026-03-22 17:42:39,nyaman jg bertransaksi via my pertamina,Positif,nyaman jg transaksi via my pertamina
Pengguna Google,5,2026-03-22 16:07:39,mantap,Positif,mantap
Pengguna Google,5,2026-03-22 15:25:53,Kadang bisa masuk kadang susah,Positif,kadang bisa masuk kadang susah
Pengguna Google,5,2026-03-22 11:05:29,Mudah,Positif,mudah
Pengguna Google,5,2026-03-22 06:16:53,mantaff,Positif,mantaff
Pengguna Google,5,2026-03-22 05:39:16,so easy,Positif,so easy
Pengguna Google,5,2026-03-21 20:55:38,bagus...syg suka di pakai orang lain,Positif,bagussyg suka pakai orang lain
Pengguna Google,1,2026-03-21 19:06:26,"sistemnya tidak bisa membaca dengan baik, padahal sudah foto sesuai dengan petunjuk. sangat tidak memudahkan pengguna apalagi untuk orang tua",Negatif,sistem tidak bisa baca baik padahal sudah foto sesuai tunjuk sangat tidak mudah guna apalagi orang tua
Pengguna Google,5,2026-03-21 13:42:47,Oke 👍👍👍☝️,Positif,oke
Pengguna Google,5,2026-03-21 12:09:08,semoga dapat hadiah.,Positif,moga dapat hadiah
Pengguna Google,5,2026-03-21 10:15:05,terima kasih sangat bermanfaat,Positif,terima kasih sangat manfaat
Pengguna Google,5,2026-03-21 03:25:52,top,Positif,top
Pengguna Google,5,2026-03-20 17:53:29,sangat membantu ojol dalam transaksi nontunai dan semoga promo berkah ojol,Positif,sangat bantu ojol dalam transaksi nontunai moga promo berkah ojol
Pengguna Google,4,2026-03-20 17:44:14,katanya dapet voucher pas udah bayar malah g ada,Positif,kata dapet voucher pas udah bayar malah g ada
Pengguna Google,1,2026-03-20 16:01:40,lebih baik dihapus saja karena gak bisa digunakan karena ujung ujungnya pakai biro jasa barcode yang pada akhirnya gak jarang kena tipu.,Negatif,lebih baik hapus saja karena gak bisa guna karena ujung ujung pakai biro jasa barcode akhir gak jarang kena tipu
Pengguna Google,5,2026-03-20 15:52:28,good,Positif,good
Pengguna Google,1,2026-03-20 14:01:40,sangat d sayangkan aplikasi sulit sekali buat mendaptar..setiap kali mendaptar selalu gagal dengan yg data ga sesuai dan mobil tidak terdapatar...sedikin saran aja..kita ini kastamer buat membeli..seharus ya sebagai penjual seharus y d permudah biar bisa semua orang bisa membeli..bukan mempersulit..,Negatif,sangat d sayang aplikasi sulit sekali buat mendaptarsetiap kali mendaptar selalu gagal data tidak sesuai mobil tidak terdapatarsedikin saran ajakita kastamer buat membeliseharus ya bagai jual harus y d mudah biar bisa semua orang bisa membelibukan sulit
Pengguna Google,5,2026-03-20 13:27:51,mantap,Positif,mantap
Pengguna Google,1,2026-03-20 13:19:35,"baru kali ini Gedeg banget sama sistem apalah inii, tolongg lah di upgrade yang lebih mudah minimal klo gabisa di hapus sistem seperti ini, bagaimana dengan masyarakat yang bekerja di bidang transportasi, sangat menyusahkan, tolonggg jangan balas komen saja, tapi tindak lanjuti #sangat tidak respek",Negatif,baru kali gedeg banget sama sistem apa ini tolongg lah upgrade lebih mudah minimal klo gabisa hapus sistem seperti bagaimana masyarakat kerja bidang transportasi sangat susah tolonggg jangan balas komen saja tapi tindak lanjut sangat tidak respek
Pengguna Google,5,2026-03-20 13:10:17,keren,Positif,keren
Pengguna Google,5,2026-03-20 13:05:07,baik sekali ngirit bbm,Positif,baik sekali ngirit bbm
Pengguna Google,1,2026-03-20 13:00:10,"aneh,scan barcode ga bis tolol",Negatif,anehscan barcode tidak bis tolol
Pengguna Google,5,2026-03-20 11:53:39,saran: riwayat isi bensin ditambahin kode pom bensin nya jg,Positif,saran riwayat isi bensin ditambahin kode pom bensin nya jg
Pengguna Google,5,2026-03-20 10:55:26,oke,Positif,oke
Pengguna Google,1,2026-03-20 09:30:12,aplikasi busuk gak guna,Negatif,aplikasi busuk gak guna
Pengguna Google,5,2026-03-20 08:58:20,Pertamina kini jauh lebih baik.. semoga tidak ada oknum Ada petugas yang Nakal yang mencurangi jumlah literan.. dan sekarang ada bonus yang jauh lebih baik dari sebelumnya.. teruskan dan tingkatkan kepercayaan publik kepada Pertamina..,Positif,pertamina kini jauh lebih baik moga tidak ada oknum ada tugas nakal curang jumlah liter sekarang ada bonus jauh lebih baik belum terus tingkat percaya publik kepada pertamina
Pengguna Google,5,2026-03-20 08:43:09,sangat membantu,Positif,sangat bantu
Pengguna Google,1,2026-03-20 07:46:49,"Suka error dan dana ku dr aplikasi Link aja, nyangkut di MY Pertamina sampai sekarang",Negatif,suka error dana ku dr aplikasi link aja nyangkut my pertamina sampai sekarang
Pengguna Google,1,2026-03-20 06:52:58,"pertamina gak jelas, bikin aplikasi tpi gak bisa diapakai, mau daftar aja sistem gangguan sdh ber hari2.",Negatif,pertamina gak jelas bikin aplikasi tpi gak bisa diapakai mau daftar aja sistem ganggu sdh ber hari
Pengguna Google,2,2026-03-20 05:44:29,"ini aplikasi sampah mau masuk udah punya akun aja ribet nya luaar biasa, belum lagi mobil saya bisa-bisanya tidak terdaftar untuk no plat ny.. sangat tidak layak aplikasi publik seribet ini",Negatif,aplikasi sampah mau masuk udah punya akun aja ribet nya luaar biasa belum lagi mobil saya bisabisanya tidak daftar no plat ny sangat tidak layak aplikasi publik seribet
Pengguna Google,1,2026-03-19 21:01:10,Trouble mulu ini. Saat kalian meluncurkan aplikasi ini apakah sudah benar-benar siap??? Kenapa saat mau bayar pakai My Pertamina petugasnya bilang lagi error. Buruk sekali kualitas teknologi kalian sekelas BUMN!!!,Negatif,trouble mulu saat kalian luncur aplikasi apakah sudah benarbenar siap kenapa saat mau bayar pakai my pertamina tugas bilang lagi error buruk sekali kualitas teknologi kalian kelas bumn
Pengguna Google,1,2026-03-19 20:39:50,"percuma pake aplikasi, kalo di SPBUnya error mulu",Negatif,percuma pake aplikasi kalo spbunya error mulu
Pengguna Google,5,2026-03-19 20:13:20,sangat membantu🙏,Positif,sangat bantu
Pengguna Google,2,2026-03-19 19:31:34,"tambahkan menu Scand File PNG, PDF, di menu Foto/dokumentasi Kendaraan maupun Surat² Kendaraan, sangat menyulitkan Pengguna Baru!!! Harus Bolak balik Ngefoto tp tetap Saja salah!!! padahal sudah sesuai dengan Contoh Foto yang ada di menu bantuan!!! Meribetkan!!!!",Negatif,tambah menu scand file png pdf menu fotodokumentasi kendara maupun surat kendara sangat sulit guna baru harus bolak balik ngefoto tp tetap saja salah padahal sudah sesuai contoh foto ada menu bantu meribetkan
Pengguna Google,1,2026-03-19 17:55:55,Udh isi data sesuai masih tetap salah apk dngo,Negatif,udh isi data sesuai masih tetap salah aplikasi dngo
Pengguna Google,4,2026-03-19 16:12:40,ok,Positif,ok
Pengguna Google,1,2026-03-19 14:47:37,selalu gagal verivikasi fto mobil gagal terus,Negatif,selalu gagal verivikasi fto mobil gagal terus
Pengguna Google,5,2026-03-19 14:26:07,Transaksi cepat,Positif,transaksi cepat
Pengguna Google,1,2026-03-19 14:15:12,"setelah 2 tahun mau mencoba lagi dafatr ternyata masih tetal saja error saat pendaftaran, 2 tahun lalu foto tidak terdeteksi sekarang malah lebih parah ""GAGAL MELAKUKAN PROSES PENDAFTARAN"" padahal inputnya hanya data kendaraan untum di cek tapi malah stuxk sudah di hapus cache, install ulang masib tetap. bagaimana ini malah menyulitkan saja? makanya jika aplimasi masih banyak bug dan error perbaiki bukan di publish. di detail update perbaikan tampilan aja di urus logic alur nya tidak",Negatif,telah tahun mau coba lagi dafatr nyata masih tetal saja error saat daftar tahun lalu foto tidak deteksi sekarang malah lebih parah gagal laku proses daftar padahal inputnya hanya data kendara untum cek tapi malah stuxk sudah hapus cache install ulang masib tetap bagaimana malah sulit saja makanya jika aplimasi masih banyak bug error baik bukan publish detail update baik tampil aja urus logic alur nya tidak
Pengguna Google,1,2026-03-19 12:19:46,saya mau bayar dimypertamina pakai QRIS LIVIN MANDIRI KOK GAK BISA kok hanya bca oneklik aja,Negatif,saya mau bayar dimypertamina pakai qris livin mandiri kok gak bisa kok hanya bca oneklik aja
Pengguna Google,5,2026-03-19 11:08:12,"keren bgt sih ... spg nya jg ramah, baik & kids friendly bgt .. makasi my pertamina 🥰🥰",Positif,keren banget sih spg nya jg ramah baik kids friendly banget makas my pertamina
Pengguna Google,5,2026-03-19 09:56:38,mudah,Positif,mudah
Pengguna Google,2,2026-03-19 09:49:58,ini kok aplikasinya sering keluar pas mencet bagian subsidi tepat,Negatif,kok aplikasi sering keluar pas mencet bagi subsidi tepat
Pengguna Google,5,2026-03-19 07:10:22,My pertamina mantabs,Positif,my pertamina mantabs
Pengguna Google,1,2026-03-19 06:50:52,"tolong dong pihak Pertamina, masa saya daftar itu tetep g bisa alasannya kendaraan tidak terdaftar, saya sudah pakai nik lama dan baru masih tetep saja tidak terdaftar,saya sudah minta tolong ke SPBU terdekat untuk ngasih cara agar terdaftar, dan kata petugas nya bilang, lewat hp aja pak kan zaman skrng dah canggih alhasil saya coba coba masih tetep ga bisa,tolong dong d update data data nya !!!!",Negatif,tolong dong pihak pertamina masa saya daftar tetep g bisa alas kendara tidak daftar saya sudah pakai nik lama baru masih tetep saja tidak terdaftarsaya sudah minta tolong spbu dekat ngasih cara agar daftar kata tugas nya bilang lewat hp aja pak kan zaman skrng dah canggih alhasil saya coba coba masih tetep tidak bisatolong dong d update data data nya
Pengguna Google,5,2026-03-19 04:40:46,sangat terbantu,Positif,sangat bantu
Pengguna Google,1,2026-03-19 04:19:35,masuk susah,Negatif,masuk susah
Pengguna Google,5,2026-03-19 03:05:27,aplikasi ini sangat membantu untuk saya mengisi bbm,Positif,aplikasi sangat bantu saya isi bbm
Pengguna Google,1,2026-03-19 01:26:44,TIAP KALI MAU PAKAI PASTI DISURUH UPDTE MAAF SAYA CAPEK SAYA UNINSTAL SAJA MEREPOTKAN SEKALI,Negatif,tiap kali mau pakai pasti suruh updte maaf saya capek saya uninstal saja repot sekali
Pengguna Google,5,2026-03-19 01:01:49,memuaskan,Positif,muas
Pengguna Google,5,2026-03-18 22:58:53,baik,Positif,baik
Pengguna Google,1,2026-03-18 22:46:22,Aplikasi sampah,Negatif,aplikasi sampah
Pengguna Google,1,2026-03-18 22:29:28,"saran untuk Pertamina,knapa mau beli bensin ajah susah harus pake barcode,harusnya tanpa barcode juga bisa misal pake KTP,terus dibatasi jumlah pembelian nya,,gimana Indonesia mau maju kalo semua di buat susah...",Negatif,saran pertaminaknapa mau beli bensin ajah susah harus pake barcodeharusnya tanpa barcode juga bisa misal pake ktpterus batas jumlah beli nyagimana indonesia mau maju kalo semua buat susah
Pengguna Google,1,2026-03-18 21:53:01,aplikasi yg membuat masyarakat susah daftar gagal terus .lol,Negatif,aplikasi buat masyarakat susah daftar gagal terus lol
Pengguna Google,5,2026-03-18 21:10:26,"sangat memudahkan thank,s my pertamina",Positif,sangat mudah thanks my pertamina
Pengguna Google,5,2026-03-18 20:34:53,Pelayanan Baikk,Positif,layan baikk
Pengguna Google,1,2026-03-18 15:52:28,nyesel instal aplikasi ini. tidak ada guna nya. aplikasi idiot,Negatif,nyesel instal aplikasi tidak ada guna nya aplikasi idiot
Pengguna Google,5,2026-03-18 13:20:33,aplikasi mantap,Positif,aplikasi mantap
Pengguna Google,4,2026-03-18 12:59:04,bagus membantu,Positif,bagus bantu
Pengguna Google,5,2026-03-18 12:25:53,baik,Positif,baik
Pengguna Google,1,2026-03-17 22:57:40,"kenapa tidak bisa login setelah riset pasword,tolong lah,jangan mempersulit di aplikasi nya juga wahai PERTAMINA",Negatif,kenapa tidak bisa login telah riset paswordtolong lahjangan sulit aplikasi nya juga wahai pertamina
Pengguna Google,1,2026-03-17 22:28:28,ribet,Negatif,ribet
Pengguna Google,5,2026-03-17 20:53:38,Mantap,Positif,mantap
Pengguna Google,5,2026-03-17 19:42:47,keren,Positif,keren
Pengguna Google,4,2026-03-17 16:44:33,"untuk pengambilan gambar buruk sekali tidak bisa manual focus dengan cara di tap baik dari apps ataupun web mypertamina , tidak seperti dahulu bisa langsung ambil dokumen di galeri atau penyimpanan",Positif,ambil gambar buruk sekali tidak bisa manual focus cara tap baik apps atau web mypertamina tidak seperti dahulu bisa langsung ambil dokumen galeri atau simpan
Pengguna Google,5,2026-03-17 15:31:41,bagus,Positif,bagus
Pengguna Google,2,2026-03-17 14:14:36,kenapa tiap mau daftar kendaraan selalu gabisa tulisan nya coba lagi nanti terus padahal data yg di input sudah benar,Negatif,kenapa tiap mau daftar kendara selalu gabisa tulis nya coba lagi nanti terus padahal data input sudah benar
Pengguna Google,5,2026-03-17 13:39:50,oke banget,Positif,oke banget
Pengguna Google,1,2026-03-17 12:53:13,"saya selalu salah pin, sudah saya ubah 3 kali dalam waktu yg berbeda dan masukkan pin sesuai perubahan selalu salah, jujur saya ga ngerti apakah saya yang bodoh atau aplikasi nya yang ga beres, kalau emang belum bisa bikin apk yg bagus gapapa kita rakyat wajar dan tau kok pejabatnya masih pada bodoh jadi gausah nyusahin dengan hal2 kaya gini",Negatif,saya selalu salah pin sudah saya ubah kali dalam waktu beda masuk pin sesuai ubah selalu salah jujur saya tidak ngerti apakah saya bodoh atau aplikasi nya tidak beres kalau emang belum bisa bikin aplikasi bagus gapapa kita rakyat wajar tau kok jabat masih bodoh jadi gausah nyusahin hal kaya gin
Pengguna Google,5,2026-03-17 10:29:25,mantap sekali,Positif,mantap sekali
Pengguna Google,5,2026-03-17 09:24:45,bagus,Positif,bagus
Pengguna Google,1,2026-03-17 07:49:44,pertalete pake botol gak bisa bintang 1 untuk selamanya..hihi motor mati gak ada bantuanya bensin . pom bensin jatimakmur pom bensin stres .,Negatif,pertalete pake botol gak bisa bintang selamanyahihi motor mati gak ada bantuanya bensin pom bensin jatimakmur pom bensin stres
Pengguna Google,1,2026-03-17 07:33:36,"tahun sudah maju, nunggu persetujuan subsidi BBM lamanya kayak nunggu kiamat. mending balik lagi aja ke jaman perangko dan kertas. gini negara kok mau maju.",Negatif,tahun sudah maju nunggu tuju subsidi bbm lama kayak nunggu kiamat mending balik lagi aja jaman perangko kertas gin negara kok mau maju
Pengguna Google,5,2026-03-17 06:55:50,bsgus,Positif,bsgus
Pengguna Google,1,2026-03-17 05:56:51,ribet sekali sekarang buat barcode BBM bukan cuman antri di spbu yg lama tapi lama nunggu verifikasi nya juga 🤦🏻🤦🏻 ancuur memang.tehnik perpindahan ke kendaraan listrik 🤣🤣,Negatif,ribet sekali sekarang buat barcode bbm bukan cuman antri spbu lama tapi lama nunggu verifikasi nya juga ancuur memangtehnik pindah kendara listrik
Pengguna Google,5,2026-03-17 01:09:48,baik,Positif,baik
Pengguna Google,5,2026-03-16 23:45:28,mantapppp,Positif,mantapppp
Pengguna Google,1,2026-03-16 19:54:07,sedikit pun gaguna,Negatif,sedikit pun gaguna
Pengguna Google,5,2026-03-16 16:44:38,bermanfaat,Positif,manfaat
Pengguna Google,5,2026-03-16 16:01:57,ok,Positif,ok
Pengguna Google,5,2026-03-16 15:43:01,"Tolong ditingkatkan lagi pelayanannya supaya pada saat pengisian BBM prosesnya cepat tidak lama ngantri, trimakasih",Positif,tolong tingkat lagi layan supaya saat isi bbm proses cepat tidak lama ngantri trimakasih
Pengguna Google,1,2026-03-16 15:05:37,banyak bug nya,Negatif,banyak bug nya
Pengguna Google,1,2026-03-16 14:48:32,"udah bener lah pake shell, udah bensinnya dioplos skrg apk nya kek paok. udah daftar subsidi hemat 3 taun lalu skrg kaga bisa gimana sii blog",Negatif,udah bener lah pake shell udah bensin oplos skrg aplikasi nya kek paok udah daftar subsidi hemat taun lalu skrg kaga bisa gimana sii blog
Pengguna Google,1,2026-03-16 11:41:34,aplikasi yg menyusahkan gagal trs gagal trs emang aplikasi GK berguna SM sekali,Negatif,aplikasi susah gagal trs gagal trs emang aplikasi tidak guna sm sekali
Pengguna Google,5,2026-03-16 11:21:36,"kenapa aku daftar gagal terus,",Positif,kenapa aku daftar gagal terus
Pengguna Google,5,2026-03-16 11:02:54,Awesome App,Positif,awesome app
Pengguna Google,5,2026-03-16 10:20:38,terima kasih telah memudah kan dalam bertransaksi,Positif,terima kasih telah mudah kan dalam transaksi
Pengguna Google,1,2026-03-16 10:10:41,aplikasi my Pertamina itu jelek dan satu lagi ke BCA harus one klik aduh ribet bener dan satu lagi kalo ke pom bensin ngisi dan pakai kartu atm dan harus kembalian dan dengan nominal 50 ribu dan di kembalikan,Negatif,aplikasi my pertamina jelek satu lagi bca harus one klik aduh ribet bener satu lagi kalo pom bensin ngisi pakai kartu atm harus kembali nominal ribu kembali
Pengguna Google,5,2026-03-16 09:13:22,sekarang lebih mudah g ribet,Positif,sekarang lebih mudah g ribet
Pengguna Google,5,2026-03-16 09:03:36,good job,Positif,good job
Pengguna Google,1,2026-03-16 09:02:57,mohon untuk di hapus kan saja barcode barcode itu . karna gda juga fungsi di lapangan. bukan nya tersalur tepat tapi malah mempersulit. contoh nya mobil yg mewah CC besar masih bisa memakai pertalite dan bio solar . jadi apa fungsi nya barcode . kaji ulang lah peraturan kalian.,Negatif,mohon hapus kan saja barcode barcode karna gda juga fungsi lapang bukan nya salur tepat tapi malah sulit contoh nya mobil mewah cc besar masih bisa pakai pertalite bio solar jadi apa fungsi nya barcode kaji ulang lah atur kalian
Pengguna Google,1,2026-03-16 08:38:10,ribet,Negatif,ribet
Pengguna Google,5,2026-03-16 07:35:18,mantul,Positif,mantul
Pengguna Google,2,2026-03-16 07:03:53,"perbedaan cuma tidak antri panjang dan lebih cepat,harga sama",Negatif,beda cuma tidak antri panjang lebih cepatharga sama
Pengguna Google,1,2026-03-16 04:47:18,"kendaraan saya baru beres mutasi dan pasti ganti plat nomor baru, otomatis nopol di my pertamina dan kendaraan saya skrg berbeda pas daftar pake nopol yg baru harus nunggu 14 hari kerja sedangkan kendaraan saya harus isi bensin. alhasil isi bensi di pom manapun gabisa karna data berbeda. RIBET BANGET SUMPAH",Negatif,kendara saya baru beres mutasi pasti ganti plat nomor baru otomatis nopol my pertamina kendara saya skrg beda pas daftar pake nopol baru harus nunggu hari kerja sedang kendara saya harus isi bensin alhasil isi bensi pom mana gabisa karna data beda ribet banget sumpah
Pengguna Google,5,2026-03-16 02:52:00,MUDIK AMAN BERBAGI HARAPAN,Positif,mudik aman bagi harap
Pengguna Google,5,2026-03-16 01:19:50,aplikasi ini sangat berguna dan sangat membantu,Positif,aplikasi sangat guna sangat bantu
Pengguna Google,5,2026-03-15 22:41:08,mantap proses cepat gak basa basi,Positif,mantap proses cepat gak basa basi
Pengguna Google,1,2026-03-15 18:51:55,g bisa registrasi,Negatif,g bisa registrasi
Pengguna Google,5,2026-03-15 17:49:26,scanner cepat muncul bikin transaksi jadi lebih cepat,Positif,scanner cepat muncul bikin transaksi jadi lebih cepat
Pengguna Google,5,2026-03-15 17:43:38,mantap,Positif,mantap
Pengguna Google,1,2026-03-15 15:03:12,mau bikin barcode aja. ribet. gagal terus. mau beli loh. bkn mencuri!,Negatif,mau bikin barcode aja ribet gagal terus mau beli loh bkn curi
Pengguna Google,5,2026-03-15 15:02:08,ok,Positif,ok
Pengguna Google,5,2026-03-15 14:03:22,ok,Positif,ok
Pengguna Google,4,2026-03-15 13:44:55,ini gimana sistemnya eror lagi?dr tgl 10 sampe skrg eror terus gak bisa buat daftar,Positif,gimana sistem eror lagidr tgl sampe skrg eror terus gak bisa buat daftar
Pengguna Google,5,2026-03-15 13:21:42,sangat membantu,Positif,sangat bantu
Pengguna Google,1,2026-03-15 13:10:18,lelet,Negatif,lelet
Pengguna Google,4,2026-03-15 12:33:43,"bagus tapi bbm sekarang ribet, harus pake barcode. solusinya dong",Positif,bagus tapi bbm sekarang ribet harus pake barcode solusi dong
Pengguna Google,1,2026-03-15 12:23:15,"susah sekali mendaftarkan kendaraan,selalu gagal memproses",Negatif,susah sekali daftar kendaraanselalu gagal proses
Pengguna Google,5,2026-03-15 12:21:28,bagus transaksi nya,Positif,bagus transaksi nya
Pengguna Google,1,2026-03-15 12:12:39,semenjak update sudah gak bisa daftar kendaraan lagi...,Negatif,semenjak update sudah gak bisa daftar kendara lagi
Pengguna Google,5,2026-03-15 12:06:55,oke,Positif,oke
Pengguna Google,5,2026-03-15 12:02:02,Baik,Positif,baik
Pengguna Google,5,2026-03-15 11:43:53,layanan ok,Positif,layan ok
Pengguna Google,2,2026-03-15 10:27:10,"ni aplikasi gimana coba daftar aja buat barcodeny lama bgt, sedangkan spbu pada pake barcode semua.ujung2 nya kita g bisa isi,terpaksa mobil pun g bisa dipake karena minyak ny g ada. tolong jangan nyusahin rakyat...cuman bikin barcode aja bukan bikin SPBU nya😌 di kritik jawabanya sama melulu 😌",Negatif,ni aplikasi gimana coba daftar aja buat barcodeny lama banget sedang spbu pake barcode semuaujung nya kita g bisa isiterpaksa mobil pun g bisa dipake karena minyak ny g ada tolong jangan nyusahin rakyatcuman bikin barcode aja bukan bikin spbu nya kritik jawabanya sama melulu
Pengguna Google,1,2026-03-15 09:52:39,"Tolong jangan mempersulit, saya sudah 3× ngirim foto mobil dan stnk nya, tapi verifikasi selalu ditolak. Awalnya foto tampak depan/samping tidak sesuai, saya perbaiki. Setelah saya perbaiki foto dibilang editan, saya perbaiki ulang juga dibilang editan. Padahal saya foto mobil dan stnk itu langsung dari kamera aslinya!",Negatif,tolong jangan sulit saya sudah ngirim foto mobil stnk nya tapi verifikasi selalu tolak awal foto tampak depansamping tidak sesuai saya baik telah saya baik foto bilang edit saya baik ulang juga bilang edit padahal saya foto mobil stnk langsung kamera asli
Pengguna Google,5,2026-03-15 09:28:40,bagus,Positif,bagus
Pengguna Google,1,2026-03-15 08:55:07,"lha gimana buka subsiidi tepat via aplikasi kalo di aplikasi aja yg tercantum cmn masuk via nik, sedangkan dulu masuk subsidi tepat bisa via email",Negatif,lha gimana buka subsiidi tepat via aplikasi kalo aplikasi aja cantum cmn masuk via nik sedang dulu masuk subsidi tepat bisa via email
Pengguna Google,5,2026-03-15 07:49:56,"masih d seputaran Kota Jamni, daerah daerah kabupaten belum ada layanan, baiknya menjangkau semua SPBU supaya transaksi semakin mudah, cashless is efisien, Merdeka",Positif,masih d putar kota jamni daerah daerah kabupaten belum ada layan baik jangkau semua spbu supaya transaksi makin mudah cashless is efisien merdeka
Pengguna Google,5,2026-03-15 07:02:17,sangat membantu dalam meantri di SPBU,Positif,sangat bantu dalam meantri spbu
Pengguna Google,5,2026-03-15 02:02:57,pelayanan mantap,Positif,layan mantap
Pengguna Google,5,2026-03-15 02:00:20,sangat bagus,Positif,sangat bagus
Pengguna Google,5,2026-03-15 00:20:19,lebih cepat .. gak antri manjang karna pertamax,Positif,lebih cepat gak antri manjang karna pertamax
Pengguna Google,5,2026-03-14 23:32:21,berguna dan lumayan ...... tapi ada batasan nya ....,Positif,guna lumayan tapi ada batas nya
Pengguna Google,2,2026-03-14 22:22:47,"aplikasi jelek, udah berkali"" coba daftar subsidi tepat malah ga bisa di suruh coba lagi coba lagi, giliran di coba malah ga bisa terus, niat ga sih bkin apk",Negatif,aplikasi jelek udah kali coba daftar subsidi tepat malah tidak bisa suruh coba lagi coba lagi gilir coba malah tidak bisa terus niat tidak sih bkin aplikasi
Pengguna Google,5,2026-03-14 22:12:05,mudah nggak ribet,Positif,mudah nggak ribet
Pengguna Google,5,2026-03-14 16:25:00,👌sangat mudah,Positif,sangat mudah
Pengguna Google,4,2026-03-14 16:06:26,service ok,Positif,service ok
Pengguna Google,5,2026-03-14 15:24:58,baik,Positif,baik
Pengguna Google,5,2026-03-14 14:38:40,ok,Positif,ok
Pengguna Google,1,2026-03-14 14:21:24,aplikasi di persulit foto KTP seperti di dari monitor mana ada dari monitor orang di meja KTP mana lagi puasa di persulit,Negatif,aplikasi sulit foto ktp seperti monitor mana ada monitor orang meja ktp mana lagi puasa sulit
Pengguna Google,1,2026-03-14 11:14:05,"mending perbaiki dulu proses verifikasi ktp, bpkb, stnk pas verifikasi dokumen. masa terdeteksi ktp editan lah, terindikasi ktp difoto dari layar lah. hey lol udah jelas-jelas itu di foto langsung pake ktp ASLI bukan PALSU. aplikasi itu mempermudah kalo gini ujung-ujungnya harus ke kantor pertamina lgi. sudah 100x PERCOBAAN gagal terus. dicoba di dua ktp sama aja hasilnya. apa jangan jangan ktp ku palsu yaa haha",Negatif,mending baik dulu proses verifikasi ktp bpkb stnk pas verifikasi dokumen masa deteksi ktp edit lah indikasi ktp foto layar lah hey lol udah jelasjelas foto langsung pake ktp asli bukan palsu aplikasi mudah kalo gin ujungujungnya harus kantor pertamina lgi sudah x coba gagal terus coba dua ktp sama aja hasil apa jangan jangan ktp ku palsu yaa haha
Pengguna Google,5,2026-03-14 11:05:55,ok,Positif,ok
Pengguna Google,5,2026-03-14 09:36:04,Super mantap,Positif,super mantap
Pengguna Google,2,2026-03-14 07:58:01,"susah sekali mau mengisi data, ribet bukan main",Negatif,susah sekali mau isi data ribet bukan main
Pengguna Google,1,2026-03-14 05:54:30,apl sampah.....bukan JD mudah malah membuat rakyat naik darah😡😡😡,Negatif,apl sampahbukan jd mudah malah buat rakyat naik darah
Pengguna Google,5,2026-03-13 21:01:29,sanget baik,Positif,sanget baik
Pengguna Google,1,2026-03-13 20:43:12,sering error pas pembayaran qris,Negatif,sering error pas bayar qris
Pengguna Google,1,2026-03-13 20:18:15,"sistem reload terlalu lama khususnya reload kode, mohon dikaji ulang",Negatif,sistem reload terlalu lama khusus reload kode mohon kaji ulang
Pengguna Google,5,2026-03-13 19:36:32,mudah,Positif,mudah
Pengguna Google,5,2026-03-13 18:28:51,praktis dan okelah mypertamina,Positif,praktis oke mypertamina
Pengguna Google,1,2026-03-13 17:09:33,apk tolol...nomor hp kok bisa di pakek orang lain..nyoba pakek no lain juga udh terdaftar...mereka bisa resgitrasi gimna caranya,Negatif,aplikasi tololnomor hp kok bisa pakek orang lainnyoba pakek no lain juga udh terdaftarmereka bisa resgitrasi gimna cara
Pengguna Google,5,2026-03-13 15:58:17,lumayan diskon nya...,Positif,lumayan diskon nya
Pengguna Google,5,2026-03-13 15:37:18,Nice app..,Positif,nice app
Pengguna Google,1,2026-03-13 14:43:29,"ganti pin malah gak bisa ""gagal memproses permintaan anda"" gw spam berjam jam juga gak bisa",Negatif,ganti pin malah gak bisa gagal proses minta anda gw spam jam jam juga gak bisa
Pengguna Google,1,2026-03-13 12:49:15,data bocor dari sini toh mangkanya banyak yang nelpon,Negatif,data bocor sini toh mangkanya banyak nelpon
Pengguna Google,1,2026-03-13 11:46:33,aplikasi gak guna sering error,Negatif,aplikasi gak guna sering error
Pengguna Google,5,2026-03-13 11:15:18,ok,Positif,ok
Pengguna Google,5,2026-03-13 10:42:56,bagus,Positif,bagus
Pengguna Google,2,2026-03-13 09:42:44,"Update Terbaru dari Aplikasi ini, malah sering Error saat Melakukan Transaksi. Bikin Antrian Panjang aja, Bikin malu aja.",Negatif,update baru aplikasi malah sering error saat laku transaksi bikin antri panjang aja bikin malu aja
Pengguna Google,5,2026-03-13 08:36:52,ini mau reset sandi ko ga bisa trus yaaa,Positif,mau reset sandi ko tidak bisa trus yaaa
Pengguna Google,5,2026-03-13 08:16:31,bagus,Positif,bagus
Pengguna Google,5,2026-03-13 07:02:41,oke tapi HARUS UTAMAKAN KEJUJURAN SUPAYA MASYARAKAT PERCAYA,Positif,oke tapi harus utama jujur supaya masyarakat percaya
Pengguna Google,5,2026-03-13 04:31:14,baguss sekali,Positif,baguss sekali
Pengguna Google,5,2026-03-12 21:49:11,mudah dan praktis,Positif,mudah praktis
Pengguna Google,1,2026-03-12 17:45:22,"gilllaaa.!! spbu gorda udah ngantri lama malah d duluin yg drigen"". mending ke cell, malah ttup gara"" pertamina.. gaje",Negatif,gilllaaa spbu gorda udah ngantri lama malah d duluin drigen mending cell malah ttup gara pertamina gaje
Pengguna Google,5,2026-03-12 16:51:05,sangat baik,Positif,sangat baik
Pengguna Google,5,2026-03-12 14:29:14,mantap,Positif,mantap
Pengguna Google,4,2026-03-12 11:18:57,"rahasianya apasih ? "" jaringan on compitable "" - melayani dengan hati 💯💯💯",Positif,rahasia apasih jaring on compitable layan hati
Pengguna Google,5,2026-03-12 08:38:26,Memberi kemudahan untuk pengisian BBM,Positif,beri mudah isi bbm
Pengguna Google,4,2026-03-12 07:59:50,sering susah login,Positif,sering susah login
Pengguna Google,5,2026-03-12 05:47:56,Mantap,Positif,mantap
Pengguna Google,5,2026-03-11 22:36:31,Terima kasih untuk pengalamannya memudahkan dalam mengisi bensin.,Positif,terima kasih alam mudah dalam isi bensin
Pengguna Google,4,2026-03-11 21:19:12,oke,Positif,oke
Pengguna Google,5,2026-03-11 20:56:50,Bagus,Positif,bagus
Pengguna Google,5,2026-03-11 18:09:59,"mudah, cepat, praktis dan cashless",Positif,mudah cepat praktis cashless
Pengguna Google,5,2026-03-11 18:08:45,mantap,Positif,mantap
Pengguna Google,1,2026-03-11 15:09:42,aplikasi gak jelas. di daftar setelah selesai malah di bilang tidak terdaftar akunnya. di daftar ulang dibilang akun sudah terdaftar. plenger,Negatif,aplikasi gak jelas daftar telah selesai malah bilang tidak daftar akun daftar ulang bilang akun sudah daftar plenger
Pengguna Google,1,2026-03-11 14:41:33,tidak bisa menghapus data kendaraan aplikasi taikkkkk,Negatif,tidak bisa hapus data kendara aplikasi taikkkkk
Pengguna Google,4,2026-03-11 13:45:39,Ribet ah,Positif,ribet ah
Pengguna Google,1,2026-03-11 13:33:13,"Aplikasinya bagian deteksinya sepertinya bermasalah. karena sudah berkali kali ambil foto, tapi tetap tidak terbaca. bahkan ktp saya yg baru diurus di dukcapil pun tidak terbaca. pdhl sudah mengikuti ketentuan dan sangat jelas sekali. dicoba lagi pendaftaran pakai ktp anggota keluarga lain. berhasil. tp untuk foto mobil dan stnk jg gagal. padahal sudah sangat jelas. tolong perbaiki aplikasinya, khususnya di bagian deteksi gambar",Negatif,aplikasi bagi deteksi seperti masalah karena sudah kali kali ambil foto tapi tetap tidak baca bahkan ktp saya baru urus dukcapil pun tidak baca pdhl sudah ikut tentu sangat jelas sekali coba lagi daftar pakai ktp anggota keluarga lain hasil tp foto mobil stnk jg gagal padahal sudah sangat jelas tolong baik aplikasi khusus bagi deteksi gambar
Pengguna Google,1,2026-03-11 13:24:03,mau daftar barcode saja susahnya minta ampun kaya bikin ktp elektronik padahal sudah pas sesuai contoh 😢,Negatif,mau daftar barcode saja susah minta ampun kaya bikin ktp elektronik padahal sudah pas sesuai contoh
Pengguna Google,1,2026-03-11 13:16:51,sebener nya barkot subsidi sangat membingungkan lebih baik basis pajak hidup ajah sih yg memberikan mangfaat nya di banding efaluasi data barkot subsidi mending gabungin ajah sama pajak kendaran yg hidup maaf saya kasih bintang 1 kalu subsidi masih menggunakan basis data di bading pajak lebih baik hapus ajah,Negatif,sebener nya barkot subsidi sangat bingung lebih baik basis pajak hidup ajah sih beri mangfaat nya banding efaluasi data barkot subsidi mending gabungin ajah sama pajak kendaran hidup maaf saya kasih bintang kalu subsidi masih guna basis data bading pajak lebih baik hapus ajah
Pengguna Google,5,2026-03-11 13:11:55,ok,Positif,ok
Pengguna Google,5,2026-03-11 11:57:08,Ok,Positif,ok
Pengguna Google,5,2026-03-11 11:24:49,ok,Positif,ok
Pengguna Google,5,2026-03-11 10:46:58,praktis,Positif,praktis
Pengguna Google,5,2026-03-11 10:09:57,semoga makin bisa diandalkan,Positif,moga makin bisa andal
Pengguna Google,1,2026-03-11 10:08:23,cuma ganti plat nomor awal hitam ganti putih suruh daftar ulang barcode daftar nya pun susah suruh foto berulang ulang kali kalau gak niat kasih subsidi mending gak usah pakai aplikasi malah jadi ribet,Negatif,cuma ganti plat nomor awal hitam ganti putih suruh daftar ulang barcode daftar nya pun susah suruh foto ulang ulang kali kalau gak niat kasih subsidi mending gak usah pakai aplikasi malah jadi ribet
Pengguna Google,5,2026-03-11 09:45:07,mantap,Positif,mantap
Pengguna Google,5,2026-03-11 09:39:40,ok,Positif,ok
Pengguna Google,5,2026-03-10 22:46:03,sangat mudah digunakannya,Positif,sangat mudah guna
Pengguna Google,5,2026-03-10 19:19:50,recommended,Positif,recommended
Pengguna Google,5,2026-03-10 18:57:23,Bermanfaat sekali,Positif,manfaat sekali
Pengguna Google,5,2026-03-10 18:06:42,klo bisa pembelian tunai tanpa aplikasi masuk di histori aplikasi. krn saat pembelian ada no kendaran.,Positif,klo bisa beli tunai tanpa aplikasi masuk histori aplikasi krn saat beli ada no kendaran
Pengguna Google,5,2026-03-10 17:47:29,bagus,Positif,bagus
Pengguna Google,1,2026-03-10 16:28:39,gimana sih dh ganti pin nya juga ga bisa masuk nih my pertamina asem ye,Negatif,gimana sih dh ganti pin nya juga tidak bisa masuk nih my pertamina asem ye
Pengguna Google,5,2026-03-10 16:03:51,"saya memiliki sebuah ide, bagaimana jika my Pertamina ini ada fiture membeli bensin online dengan sistem delivery. agar pengendara yang kehabisan bensin di tengah jalan agar tidak lagi kesulitan untuk mendorong atau towing.",Positif,saya milik buah ide bagaimana jika my pertamina ada fiture beli bensin online sistem delivery agar kendara habis bensin tengah jalan agar tidak lagi sulit dorong atau towing
Pengguna Google,1,2026-03-10 15:03:12,tidak mecerminkan pelayanan..aturannya kakj,Negatif,tidak mecerminkan pelayananaturannya kakj
Pengguna Google,5,2026-03-10 14:54:54,user frendy,Positif,user frendy
Pengguna Google,1,2026-03-10 13:21:35,"ini aplikasi gk jelas, mau daftar subsidi aja susah banget ambil photo ktp, padahal photo ktp yg di ambil sudah sesuai format... sampahhhj",Negatif,aplikasi tidak jelas mau daftar subsidi aja susah banget ambil photo ktp padahal photo ktp ambil sudah sesuai format sampahhhj
Pengguna Google,1,2026-03-10 09:38:16,"Pertamina banyak peraturan, bikin ribet mau daftar ulang barcode aja berminggu-minggu gak jadi2 parah.",Negatif,pertamina banyak atur bikin ribet mau daftar ulang barcode aja bermingguminggu gak jadi parah
Pengguna Google,5,2026-03-10 08:23:43,"ga perlu lama antri,, tgl scan dan isi. mantaaappp",Positif,tidak perlu lama antri tgl scan isi mantaaappp
Pengguna Google,1,2026-03-10 07:49:36,"aplikasi yg ga jelas banget, mau reset kata sandi gagal terus suruh tunggu beberapa saat dari kemarin ga bisa². ampuuun",Negatif,aplikasi tidak jelas banget mau reset kata sandi gagal terus suruh tunggu beberapa saat kemarin tidak bisa ampuuun
Pengguna Google,5,2026-03-10 05:58:36,alhamdulillah sangat membantu walaupun terkadang error.....,Positif,alhamdulillah sangat bantu walaupun terkadang error
Pengguna Google,5,2026-03-10 01:47:05,sangat bagus,Positif,sangat bagus
Pengguna Google,5,2026-03-09 22:45:11,bagus cepat,Positif,bagus cepat
Pengguna Google,5,2026-03-09 19:19:06,"mantap, tapi saya rubah pasword susah amat ya",Positif,mantap tapi saya rubah pasword susah amat ya
Pengguna Google,5,2026-03-09 18:26:03,sangat berguna sekali 🙏🏻🙏🏻🙏🏻,Positif,sangat guna sekali
Pengguna Google,1,2026-03-09 18:09:44,pas ganti plat mobil bikin barkot baru kok gak bisa photo udh jelas verifikasi di tolak terus,Negatif,pas ganti plat mobil bikin barkot baru kok gak bisa photo udh jelas verifikasi tolak terus
Pengguna Google,1,2026-03-09 17:27:47,buat apa ada aplikasi ini. kalo daftar subsidi tepat susah sekali.. tapi kalo pake calo bayar 250rb hitungan detik jadi. astagaa.. pemerintah konyol,Negatif,buat apa ada aplikasi kalo daftar subsidi tepat susah sekali tapi kalo pake calo bayar rb hitung detik jadi astagaa perintah konyol
Pengguna Google,5,2026-03-09 16:25:51,simpel juga penggunaan aplikasinya. terima kasih. sukses terus Indonesia ku.,Positif,simpel juga guna aplikasi terima kasih sukses terus indonesia ku
Pengguna Google,5,2026-03-09 15:36:49,"akun my pertamina saya lupa pasword , ketika reset sandi sudah berhasil tetapi ketika akan login tertulis akun anda sedang di blokir . solusinya bagaimana 🤔",Positif,akun my pertamina saya lupa pasword ketika reset sandi sudah hasil tetapi ketika akan login tulis akun anda sedang blokir solusi bagaimana
Pengguna Google,1,2026-03-09 14:33:40,"ga guna, ga ada yang buka",Negatif,tidak guna tidak ada buka
Pengguna Google,5,2026-03-09 14:09:56,mantap lah,Positif,mantap lah
Pengguna Google,5,2026-03-09 12:00:37,good aplikasi,Positif,good aplikasi
Pengguna Google,1,2026-03-09 09:05:49,Koruptornya banyak,Negatif,koruptor banyak
Pengguna Google,1,2026-03-09 07:24:48,"Ini sebenarnya niat nggak sih buat bikin aplikasi atau judulnya subsidi tepat, tapi pas dikatain barcode kadaluarsa sama SPBU mau dicoba login di aplikasinya malah nggak bisa diapain, disuruh update ke aplikasi terbaru, tapi nggak ada pemberitahuan update. Sampai saat ini masih nggak bisa login dan reset password selalu nggak bisa padahal NIK sudah benar. Kalau nggak bisa bikin aplikasi yang bagus mending nggak usah pakai aplikasi, malah nyusahin. apk ga berguna",Negatif,benar niat nggak sih buat bikin aplikasi atau judul subsidi tepat tapi pas dikatain barcode kadaluarsa sama spbu mau coba login aplikasi malah nggak bisa diapain suruh update aplikasi baru tapi nggak ada pemberitahuan update sampai saat masih nggak bisa login reset password selalu nggak bisa padahal nik sudah benar kalau nggak bisa bikin aplikasi bagus mending nggak usah pakai aplikasi malah nyusahin aplikasi tidak guna
Pengguna Google,2,2026-03-09 06:54:36,"tdk ada manfaatnya, point2 tdk bs bertambah dan SPBU di kalsel tdk semua yg bs memakai pembyran scr online/qris",Negatif,tidak ada manfaat point tidak bs tambah spbu kalsel tidak semua bs pakai pembyran scr onlineqris
Pengguna Google,4,2026-03-09 06:25:34,bagus,Positif,bagus
Pengguna Google,1,2026-03-08 22:07:01,"bisa2 nya data berubahdi subsidi,saya di sumatera malah di ubah data di Kalimantan,",Negatif,bisa nya data berubahdi subsidisaya sumatera malah ubah data kalimantan
Pengguna Google,5,2026-03-08 20:23:19,update susah,Positif,update susah
Pengguna Google,5,2026-03-08 20:00:47,uapik,Positif,uapik
Pengguna Google,5,2026-03-08 19:22:07,ok,Positif,ok
Pengguna Google,5,2026-03-08 17:19:08,Baru mau di coba semoga sukses Baru mau di gunakan,Positif,baru mau coba moga sukses baru mau guna
Pengguna Google,1,2026-03-08 17:06:12,"Aplikasi tidak guna, banyak pom pertamina tidak menerima pembayaran pakai aplikasi ini, apa gunanya pembayaran ditautkan kerekening bank kalau semua banyak yang masih minta uang tunai, untuk jika ada kelebihan diambil. iya !!!!!",Negatif,aplikasi tidak guna banyak pom pertamina tidak terima bayar pakai aplikasi apa guna bayar taut rekening bank kalau semua banyak masih minta uang tunai jika ada lebih ambil iya
Pengguna Google,1,2026-03-08 16:47:49,"aplikasi tolol, mau regis aja susa amat",Negatif,aplikasi tolol mau regis aja susa amat
Pengguna Google,1,2026-03-08 16:46:40,"sekelas pertamina masa bkin aplikasi ga jelas, kode otp ga muncul2 baik di wa/sms, gmn pengembang nya nih?",Negatif,kelas pertamina masa bkin aplikasi tidak jelas kode otp tidak muncul baik wasms gmn kembang nya nih
Pengguna Google,1,2026-03-08 16:25:01,"mempersulit, gak jelas",Negatif,sulit gak jelas
Pengguna Google,5,2026-03-08 15:49:34,good luck,Positif,good luck
Pengguna Google,5,2026-03-08 14:56:07,terima kasih sangat bermanfaat my Pertamina,Positif,terima kasih sangat manfaat my pertamina
Pengguna Google,1,2026-03-08 13:45:45,cacat,Negatif,cacat
Pengguna Google,1,2026-03-08 13:01:18,"seperti biasa, aplikasi pemerintah memang gajelas burukk, mau ngisi saldo ada pas udah mau pembayaran tiba"" gabisa konek... dites bukaa aplikasi lain lancar",Negatif,seperti biasa aplikasi perintah memang gajelas burukk mau ngisi saldo ada pas udah mau bayar tiba gabisa konek tes bukaa aplikasi lain lancar
Pengguna Google,5,2026-03-08 12:38:32,Easy and simple to operate,Positif,easy and simple to operate
Pengguna Google,5,2026-03-08 12:18:51,bagus,Positif,bagus
Pengguna Google,5,2026-03-08 11:35:49,baik-baik saja,Positif,baikbaik saja
Pengguna Google,5,2026-03-08 09:49:05,"gmn cara menampilkan QR Barkon kembali, karna saya lupa barkot saya terhapus",Positif,gmn cara tampil qr barkon kembali karna saya lupa barkot saya hapus
Pengguna Google,1,2026-03-08 09:34:42,apk pemerintah tapi cacat..,Negatif,aplikasi perintah tapi cacat
Pengguna Google,1,2026-03-08 09:04:11,"kalian hanya mempersulit saja, verifikasi membutuh kan waktu berhari2 mirip bikin kartu prakerja",Negatif,kalian hanya sulit saja verifikasi butuh kan waktu hari mirip bikin kartu prakerja
Pengguna Google,5,2026-03-08 08:20:58,Mantap sangat memudahkan buat ojol buat isi bbm.Tuhan Memberkati Selalu. Nuhun,Positif,mantap sangat mudah buat ojol buat isi bbmtuhan kati selalu nuhun
Pengguna Google,5,2026-03-08 08:13:37,lebih simpel aja pembayaran nya,Positif,lebih simpel aja bayar nya
Pengguna Google,5,2026-03-08 08:01:29,bagus,Positif,bagus
Pengguna Google,5,2026-03-08 07:32:00,cepat dalam transaksi,Positif,cepat dalam transaksi
Pengguna Google,5,2026-03-08 07:22:30,"Aplikasi Apaan ini Pak?Mobil Saya Mau Melakukan Pengisian Malah dapat report dari operator SPBU saat scan barcode "" KENDRAAN ANDA SEDANG MELAKUKAN PENGISIAN"". sementara kendraannya aja baru mau melakukan pengisian",Positif,aplikasi apa pakmobil saya mau laku isi malah dapat report operator spbu saat scan barcode kendraan anda sedang laku isi sementara kendraannya aja baru mau laku isi
Pengguna Google,5,2026-03-08 07:05:14,mantap,Positif,mantap
Pengguna Google,5,2026-03-08 03:57:38,bagus,Positif,bagus
Pengguna Google,4,2026-03-07 19:34:13,Niatnya udah bagus bikin aplikasi yang sangat berguna ini. Tapi di lapangan SPBU yang bisa selalu ready untuk pembayaran pakai aplikasi ini palingan hanya 20 persen saja. Semoga pengawasannya bisa lebih baik lagi ke depannya.,Positif,niat udah bagus bikin aplikasi sangat guna tapi lapang spbu bisa selalu ready bayar pakai aplikasi paling hanya persen saja moga awas bisa lebih baik lagi depan
Pengguna Google,5,2026-03-07 19:14:36,good,Positif,good
Pengguna Google,1,2026-03-07 18:55:27,"ganti warna plat, nomer tetap , barcode ga bs dipake, daftar lagi tetap ga bisa... ga niaaattttt... nggregetnooo...",Negatif,ganti warna plat nomer tetap barcode tidak bs dipake daftar lagi tetap tidak bisa tidak niaaattttt nggregetnooo
Pengguna Google,5,2026-03-07 16:17:45,ok karena saya anak pensiunan pertamina,Positif,ok karena saya anak pensiun pertamina
Pengguna Google,1,2026-03-07 16:10:58,mau ambil subsidi tepat tapi buat verifikasi nya dipersulitkan,Negatif,mau ambil subsidi tepat tapi buat verifikasi nya sulit
Pengguna Google,1,2026-03-07 15:19:32,"mempersulit saya sudah hampir 1 tahun mencoba dapatkan barcode, sampai saat ini saya di persulit",Negatif,sulit saya sudah hampir tahun coba dapat barcode sampai saat saya sulit
Pengguna Google,1,2026-03-07 15:03:57,kok gagal ya padahal nomor udh bner dan pin malah gakbisa login,Negatif,kok gagal ya padahal nomor udh bner pin malah gakbisa login
Pengguna Google,5,2026-03-07 15:02:29,Ok let's go,Positif,ok lets go
Pengguna Google,5,2026-03-07 15:00:59,terbaik,Positif,baik
Pengguna Google,1,2026-03-07 14:47:55,"aplikasi gak jelas, HP sy ke restart , trz download lg apk ini , nomor dan password sudah benar, masak gak bisa masuk, dan ada tulisan merah format yang Anda masukan salah. tolong perbarui apk nya ini, bikin emosi",Negatif,aplikasi gak jelas hp sy restart trz download lg aplikasi nomor password sudah benar masak gak bisa masuk ada tulis merah format anda masuk salah tolong baru aplikasi nya bikin emosi
Pengguna Google,1,2026-03-07 14:35:19,aplikasi tidak bisa singkron subsidi tepat di google chrome aktif tetapi di my pertamina kendaraan tidak ditemukan aneh???,Negatif,aplikasi tidak bisa singkron subsidi tepat google chrome aktif tetapi my pertamina kendara tidak temu aneh
Pengguna Google,1,2026-03-07 10:36:29,"ku kira bisa di pake di semua pertamina ternyata masih ada yang menolak tidak bisa pake my pertamina hanya cas, klo gitu buat apa disuruh downloads kocak nih my pertamina...",Negatif,ku kira bisa pake semua pertamina nyata masih ada tolak tidak bisa pake my pertamina hanya cas klo gitu buat apa suruh downloads kocak nih my pertamina
Pengguna Google,5,2026-03-07 10:29:58,OK,Positif,ok
Pengguna Google,5,2026-03-07 10:17:15,sering update. pas mau bayar update terus,Positif,sering update pas mau bayar update terus
Pengguna Google,5,2026-03-07 09:57:37,aman praktis dan cepat..👍,Positif,aman praktis cepat
Pengguna Google,5,2026-03-07 09:40:12,makin mantap,Positif,makin mantap
Pengguna Google,1,2026-03-07 08:38:20,transaksi selalu gagal hubungi customer service tidak ada respon,Negatif,transaksi selalu gagal hubung customer service tidak ada respon
Pengguna Google,2,2026-03-07 07:20:58,"tolong dipermudah kalo mau buat barcode yg hilang, pdhl foto bpkn stnk udh dilampirkan masih juga nda bisa",Negatif,tolong mudah kalo mau buat barcode hilang pdhl foto bpkn stnk udh lampir masih juga nda bisa
Pengguna Google,5,2026-03-07 06:11:26,ok,Positif,ok
Pengguna Google,5,2026-03-06 21:35:42,OK...untuk pertama kali,Positif,okuntuk pertama kali
Pengguna Google,5,2026-03-06 21:06:13,oke bgt,Positif,oke banget
Pengguna Google,1,2026-03-06 19:52:19,"mohon saran pak.... nomer plat mobil baru, barkotnya nomor lama... apakah bisa diganti barkot nomor baru..... gimana cara nya pak.....trms.....",Negatif,mohon saran pak nomer plat mobil baru barkotnya nomor lama apakah bisa ganti barkot nomor baru gimana cara nya paktrms
Pengguna Google,1,2026-03-06 19:19:27,registrasi aja ga bisa,Negatif,registrasi aja tidak bisa
Pengguna Google,1,2026-03-06 14:27:34,Ga jelas bikin ribet tolol,Negatif,tidak jelas bikin ribet tolol
Pengguna Google,5,2026-03-06 13:25:31,oke nih baru pertama.,Positif,oke nih baru pertama
Pengguna Google,1,2026-03-06 10:43:47,"kenapa barcode mobil saya kadaluwarsa kata orang SPBU, suruh daftar lagi, tapi pas di daftar malah terjadi kesalahan, ini hampir 4 bulan gk bisa buat barcode. kwalitas apk jelek",Negatif,kenapa barcode mobil saya kadaluwarsa kata orang spbu suruh daftar lagi tapi pas daftar malah jadi salah hampir bulan tidak bisa buat barcode kwalitas aplikasi jelek
Pengguna Google,1,2026-03-06 10:19:28,"ribet, tidak berpihak ke masyarakat, buat susah aja",Negatif,ribet tidak pihak masyarakat buat susah aja
Pengguna Google,5,2026-03-06 09:04:10,baik,Positif,baik
Pengguna Google,5,2026-03-06 08:42:27,Aplikasi bagus lancar . pengisian bbm tidak perlu ngantri.,Positif,aplikasi bagus lancar isi bbm tidak perlu ngantri
Pengguna Google,1,2026-03-06 07:41:32,"mesti pas pembayaran, scan barcode my pertamina gagal2 trus, niat bikin aplikasi gak????",Negatif,mesti pas bayar scan barcode my pertamina gagal trus niat bikin aplikasi gak
Pengguna Google,1,2026-03-06 07:32:17,Aplikasi mypertamina sangat lemot dan sering gagal dalam transaksi pembayaran. tolong di perbaiki lagi sistemnya. agar tidak membuat macet dan bikin antrian panjang. Mengakibatkan kerugian besar bagi kami penggunaan my pertamina.,Negatif,aplikasi mypertamina sangat lot sering gagal dalam transaksi bayar tolong baik lagi sistem agar tidak buat macet bikin antri panjang akibat rugi besar bagi kami guna my pertamina
Pengguna Google,1,2026-03-06 01:42:46,"aplikasi sampah, eror terus setiap kali ngisi bensin nyusahin yang ngantri dibelakang, akhirnyabayar tunai juga payah",Negatif,aplikasi sampah eror terus tiap kali ngisi bensin nyusahin ngantri belakang akhirnyabayar tunai juga payah
Pengguna Google,1,2026-03-06 00:45:19,daftar subsidi tepat data sudah sesuai kendaraan tapi pihak my Pertamina tetap mempersulit katanya data tidak sesuai padahal data sudah sesuai,Negatif,daftar subsidi tepat data sudah sesuai kendara tapi pihak my pertamina tetap sulit kata data tidak sesuai padahal data sudah sesuai
Pengguna Google,2,2026-03-05 22:06:33,"tolong di perbaiki sistem aplikasi yg bobrok ini, saya udah daftar subsidi, barcode udah ada tapi gk bisa di pake. dengan alesan barcode udah di pake sama mobil lain. padahal pas daftar udah isi data kendaraan foto stnk kendaraan, cuma dipakai 3x sisanya gk bisa. dibilang barcode udah di pake sama kendaraan lain. tolong di perbaiki ini mah merugikan customer, gimana warga negara mau ngisi BBM subsidi tapi sistem.nya bobrok, giliran ngisi di pom swasta malah di persulit 😆",Negatif,tolong baik sistem aplikasi bobrok saya udah daftar subsidi barcode udah ada tapi tidak bisa pake alesan barcode udah pake sama mobil lain padahal pas daftar udah isi data kendara foto stnk kendara cuma pakai x sisa tidak bisa bilang barcode udah pake sama kendara lain tolong baik mah rugi customer gimana warga negara mau ngisi bbm subsidi tapi sistem bobrok gilir ngisi pom swasta malah sulit
Pengguna Google,1,2026-03-05 21:43:55,"aplikasi apa ini,, mau liat kendaraan subsidi aja aplikasi nya memulai ulang terus. hadeuhh . saya ingin menghapus data subsidi salah satu kendaraan saya yg sudah dijual,, gmna caranya min",Negatif,aplikasi apa mau liat kendara subsidi aja aplikasi nya mulai ulang terus hadeuhh saya ingin hapus data subsidi salah satu kendara saya sudah jual gmna cara min
Pengguna Google,1,2026-03-05 21:06:37,"aplikasi merepotkan, mau bayar BBM pke kirim kode otp dulu. lebih cepat bayar pke Qris.👎👎👎",Negatif,aplikasi repot mau bayar bbm pke kirim kode otp dulu lebih cepat bayar pke qris
Pengguna Google,1,2026-03-05 20:52:25,saya sangatla kecewa.setelah ada barkot 2 bulan di buat di blok lagi.gara gara barkot dimana mana antri panjang.peraturan apa ini.saya mau beli pertalait susahnya minta ampun.saya orang kecilll yg gak sekolah.😂😂😂😂😂😂😂😂😂😂😂😂😂😂😂😂😂😂😂😂,Negatif,saya sangatla kecewasetelah ada barkot bulan buat blok lagigara gara barkot mana mana antri panjangperaturan apa inisaya mau beli pertalait susah minta ampunsaya orang kecilll gak sekolah
Pengguna Google,5,2026-03-05 20:04:37,mantab,Positif,mantab
Pengguna Google,1,2026-03-05 19:10:37,"aplikasi gak guna mending langsung pembayaran cash, aplikasi banyak erornya buat antrian pom makin panjang, dulu waktu masih cash tidak pernah sampai panjang kejalan sekarang antrian panjang kejalan-jalan gara-gara banyak error nya ini aplikasi buat antrian minimal paling cepat 2 jam untuk antri minyak solar ..!!",Negatif,aplikasi gak guna mending langsung bayar cash aplikasi banyak eror buat antri pom makin panjang dulu waktu masih cash tidak pernah sampai panjang jalan sekarang antri panjang kejalanjalan garagara banyak error nya aplikasi buat antri minimal paling cepat jam antri minyak solar
Pengguna Google,5,2026-03-05 16:22:00,ok,Positif,ok
Pengguna Google,5,2026-03-05 15:36:36,ok kami merasa puas dengan layanan ini 👍👍👍,Positif,ok kami rasa puas layan
Pengguna Google,1,2026-03-05 14:14:14,"mau ngisi pertalite harus pakek barcode, barcode yang ada katanya kadaluarsa mau di perbarui susah minta ampun ada saja yg buat gagal padahal semua persyaratan nya udah lengkap bisa bisa nya di bilang gak lengkap. kalo orang mau buat barcode aja di persulit ngapain mau ngisi BBM pakek barcode taik. minta tolong petugas SPBU nya buat kan katanya gak bisa buat aja sendiri dari aplikasi buat sendiri di persulit juga.",Negatif,mau ngisi pertalite harus pakek barcode barcode ada kata kadaluarsa mau baru susah minta ampun ada saja buat gagal padahal semua syarat nya udah lengkap bisa bisa nya bilang gak lengkap kalo orang mau buat barcode aja sulit ngapain mau ngisi bbm pakek barcode taik minta tolong tugas spbu nya buat kan kata gak bisa buat aja sendiri aplikasi buat sendiri sulit juga
Pengguna Google,1,2026-03-05 13:38:34,coba kalo bagus lanjut,Negatif,coba kalo bagus lanjut
Pengguna Google,1,2026-03-05 13:11:39,"udh coba Regis keterangan nik KTP tidak valid dengan yg di isi, lah kocak KTP ku NIK-nya masih kelihatan jelas",Negatif,udh coba regis terang nik ktp tidak valid isi lah kocak ktp ku nik masih lihat jelas
Pengguna Google,4,2026-03-05 12:04:42,voucer saya dk befungsi,Positif,voucer saya dk befungsi
Pengguna Google,4,2026-03-05 12:02:57,Perlu sinergi dengan ritel,Positif,perlu sinergi ritel
Pengguna Google,1,2026-03-05 11:53:20,"aplikasi nya suka lelet, muter-muter klo pas mau di gunakan pembayaran nya.",Negatif,aplikasi nya suka lelet mutermuter klo pas mau guna bayar nya
Pengguna Google,5,2026-03-05 11:47:02,"mantab, pertama kali coba",Positif,mantab pertama kali coba
Pengguna Google,5,2026-03-05 10:53:02,mamtul,Positif,mamtul
Pengguna Google,1,2026-03-05 10:31:28,"reset pin 7hari 7malem , bisa lebih lama lagi gak waktu reset pin?",Negatif,reset pin hari malem bisa lebih lama lagi gak waktu reset pin
Pengguna Google,5,2026-03-05 10:14:42,baik,Positif,baik
Pengguna Google,5,2026-03-05 10:00:26,tingkatkan lagi aplikasi agak lambat dan muter muter kalau dibuka,Positif,tingkat lagi aplikasi agak lambat muter muter kalau buka
Pengguna Google,4,2026-03-05 08:17:10,ok,Positif,ok
Pengguna Google,5,2026-03-05 07:58:15,cukup bagus tapi cuma bisa pom pemerintah aja,Positif,cukup bagus tapi cuma bisa pom perintah aja
Pengguna Google,5,2026-03-05 07:02:22,mantap,Positif,mantap
Pengguna Google,1,2026-03-05 03:09:57,"ribet kali pendaftarannya, sudah 6 kali lebih gagal alasan nik tidak sesuai area. padahal kita di area sesuai...",Negatif,ribet kali daftar sudah kali lebih gagal alas nik tidak sesuai area padahal kita area sesuai
Pengguna Google,5,2026-03-04 21:57:27,tetap sktif,Positif,tetap sktif
Pengguna Google,5,2026-03-04 21:53:03,thanks pertamina,Positif,thanks pertamina
Pengguna Google,1,2026-03-04 20:01:05,"maksa banget bayarnya pake aplikasi dia sendiri, nyusahin doang, bagusan qris abang2 cilok serba bisa pake apa aja, giliran urusan duit aja gercep",Negatif,maksa banget bayar pake aplikasi dia sendiri nyusahin doang bagus qris abang cilok serba bisa pake apa aja gilir urus duit aja gercep
Pengguna Google,1,2026-03-04 17:06:54,sampah,Negatif,sampah
Pengguna Google,5,2026-03-04 15:30:34,good..... bermanfaat buat gak ada uang tunai,Positif,good manfaat buat gak ada uang tunai
Pengguna Google,2,2026-03-04 11:18:14,"My pertamina mengubah interface disisi histori pengisian, tahun lalu bisa di tracking diisi dimana dan SPBU mana yang melakukan pengisian, mungkin saking banyaknya kecurangan karena beberapa orang mengalami barcode nya dipake di beberapa SPBU nakal. developer software nya sembunyiin interface history dengan kelengkapannya😀, fitur tsb krusial bisa cari SPBU pelaku nya dimana, karena kalau hanya ganti QR code ya sebenernya aman tapi ngerasa gabisa nemuin tempat-tempat curangnya",Negatif,my pertamina ubah interface sisi histori isi tahun lalu bisa tracking isi mana spbu mana laku isi mungkin saking banyak curang karena beberapa orang alami barcode nya dipake beberapa spbu nakal developer software nya sembunyiin interface history lengkap fitur tsb krusial bisa cari spbu laku nya mana karena kalau hanya ganti qr code ya sebenernya aman tapi ngerasa gabisa nemuin tempattempat curang
Pengguna Google,1,2026-03-04 10:54:52,"Kenapa tiba2 QR subsidi saya terblokir tanpa pemberitahuan, sedangkan saya tidak melakukan kesalahan",Negatif,kenapa tiba qr subsidi saya blokir tanpa pemberitahuan sedang saya tidak laku salah
Pengguna Google,1,2026-03-04 10:00:48,serba susah lupa pasword ke gmail aja ga dikirim2 linknya gajelas,Negatif,serba susah lupa pasword gmail aja tidak kirim linknya gajelas
Pengguna Google,1,2026-03-04 09:49:32,"gajelas eror mulu, mau dftar susah",Negatif,gajelas eror mulu mau dftar susah
Pengguna Google,5,2026-03-04 09:38:11,oke banget.,Positif,oke banget
Pengguna Google,5,2026-03-04 08:18:18,pake my Pertamina sangat puas,Positif,pake my pertamina sangat puas
Pengguna Google,5,2026-03-04 08:03:04,"cepat,akurat",Positif,cepatakurat
Pengguna Google,5,2026-03-03 23:53:13,mantap,Positif,mantap
Pengguna Google,2,2026-03-03 23:04:32,harusnya ini ada orang yg bisa mengatasi segala masalahnya ya biar kami pengendara tidak kesulitan untuk membuat selembar barcode gw udh suruh sana sini tpI blum jadi jadi,Negatif,harus ada orang bisa atas segala masalah ya biar kami kendara tidak sulit buat lembar barcode gw udh suruh sana sini tpi blum jadi jadi
Pengguna Google,1,2026-03-03 22:09:51,gak ada pembayaran via shopeepay atau sea bank,Negatif,gak ada bayar via shopeepay atau sea bank
Pengguna Google,1,2026-03-03 21:29:11,Sistem yang tolol tolong itu barcode kok bisa di pake orang lain. saya sumpahin orang yang suka make barcode orang lain semoga anak cucu orang tua mati aja AMiN,Negatif,sistem tolol tolong barcode kok bisa pake orang lain saya sumpahin orang suka make barcode orang lain moga anak cucu orang tua mati aja amin
Pengguna Google,1,2026-03-03 21:19:39,"saya jarang isi minyak kok qr saya di blokir, segala sesuatu yg berurusan dengan pemerintah pasti sulit. percuma bayar pajak cuman memperkaya pejabat2 korup. pemerintah itu mengatur kesejahteraan rakyat bukan menyengsaran rakyat. pertamina ini aneh2 bikin peraturan.",Negatif,saya jarang isi minyak kok qr saya blokir segala sesuatu urus perintah pasti sulit percuma bayar pajak cuman kaya jabat korup perintah atur sejahtera rakyat bukan menyengsaran rakyat pertamina aneh bikin atur
Pengguna Google,5,2026-03-03 20:57:34,mempermudah dan cepat dalam transaksi,Positif,mudah cepat dalam transaksi
Pengguna Google,1,2026-03-03 19:39:16,"mengecewakan, aplikasi tolol bagian IT kelas cere suruh bikin aplikasi, mau pakai pembayaran QRIS selalu gagal dan keluar sendiri, mending ga usah ada aplikasi tolol ini",Negatif,kecewa aplikasi tolol bagi it kelas cere suruh bikin aplikasi mau pakai bayar qris selalu gagal keluar sendiri mending tidak usah ada aplikasi tolol
Pengguna Google,1,2026-03-03 19:24:51,aplikasi tolol susah bnget dipake.,Negatif,aplikasi tolol susah bnget dipake
Pengguna Google,1,2026-03-03 17:16:36,"setiap kali mau daftarin ke bbm subsidi ,pas sampai pengecekan data selalu error, sudah di ulang berkali-kali kali sampai bosan,bahkan setelah saya ulang dan sudah berhasil masuk, tapi giliran di chek data berulang ulang saya lakukan dan mengikuti petunjuk, tetapi selalu gagal dan gagal ,dengan note : pengajuan gagal kirim,padahal data Kendaraan sudah benar,dan disuruh selalu memperbaiki data,dan sudah diperbaiki sampai bosan,tapi gagal dan gagal kirim...",Negatif,tiap kali mau daftarin bbm subsidi pas sampai kece data selalu error sudah ulang berkalikali kali sampai bosanbahkan telah saya ulang sudah hasil masuk tapi gilir chek data ulang ulang saya laku ikut tunjuk tetapi selalu gagal gagal note aju gagal kirimpadahal data kendara sudah benardan suruh selalu baik datadan sudah baik sampai bosantapi gagal gagal kirim
Pengguna Google,5,2026-03-03 16:47:13,ok,Positif,ok
Pengguna Google,4,2026-03-03 16:20:25,"Saya sebagai menyewakan sound sitem kecil2-lan. Saya pakai genset diesel 8000 watt. Bagaimana cara daftar di My Pertamina. agar diesel saya bisa dapat subsidi tepat. sementara di My pertama tidak ada pilihan selain mobil dan motor. Apa hanya pengguna motor dan mobil saja yang bisa dapat subsidi tepat. Sementara selai motor dan mobil tersebut juga ada Genset diesel dan semacamnya yang sama-sama butuh Bensin dan solar, dan itu sama-sama mesin. tidak ada bedanya dengan mobil yang punya 4 Ban roda,",Positif,saya bagai sewa sound sitem kecillan saya pakai genset diesel watt bagaimana cara daftar my pertamina agar diesel saya bisa dapat subsidi tepat sementara my pertama tidak ada pilih selain mobil motor apa hanya guna motor mobil saja bisa dapat subsidi tepat sementara selai motor mobil sebut juga ada genset diesel macam samasama butuh bensin solar samasama mesin tidak ada beda mobil punya ban roda
Pengguna Google,5,2026-03-03 15:42:16,sangat bagus,Positif,sangat bagus
Pengguna Google,5,2026-03-03 15:15:31,Mantap Dan Sangat membantu,Positif,mantap sangat bantu
Pengguna Google,1,2026-03-03 14:45:56,terlalu banyak langkah,Negatif,terlalu banyak langkah
Pengguna Google,5,2026-03-03 14:34:18,ok,Positif,ok
Pengguna Google,4,2026-03-03 13:53:42,oke,Positif,oke
Pengguna Google,1,2026-03-03 12:56:57,"Verifikasi, sudah terisi sesuai KTP, KTP gambar juga tajam jelas. Selalu gagal, katanya NIK KTP tidak sesuai dengan NIK isian. berulang kali dicoba tetap seperti itu. Aplikasi buatan BUMN kok ribet!!!",Negatif,verifikasi sudah isi sesuai ktp ktp gambar juga tajam jelas selalu gagal kata nik ktp tidak sesuai nik isi ulang kali coba tetap seperti aplikasi buat bumn kok ribet
Pengguna Google,5,2026-03-03 10:34:05,apk nya cepat tidak lemot,Positif,aplikasi nya cepat tidak lot
Pengguna Google,5,2026-03-03 07:59:51,ok,Positif,ok
Pengguna Google,5,2026-03-03 06:21:35,bagus,Positif,bagus
Pengguna Google,1,2026-03-02 22:58:44,"subsidi tepat, tepat sekali ke mafia2 minyak. barcode lama kadaluarsa, disarankan untuk diperbaharui, dipembaharuan kendaraan tidak terdaftar, seperti bola panas, lempar sana lempar sini. mending beli Pertamax saja dan uninstal apk ini. 👎",Negatif,subsidi tepat tepat sekali mafia minyak barcode lama kadaluarsa saran baharu baharu kendara tidak daftar seperti bola panas lempar sana lempar sini mending beli pertamax saja uninstal aplikasi
Pengguna Google,5,2026-03-02 22:25:58,apk yg bs membantu kelancaran,Positif,aplikasi bs bantu lancar
Pengguna Google,5,2026-03-02 21:41:04,ok,Positif,ok
Pengguna Google,1,2026-03-02 21:02:59,"aplikasi busuk, verifikasi subsidi aja lama banget, niat gak sih bikin aplikasi",Negatif,aplikasi busuk verifikasi subsidi aja lama banget niat gak sih bikin aplikasi
Pengguna Google,5,2026-03-02 16:31:17,pelayanan sangat baik,Positif,layan sangat baik
Pengguna Google,1,2026-03-02 15:54:31,verifikasi sulit,Negatif,verifikasi sulit
Pengguna Google,5,2026-03-02 15:52:34,"Mudah""an ojol dapat hadiahnya 🙏",Positif,mudah ojol dapat hadiah
Pengguna Google,1,2026-03-02 15:30:48,"belum kerja sama dengan shopee pay, metode pembayaran shopee pay belum tersedia, semoga bisa cepat tersedia terima kasih",Negatif,belum kerja sama shopee pay metode bayar shopee pay belum sedia moga bisa cepat sedia terima kasih
Pengguna Google,1,2026-03-02 15:20:59,"percuma aplikasi ,tapi masih banyak spbu purba",Negatif,percuma aplikasi tapi masih banyak spbu purba
Pengguna Google,1,2026-03-02 12:41:01,menyusahkan,Negatif,susah
Pengguna Google,1,2026-03-02 11:53:27,lambat,Negatif,lambat
Pengguna Google,4,2026-03-02 11:45:02,bagus,Positif,bagus
Pengguna Google,5,2026-03-02 09:38:53,ok,Positif,ok
Pengguna Google,5,2026-03-02 09:14:40,bagus,Positif,bagus
Pengguna Google,1,2026-03-02 08:50:37,aplikasi gagal. sudah berapa 4x transaksi di apk sukses . tapi di pertamina nya tidak. hasilnya sy diminta bayar 2x pihak pertamina . pas komplain di CS sudah berminggu2 uang saya tidak kembali. pulsa habis kepotong melebihi uang bensin 500rb yg pembayarannya tdk masuk di mesinnya. parah lah mending gak usah koar2 suruh kami pakai apk ini. benerin aja dulu sistem apkmu sblm suruh org pakai,Negatif,aplikasi gagal sudah berapa x transaksi aplikasi sukses tapi pertamina nya tidak hasil sy minta bayar x pihak pertamina pas komplain cs sudah minggu uang saya tidak kembali pulsa habis potong lebih uang bensin rb bayar tidak masuk mesin parah lah mending gak usah koar suruh kami pakai aplikasi benerin aja dulu sistem apkmu sblm suruh org pakai
Pengguna Google,5,2026-03-02 08:43:28,makin bagus.,Positif,makin bagus
Pengguna Google,1,2026-03-02 08:35:55,susah amat bikin barcode di mobil baru,Negatif,susah amat bikin barcode mobil baru
Pengguna Google,4,2026-03-02 07:35:57,"aplikasi semakin bagus, tapi operator spbu kurang bagus. sudah beberapa kali membayar menggunakan aplikasi mypertamina tapi selalu ditolak, alasan pembayaran qris lemot/menggunakan aplikasi qris diluar aplikasi mypertamina. ingin nya setiap mengisi bensin bisa mengetahui berapa jumlah liter dan uang yang dikeluarkan, tapi selalu ditolak oleh pihak operator (ternyata masih lebih baik aplikasi shell). jika memang tidak mau/belum siap menggunakan aplikasi mohon dihapus dan kembali ke cash",Positif,aplikasi makin bagus tapi operator spbu kurang bagus sudah beberapa kali bayar guna aplikasi mypertamina tapi selalu tolak alas bayar qris lemotmenggunakan aplikasi qris luar aplikasi mypertamina ingin nya tiap isi bensin bisa tahu berapa jumlah liter uang keluar tapi selalu tolak oleh pihak operator nyata masih lebih baik aplikasi shell jika memang tidak maubelum siap guna aplikasi mohon hapus kembali cash
Pengguna Google,5,2026-03-02 02:55:38,ok banget,Positif,ok banget
Pengguna Google,5,2026-03-02 01:31:08,oke,Positif,oke
Pengguna Google,5,2026-03-02 00:28:16,mantap,Positif,mantap
Pengguna Google,5,2026-03-02 00:01:31,ok,Positif,ok
Pengguna Google,5,2026-03-01 23:23:27,bagus respon ya,Positif,bagus respon ya
Pengguna Google,1,2026-03-01 21:03:15,"aplikasi gak jelas, pas digunain loading terus gak jelas",Negatif,aplikasi gak jelas pas digunain loading terus gak jelas
Pengguna Google,5,2026-03-01 20:59:57,ok,Positif,ok
Pengguna Google,5,2026-03-01 19:28:03,iya,Positif,iya
Pengguna Google,5,2026-03-01 18:16:09,mantapin aja,Positif,mantapin aja
Pengguna Google,5,2026-03-01 18:01:58,praktis .tinggal scann.,Positif,praktis tinggal scann
Pengguna Google,5,2026-03-01 17:45:28,ok,Positif,ok
Pengguna Google,5,2026-03-01 16:28:53,"sangat memuaskan,,,,",Positif,sangat muas
Pengguna Google,4,2026-03-01 16:22:39,Iseng daftar subsidi tepat buat dapetin Qr code tapi sampai sekarang verivikasi akun terus. Lama banget penanganannya,Positif,iseng daftar subsidi tepat buat dapetin qr code tapi sampai sekarang verivikasi akun terus lama banget tangan
Pengguna Google,1,2026-03-01 15:51:58,"Di kasih bintang 1 soalnya susah mau sandingin ke gopay, malah ke link aja, biar gabanyak apk aja di HP🙏🏼 masih terus aja benerin sistem🥲",Negatif,kasih bintang soal susah mau sandingin gopay malah link aja biar gabanyak aplikasi aja hp masih terus aja benerin sistem
Pengguna Google,4,2026-03-01 15:20:09,susah daftar,Positif,susah daftar
Pengguna Google,1,2026-03-01 14:40:16,"trash app,.,.,.data kendaraan tidak di temukan,.,.sampah!!",Negatif,trash appdata kendara tidak temukansampah
Pengguna Google,5,2026-03-01 14:36:57,cepat dan tepat timbangan bagus,Positif,cepat tepat timbang bagus
Pengguna Google,1,2026-03-01 14:31:08,verifikasi subsidi sulit,Negatif,verifikasi subsidi sulit
Pengguna Google,5,2026-03-01 13:57:53,ok,Positif,ok
Pengguna Google,2,2026-03-01 13:50:12,cara mendaftar sangat susah untuk foto KTP yang sudah buram.,Negatif,cara daftar sangat susah foto ktp sudah buram
Pengguna Google,5,2026-03-01 13:49:55,bagus,Positif,bagus
Pengguna Google,4,2026-03-01 12:56:36,mantap,Positif,mantap
Pengguna Google,5,2026-03-01 10:45:28,sangat baik,Positif,sangat baik
Pengguna Google,5,2026-03-01 10:27:31,lebih baik lagi kedepannya,Positif,lebih baik lagi depan
Pengguna Google,5,2026-03-01 09:37:53,bagus,Positif,bagus
Pengguna Google,1,2026-03-01 08:43:00,"mau login lupa kata sandi, reset via gmail, gagal lagi gagal lagi, dari pagi sampai besoknya lagi. gagal lagi coba jelaskan di apanya. jaringan atau apa. ampun. sudah saya japri instagram dan nomer pengaduan ga ada respon loh ya. separah itu pelayananya.",Negatif,mau login lupa kata sandi reset via gmail gagal lagi gagal lagi pagi sampai besok lagi gagal lagi coba jelas apa jaring atau apa ampun sudah saya japri instagram nomer adu tidak ada respon loh ya parah pelayananya
Pengguna Google,5,2026-03-01 08:37:21,oprasional di jalan setiap hari,Positif,oprasional jalan tiap hari
Pengguna Google,4,2026-03-01 08:36:49,"tgl 1 maret 2026 pas transaksi pembayaran aplikasi error, antrian sudah menunggu dibelakang, mypertamina error, untung ada uang tunai kalo enggak bikin malu",Positif,tgl maret pas transaksi bayar aplikasi error antri sudah tunggu belakang mypertamina error untung ada uang tunai kalo enggak bikin malu
Pengguna Google,5,2026-03-01 08:34:28,ok,Positif,ok
Pengguna Google,5,2026-03-01 07:39:30,good,Positif,good
Pengguna Google,5,2026-03-01 06:22:36,ok,Positif,ok
Pengguna Google,5,2026-03-01 04:47:02,ok,Positif,ok
Pengguna Google,5,2026-02-28 21:43:00,ok,Positif,ok
Pengguna Google,1,2026-02-28 21:30:18,bikin barcode bisa di pakai ngisi 1 x e langsung suruh perbarui lagi gimana ini barcode cuman orang2 pinter yg bisa bikin barcode ksian yg bisa bikin barcode aduh2 mau Pertamina kita mau beli aja di susain malah mbil3 Pajero sklas yg mwah2 malah bisa pkai subsidi kan GK adil giliran kita supir untuk usah trnpotrtasi mlh di sushin,Negatif,bikin barcode bisa pakai ngisi x e langsung suruh baru lagi gimana barcode cuman orang pinter bisa bikin barcode ksi bisa bikin barcode aduh mau pertamina kita mau beli aja susain malah mbil pajero sklas mwah malah bisa pkai subsidi kan tidak adil gilir kita supir usah trnpotrtasi mlh sushin
Pengguna Google,5,2026-02-28 19:16:01,Kerennn,Positif,kerennn
Pengguna Google,5,2026-02-28 18:54:07,okey,Positif,okey
Pengguna Google,5,2026-02-28 18:31:03,sukses,Positif,sukses
Pengguna Google,5,2026-02-28 16:39:24,sangat membantu.tapi antri,Positif,sangat membantutapi antri
Pengguna Google,5,2026-02-28 16:14:28,bagus,Positif,bagus
Pengguna Google,4,2026-02-28 15:38:46,bagus sangat,Positif,bagus sangat
Pengguna Google,5,2026-02-28 15:36:40,amazing,Positif,amazing
Pengguna Google,1,2026-02-28 15:26:29,ribet amat bikin peraturan pemerintah bnyk aturan yang bnyak cincong,Negatif,ribet amat bikin atur perintah bnyk atur bnyak cincong
Pengguna Google,4,2026-02-28 14:59:08,sebaiknya isi dulu ...baru bayar jd pas pembayarannya,Positif,baik isi dulu baru bayar jd pas bayar
Pengguna Google,5,2026-02-28 14:43:40,Kalau bisa warna aplikasi ubah lebih jelas biar mudah di carinya,Positif,kalau bisa warna aplikasi ubah lebih jelas biar mudah cari
Pengguna Google,5,2026-02-28 14:16:46,good,Positif,good
Pengguna Google,1,2026-02-28 14:14:22,udah masuk jalur khusus my pertamina dibilang tutup mana petugasnya responnya jelek kalo ngga niat ada jalur khusus ngga usah dibuat,Negatif,udah masuk jalur khusus my pertamina bilang tutup mana tugas responnya jelek kalo ngga niat ada jalur khusus ngga usah buat
Pengguna Google,1,2026-02-28 13:27:51,"Aplikasi sampah, pengajuan data kendaraan gagal terus, foto berulang ulang STNK dan Mobil dari samping gagal terus, foto udah sesuai syarat dari posisi, kualitas foto, sampai 10x gagal terus. Gak ada fitur upload foto pula, tolol banget ini aplikasi. Sampah banget aplikasinya, pengajuan aja dibikin ribet banget, gimana yang gaptek dah, biar isi pertamax kali. Payah payah, aplikasi sekelas BUMN tapi fiturnya sampahhh",Negatif,aplikasi sampah aju data kendara gagal terus foto ulang ulang stnk mobil samping gagal terus foto udah sesuai syarat posisi kualitas foto sampai x gagal terus gak ada fitur upload foto pula tolol banget aplikasi sampah banget aplikasi aju aja bikin ribet banget gimana gaptek dah biar isi pertamax kali payah payah aplikasi kelas bumn tapi fiturnya sampahhh
Pengguna Google,1,2026-02-28 12:48:19,"aps sampah buat barcode sdh 5x g bss, dilarisin mlh dibikin sulit emng pertamony*t",Negatif,aps sampah buat barcode sdh x g bss dilarisin mlh bikin sulit emng pertamonyt
Pengguna Google,1,2026-02-28 12:41:36,"makin susah, perbarui data karena perubahan plat nomor saja, di foto mobil dah sesuai contoh tapi di tolak terus",Negatif,makin susah baru data karena ubah plat nomor saja foto mobil dah sesuai contoh tapi tolak terus
Pengguna Google,5,2026-02-28 11:59:11,Terimakasih sudah menjawab keluhan saya dan sudah teratasi dengan baik. MyPertamina is the best. Sukses selalu!,Positif,terimakasih sudah jawab keluh saya sudah atas baik mypertamina is the best sukses selalu
Pengguna Google,5,2026-02-28 11:38:56,my pertamina mantap,Positif,my pertamina mantap
Pengguna Google,4,2026-02-28 11:31:39,bagus,Positif,bagus
Pengguna Google,5,2026-02-28 09:47:26,bagus buat masyarakat,Positif,bagus buat masyarakat
Pengguna Google,5,2026-02-28 06:30:25,terima kasih,Positif,terima kasih
Pengguna Google,1,2026-02-28 04:54:07,proses verifikasi Lambat,Negatif,proses verifikasi lambat
Pengguna Google,5,2026-02-28 04:01:29,cukup membantu,Positif,cukup bantu
Pengguna Google,5,2026-02-28 02:07:11,mantap... sangat membantu..,Positif,mantap sangat bantu
Pengguna Google,5,2026-02-28 00:17:14,. mantap,Positif,mantap
Pengguna Google,5,2026-02-28 00:06:18,manstaaap,Positif,manstaaap
Pengguna Google,5,2026-02-27 23:29:51,mantul,Positif,mantul
Pengguna Google,5,2026-02-27 21:12:52,Mantab,Positif,mantab
Pengguna Google,5,2026-02-27 21:05:41,pasti pas dan terpercaya,Positif,pasti pas percaya
Pengguna Google,1,2026-02-27 20:31:07,selalu bermasalah,Negatif,selalu masalah
Pengguna Google,2,2026-02-27 19:17:44,lg mau payment malah update...tolol bgt 👎👎,Negatif,lg mau payment malah updatetolol banget
Pengguna Google,1,2026-02-27 18:47:34,tambah ribet,Negatif,tambah ribet
Pengguna Google,1,2026-02-27 18:43:33,"merchandisenya yang dikirim gak lengkap.. tukar merchandise 11 pcs. dikirim cuma 7 pcs. kurang 4pcs lagi. ditanya lewat email no responds, lewat WA malah ngoper ke vendornya.. bingung saya.",Negatif,merchandisenya kirim gak lengkap tukar merchandise pcs kirim cuma pcs kurang pcs lagi tanya lewat email no responds lewat wa malah ngoper vendor bingung saya
Pengguna Google,5,2026-02-27 18:24:23,kelass,Positif,kelass
Pengguna Google,5,2026-02-27 17:04:58,baik,Positif,baik
Pengguna Google,5,2026-02-27 16:56:40,pelayanan yang terbaik,Positif,layan baik
Pengguna Google,4,2026-02-27 15:15:32,membantu sekali makasih,Positif,bantu sekali makasih
Pengguna Google,1,2026-02-27 14:42:48,parah saya sudah ngantri malah gak bisa pake my Pertamina harus ke jalur pengisian yg depan ... di SPBU Pertamina 34-40604,Negatif,parah saya sudah ngantri malah gak bisa pake my pertamina harus jalur isi depan spbu pertamina
Pengguna Google,4,2026-02-27 13:25:20,bagus crpet,Positif,bagus crpet
Pengguna Google,5,2026-02-27 12:57:17,sangat membantu,Positif,sangat bantu
Pengguna Google,4,2026-02-27 12:38:11,ini kenapa mau reset kata sandi bolak balik melulu ya,Positif,kenapa mau reset kata sandi bolak balik melulu ya
Pengguna Google,4,2026-02-27 11:17:50,"Sudah mulai membaik, perlu di perbaiki lagi.",Positif,sudah mulai baik perlu baik lagi
Pengguna Google,5,2026-02-27 10:58:47,mungkin ini sangat membantu,Positif,mungkin sangat bantu
Pengguna Google,5,2026-02-27 10:12:55,lebih mudah untuk kita cara oprasikan,Positif,lebih mudah kita cara oprasikan
Pengguna Google,4,2026-02-27 10:05:59,sangat baik,Positif,sangat baik
Pengguna Google,1,2026-02-27 09:42:47,"enak make nya gak perlu uang cash. tapi malas make nya tiap bentar minta update. iya kalo hp ram gede enak, gua RAM 3 terpaksa harus hapus apk lain dulu biar bisa update. skrg gua terpaksa hapus mypertamina daripada satu persatu apk lain gua yg penting di paksa hapus. sorry, buatlah apk yg membantu, bukan memberatkan",Negatif,enak make nya gak perlu uang cash tapi malas make nya tiap bentar minta update iya kalo hp ram gede enak gua ram paksa harus hapus aplikasi lain dulu biar bisa update skrg gua paksa hapus mypertamina daripada satu satu aplikasi lain gua penting paksa hapus sorry buat aplikasi bantu bukan berat
Pengguna Google,5,2026-02-27 09:38:12,cepatbdalam menjawab keluhan,Positif,cepatbdalam jawab keluh
Pengguna Google,5,2026-02-27 09:14:40,good,Positif,good
Pengguna Google,5,2026-02-27 08:57:58,keren,Positif,keren
Pengguna Google,5,2026-02-27 08:56:54,lebih aman dan mudah,Positif,lebih aman mudah
Pengguna Google,5,2026-02-27 08:45:30,sangat baik,Positif,sangat baik
Pengguna Google,4,2026-02-27 08:34:58,ok,Positif,ok
Pengguna Google,5,2026-02-27 08:25:37,ok,Positif,ok
Pengguna Google,5,2026-02-27 05:42:17,bermanfaat sekali,Positif,manfaat sekali
Pengguna Google,1,2026-02-27 05:17:50,"Tidak semua hp ada fitur camera, lebih baik adakan kembali fitur upload file foto di galeri. Negara rusak, dipaksa sehat dinegara yang rusak.",Negatif,tidak semua hp ada fitur camera lebih baik adakan kembali fitur upload file foto galeri negara rusak paksa sehat negara rusak
Pengguna Google,2,2026-02-27 02:03:16,"aplikasi bukannya memudahkan malah mempersulit kenapa jika mengajukan untuk barcode buat solar pakek surat izin kelurahan ngak tau kalo buat surat harus bayar apa bukannya langsung KTP aja, karena kalo bikin surat ada masah perpajangan yg jelas2 keluar uang lagi subsidi tp mempersulit petani, ujung""nya di tempat saya semua org beli ke org lain karena mudah tp bedah harga dan mirisnya yg jual aparat desah",Negatif,aplikasi bukan mudah malah sulit kenapa jika aju barcode buat solar pakek surat izin lurah ngak tau kalo buat surat harus bayar apa bukan langsung ktp aja karena kalo bikin surat ada masah pajang jelas keluar uang lagi subsidi tp sulit tani ujung tempat saya semua org beli org lain karena mudah tp bedah harga miris jual aparat desah
Pengguna Google,5,2026-02-27 01:37:26,bagus sekali & sangat membantu,Positif,bagus sekali sangat bantu
Pengguna Google,1,2026-02-26 20:18:41,"sangat buruk, Barcode diblokir",Negatif,sangat buruk barcode blokir
Pengguna Google,5,2026-02-26 19:38:56,Ok,Positif,ok
Pengguna Google,1,2026-02-26 19:20:23,"pembayaran gopay gak bisa disambungkan, coba beberapa saat lagi selalu",Negatif,bayar gopay gak bisa sambung coba beberapa saat lagi selalu
Pengguna Google,5,2026-02-26 18:03:46,lumayan,Positif,lumayan
Pengguna Google,5,2026-02-26 17:59:04,lebih mudah dan efisiensi waktu,Positif,lebih mudah efisiensi waktu
Pengguna Google,1,2026-02-26 17:06:30,"hadeuh beli pertamax bilang ke operator full malah sepuluh ribu, kloful biasanya tuh nyentuh 30 ribuan eh ini di main mainin ama operator malah sepuluh ribu dulu lgi kan ngulang lgi 20 ribuan kan anjir, khususnya sppbu di tegal danas cikarang pusat. mohon denger operatpr yg jaga pertamax laki laki beh rugi bandar dah",Negatif,hadeuh beli pertamax bilang operator full malah puluh ribu kloful biasa tuh nyentuh ribu eh main mainin ama operator malah puluh ribu dulu lgi kan ngulang lgi ribu kan anjir khusus sppbu tegal danas cikarang pusat mohon denger operatpr jaga pertamax laki laki beh rugi bandar dah
Pengguna Google,5,2026-02-26 16:42:37,baik,Positif,baik
Pengguna Google,2,2026-02-26 16:07:49,jarang spbu yg bisa pakai aplikasi ini,Negatif,jarang spbu bisa pakai aplikasi
Pengguna Google,5,2026-02-26 14:29:13,sangat memudahkan,Positif,sangat mudah
Pengguna Google,1,2026-02-26 14:14:56,"aplikasi ga niat, minus!!!",Negatif,aplikasi tidak niat minus
Pengguna Google,5,2026-02-26 12:11:59,Memudahkan utk Transaksi,Positif,mudah utk transaksi
Pengguna Google,5,2026-02-26 11:31:12,Lebih cepat dan akurat,Positif,lebih cepat akurat
Pengguna Google,5,2026-02-26 11:20:38,lancar jaya,Positif,lancar jaya
Pengguna Google,1,2026-02-26 10:50:31,melengkapi data diri tidak dapat dilakukan di dalam aplikasi. bagian pemilihan kelurahan tidak muncul.,Negatif,lengkap data diri tidak dapat laku dalam aplikasi bagi pilih lurah tidak muncul
Pengguna Google,5,2026-02-26 10:20:33,sangat bagus untuk saat ini,Positif,sangat bagus saat
Pengguna Google,5,2026-02-26 10:01:12,sangat baik,Positif,sangat baik
Pengguna Google,4,2026-02-26 09:41:52,"pesan tiket pesawat di menu pelita air, pas mau bayar nominal nya ketutup sama ikon whatapp dan ikon bantuan. mohon perbaiki dong. biar keliatan berapa nominal semua.",Positif,pesan tiket pesawat menu pelita air pas mau bayar nominal nya tutup sama ikon whatapp ikon bantu mohon baik dong biar liat berapa nominal semua
Pengguna Google,1,2026-02-26 09:28:53,aplikasi sampah nyusahin pengguna,Negatif,aplikasi sampah nyusahin guna
Pengguna Google,5,2026-02-26 09:25:49,oke mantap,Positif,oke mantap
Pengguna Google,1,2026-02-26 08:58:47,"aplikasi yang tidak memudahkan, dan justru sebaliknya,",Negatif,aplikasi tidak mudah justru balik
Pengguna Google,5,2026-02-26 07:52:29,mantap,Positif,mantap
Pengguna Google,1,2026-02-26 07:36:20,lemot,Negatif,lot
Pengguna Google,1,2026-02-26 05:08:15,login gabisa aneh bgt,Negatif,login gabisa aneh banget
Pengguna Google,5,2026-02-26 03:35:17,sangat membantu,Positif,sangat bantu
Pengguna Google,1,2026-02-25 23:40:55,maaf saya tidak percaya sama pertamina.. saya menggunakan pertamina karena terpaksa dan was was,Negatif,maaf saya tidak percaya sama pertamina saya guna pertamina karena paksa was was
Pengguna Google,5,2026-02-25 20:14:23,oke banget buat pembayaran on-line,Positif,oke banget buat bayar online
Pengguna Google,5,2026-02-25 19:46:59,mantul 👍,Positif,mantul
Pengguna Google,5,2026-02-25 18:57:09,good,Positif,good
Pengguna Google,1,2026-02-25 18:20:27,gua registrasi ga bisa bisa. apaan ini apk. jelek,Negatif,gua registrasi tidak bisa bisa apa aplikasi jelek
Pengguna Google,1,2026-02-25 17:15:34,Aplikasi tidak jelas menyusahkan Masyarakat,Negatif,aplikasi tidak jelas susah masyarakat
Pengguna Google,5,2026-02-25 14:30:18,sip bgt,Positif,sip banget
Pengguna Google,5,2026-02-25 14:03:06,mantap... lanjut,Positif,mantap lanjut
Pengguna Google,5,2026-02-25 12:26:31,tingkat kan lagi karena sering ngelek pas pembayaran,Positif,tingkat kan lagi karena sering ngelek pas bayar
Pengguna Google,1,2026-02-25 10:49:18,lama verifikasi... ujung2nya ditolak,Negatif,lama verifikasi ujung tolak
Pengguna Google,1,2026-02-25 10:03:31,Ribet aplikasinya,Negatif,ribet aplikasi
Pengguna Google,5,2026-02-25 09:29:00,mantap,Positif,mantap
Pengguna Google,1,2026-02-25 09:15:05,lemot respon bantuan.. aplikasi negara untuk layanan publik tapi minim respon... kalian ada karena rakyat. verifikasi data gagal. data semua asli dan akurat. di bilang editan. sistem bobrok!,Negatif,lot respon bantu aplikasi negara layan publik tapi minim respon kalian ada karena rakyat verifikasi data gagal data semua asli akurat bilang edit sistem bobrok
Pengguna Google,5,2026-02-25 07:40:31,mantap aplikasinya,Positif,mantap aplikasi
Pengguna Google,5,2026-02-25 07:03:56,untuk motor ada jalur kusus jd gak antri,Positif,motor ada jalur sus jd gak antri
Pengguna Google,5,2026-02-25 06:29:13,mantaps,Positif,mantaps
Pengguna Google,1,2026-02-25 06:23:30,"punya keluhan, terus di sampaikan melalui medsos mypertamina dan VS PCC135, tapi tanggapan sungguh mengecewakan, disuruh menunggu, terkesan bertele tele, dan tidak ada upaya percepatan dalam penanganan masalah, padahal sudah 14 hari sejak keluhan saya laporkan, masih poses dan follow up terus sampai sekarang, kecewa dengan pelayanan penanganan keluhan, kalau sudah beres, baru nnti akan saya kasih bintang 5 dan ulasan baik baik",Negatif,punya keluh terus sampai lalu medsos mypertamina vs pcc tapi tanggap sungguh kecewa suruh tunggu kes tele tele tidak ada upaya cepat dalam tangan masalah padahal sudah hari sejak keluh saya lapor masih poses follow up terus sampai sekarang kecewa layan tangan keluh kalau sudah beres baru nnti akan saya kasih bintang ulas baik baik
Pengguna Google,5,2026-02-25 02:26:09,baik,Positif,baik
Pengguna Google,5,2026-02-25 02:20:01,untuk dev aplikasi tolong lah masa mau ubah nomor hp aja ribet. apa gunanya verifikasi nomor kalo masih di persulit,Positif,dev aplikasi tolong lah masa mau ubah nomor hp aja ribet apa guna verifikasi nomor kalo masih sulit
Pengguna Google,5,2026-02-25 00:18:04,mantaf,Positif,mantaf
Pengguna Google,5,2026-02-24 21:47:25,ok,Positif,ok
Pengguna Google,5,2026-02-24 21:27:45,ok,Positif,ok
Pengguna Google,5,2026-02-24 21:07:54,mantap,Positif,mantap
Pengguna Google,1,2026-02-24 20:27:34,gmna sih udh mau bikin barcode gagal terus menerus smpe 8x. tolol nya kebangetan nih pertamina bikin menyusahkan masyarakat Indonesia,Negatif,gmna sih udh mau bikin barcode gagal terus terus smpe x tolol nya banget nih pertamina bikin susah masyarakat indonesia
Pengguna Google,5,2026-02-24 19:44:25,"bagus,ada cash back nya",Positif,bagusada cash back nya
Pengguna Google,1,2026-02-24 19:09:54,"Aplikasi aneh, mau ngehubungkan dari aku subsidi tepat yg di website ke apk my pertamina ini gagal mulu, apikasi apaan si gak jelas ribet gagal mulu.. cetak barcode juga gampangan di website dri pada di aplikasi ini",Negatif,aplikasi aneh mau ngehubungkan aku subsidi tepat website aplikasi my pertamina gagal mulu apikasi apa si gak jelas ribet gagal mulu cetak barcode juga gampang website dri aplikasi
Pengguna Google,5,2026-02-24 18:12:47,"Pembayaran lebih mudah, namun sangat di sayangkan di beberapa SPBU belum bisa menggunakan my pertamina",Positif,bayar lebih mudah namun sangat sayang beberapa spbu belum bisa guna my pertamina
Pengguna Google,5,2026-02-24 17:26:39,"mantap,sangat cepat & membantu",Positif,mantapsangat cepat bantu
Pengguna Google,1,2026-02-24 15:25:18,Pertamina oplosan wkwkkwkw,Negatif,pertamina oplos wkwkkwkw
Pengguna Google,1,2026-02-24 14:39:54,dasar apakasi lol buat nik malah jadi ga bisa,Negatif,dasar apakasi lol buat nik malah jadi tidak bisa
Pengguna Google,1,2026-02-24 14:30:37,"aplikasi parah login gak bisa,,",Negatif,aplikasi parah login gak bisa
Pengguna Google,5,2026-02-24 13:48:15,good,Positif,good
Pengguna Google,1,2026-02-24 13:08:10,"klo g siap bkin aplikasi/sistem di website jgn diluncurkn gt aja.Mw ngisi data g bs,hapus akun g bs,akses hrs di website.Trs apa gunanya bkin aplikasi???",Negatif,klo g siap bkin aplikasisistem website jgn diluncurkn gt ajamw ngisi data g bshapus akun g bsakses hrs websitetrs apa guna bkin aplikasi
Pengguna Google,1,2026-02-24 12:50:14,"dah ke barapa kali pakai bukan me permudah malah bikin ribet,",Negatif,dah barapa kali pakai bukan me mudah malah bikin ribet
Pengguna Google,5,2026-02-24 12:46:20,ok,Positif,ok
Pengguna Google,4,2026-02-24 12:33:13,kenapa setelah daftar menunggu verifikasi lama banget sampek 14 hari kerja. kan kita keburu butuh ini,Positif,kenapa telah daftar tunggu verifikasi lama banget sampek hari kerja kan kita keburu butuh
Pengguna Google,1,2026-02-24 12:30:56,"sistem yang sangat amat menyusahkan rakyat, rakyat sipil tidak mencuri tapi hendak membeli BBM saja dipersulit dengan pendaftaran yang sangat amat lama dengan kualitas aplikasi yang sangat amat ampas.",Negatif,sistem sangat amat susah rakyat rakyat sipil tidak curi tapi hendak beli bbm saja sulit daftar sangat amat lama kualitas aplikasi sangat amat ampas
Pengguna Google,1,2026-02-24 11:12:36,"Selamat siang ibu/bpk,saya sebagai masyarakat yang menggunakan BBM subsidi sangat kecewa di tiap SPBU yang melayani motor berkapasitas lebih dari 5 liter seperti pembelian oleh para Madura penjual eceran dengan pembelian di atas 200ribu hingga antrian merasa terganggu masyarakat pengguna subsidi. Oleh karena ini tolong di arahkan ke pengisian mobil bukan pengisian di antrian motor masyarakat yang benar2 penggunaanya sendiri. Tolong di realisasikan pembelian penjual warung2 Madura",Negatif,selamat siang ibubpksaya bagai masyarakat guna bbm subsidi sangat kecewa tiap spbu layan motor kapasitas lebih liter seperti beli oleh para madura jual ecer beli atas ribu hingga antri rasa ganggu masyarakat guna subsidi oleh karena tolong arah isi mobil bukan isi antri motor masyarakat benar penggunaanya sendiri tolong realisasi beli jual warung madura
Pengguna Google,1,2026-02-24 10:11:51,pembayaranya ribet !!! payaaaah !!,Negatif,pembayaranya ribet payaaaah
Pengguna Google,1,2026-02-24 09:43:54,aplikasi lelet parah,Negatif,aplikasi lelet parah
Pengguna Google,5,2026-02-24 08:34:28,banyak keuntungannya,Positif,banyak untung
Pengguna Google,5,2026-02-24 07:39:31,bagaimana cara membuat barcode karena barcode lama saya luntur susah untuk di scan,Positif,bagaimana cara buat barcode karena barcode lama saya luntur susah scan
Pengguna Google,1,2026-02-24 05:32:58,min ko skrng ga bisa pke apk my pertamina ya d pom bensinya?,Negatif,min ko skrng tidak bisa pke aplikasi my pertamina ya d pom bensinya
Pengguna Google,5,2026-02-23 19:41:28,Mantap..banyak discount dan poin nya..Terima kasih Pertamina..,Positif,mantapbanyak discount poin nyaterima kasih pertamina
Pengguna Google,5,2026-02-23 18:10:45,"biarpun agak lambat dan ruet, tetep tak kasih start 5 lah",Positif,biarpun agak lambat ruet tetep tak kasih start lah
Pengguna Google,1,2026-02-23 16:21:08,"aplikasi nya ga jelas, login gagal terus CS nya lelet buat bales",Negatif,aplikasi nya tidak jelas login gagal terus cs nya lelet buat bales
Pengguna Google,5,2026-02-23 15:55:25,Ok,Positif,ok
Pengguna Google,1,2026-02-23 15:37:07,"Sampah banget nih aplikasi, mau nambahin metode pembayaran pake gopay aja eror Mulu. niat apa kagak sih buat aplikasi",Negatif,sampah banget nih aplikasi mau nambahin metode bayar pake gopay aja eror mulu niat apa kagak sih buat aplikasi
Pengguna Google,5,2026-02-23 13:51:57,terimakasih,Positif,terimakasih
Pengguna Google,1,2026-02-23 12:27:23,saya mau dapat kan poin selalu tidak bisa untuk ambil poin nya sedangkan syaa beli Pertamina dex pembelian uang cash,Negatif,saya mau dapat kan poin selalu tidak bisa ambil poin nya sedang syaa beli pertamina dex beli uang cash
Pengguna Google,1,2026-02-23 11:57:58,"ga guna, mempersulit",Negatif,tidak guna sulit
Pengguna Google,4,2026-02-23 11:45:57,alatnya dibenarin lg krn susah barcode,Positif,alat dibenarin lg krn susah barcode
Pengguna Google,1,2026-02-23 11:26:57,daftarnya susah.. website nya buruk gak bisa terdeteksi mobil roda 4 terdeteksi roda 2 aneh aturan tolol di persulit,Negatif,daftar susah website nya buruk gak bisa deteksi mobil roda deteksi roda aneh atur tolol sulit
Pengguna Google,1,2026-02-23 10:38:46,mau daftar gagal gagal terus mau beli pertalite aja susah kita ini beli gak mintak jadi tolong lah jangan di persulit,Negatif,mau daftar gagal gagal terus mau beli pertalite aja susah kita beli gak mintak jadi tolong lah jangan sulit
Pengguna Google,5,2026-02-23 10:03:27,manatap tp mau liat batcod payah sangking mantap ya 🤭,Positif,manatap tp mau liat batcod payah sangking mantap ya
Pengguna Google,2,2026-02-23 09:23:55,"ihhh minn karyawannya banyak alasan, yg gabisa lah yg eror lah, jadi gabisa dipake juga mypertaminanya manaa gada uang cash lagii sebagai mahasiswa 😌",Negatif,ihhh minn karyawannya banyak alas gabisa lah eror lah jadi gabisa dipake juga mypertaminanya manaa gada uang cash lagi bagai mahasiswa
Pengguna Google,1,2026-02-23 09:19:30,"Bener2 ngeselin, 1 tahun lalu proses buat barcode cuma 10 menit jadi, sekarang harus menunggu 14 hari kerja untuk verifikasi data doang, apasih...bukannya malah meningkat tapi malah menurun...",Negatif,bener ngeselin tahun lalu proses buat barcode cuma menit jadi sekarang harus tunggu hari kerja verifikasi data doang apasihbukannya malah tingkat tapi malah turun
Pengguna Google,1,2026-02-23 06:56:23,"memperibet, mempersulit, nungguin verifikasi nya aja lama banget. niat gak sih buat aplikasi?",Negatif,memperibet sulit nungguin verifikasi nya aja lama banget niat gak sih buat aplikasi
Pengguna Google,1,2026-02-23 04:33:10,"percuma pakai may pertamina pembayaran selalu gangguan antrian menumpuk,aplikasi bukan mempermudah malah mempersulit",Negatif,percuma pakai may pertamina bayar selalu ganggu antri menumpukaplikasi bukan mudah malah sulit
Pengguna Google,5,2026-02-22 22:49:48,mantap,Positif,mantap
Pengguna Google,5,2026-02-22 20:55:48,mantap,Positif,mantap
Pengguna Google,1,2026-02-22 20:18:13,aplikasi sampah daftar no pol kendaraan lemot nya ga beres2 ..,Negatif,aplikasi sampah daftar no pol kendara lot nya tidak beres
Pengguna Google,5,2026-02-22 18:36:53,mantap,Positif,mantap
Pengguna Google,1,2026-02-22 16:13:55,"tolong pegawainya di tambahin soalnya di berbagai kota keryawanya kurang,massa iya yng jaga cuma 2 orng,antri pertalite panjang tiba tiba ada yng mau isi Pertamax malah layanin Pertamax antrian pertalite tambah lama lagi,tolong lah di benerin lagi,soalnya ngantri lama tiba tiba ada isi Pertamax",Negatif,tolong pegawai tambahin soal bagai kota keryawanya kurangmassa iya yng jaga cuma orngantri pertalite panjang tiba tiba ada yng mau isi pertamax malah layanin pertamax antri pertalite tambah lama lagitolong lah benerin lagisoalnya ngantri lama tiba tiba ada isi pertamax
Pengguna Google,1,2026-02-22 14:54:08,"cetak kartu my pertamina di toko online, tiap mau isi bensin, jatah nya sudah habis terpakai padahal belum ngisi. harusnya nomor kartu sama tipe mobil di verifikasi oleh petugas POM. jangan asal ngisi aja. buat apa coba daftar klo bisa pake punya orang lain.",Negatif,cetak kartu my pertamina toko online tiap mau isi bensin jatah nya sudah habis pakai padahal belum ngisi harus nomor kartu sama tipe mobil verifikasi oleh tugas pom jangan asal ngisi aja buat apa coba daftar klo bisa pake punya orang lain
Pengguna Google,5,2026-02-22 11:02:10,keren dah,Positif,keren dah
Pengguna Google,5,2026-02-22 10:15:30,Semoga selalu konsisten,Positif,moga selalu konsisten
Pengguna Google,5,2026-02-22 09:02:02,mantap,Positif,mantap
Pengguna Google,1,2026-02-22 08:21:41,app yang sangat menyusahkan rakyat indonesia,Negatif,app sangat susah rakyat indonesia
Pengguna Google,1,2026-02-22 06:30:27,aolikasi sampah,Negatif,aolikasi sampah
Pengguna Google,5,2026-02-22 05:38:43,lumayan,Positif,lumayan
Pengguna Google,1,2026-02-22 03:41:47,aplikasi ngk berguna..setiap previkasi selallu di tolak,Negatif,aplikasi ngk bergunasetiap previkasi selallu tolak
Pengguna Google,1,2026-02-22 02:51:55,"sudah berapa kali pakai aplikasi ini untuk mengisi BBM tapi poinnya ga nambah, mohon diperbaiki aplikasinya.",Negatif,sudah berapa kali pakai aplikasi isi bbm tapi poin tidak nambah mohon baik aplikasi
Pengguna Google,1,2026-02-22 01:34:43,"aplikasi paling menyusahkan pengguna, dl pernah daftar kendaraan dan berhasil dan sdh kliar barcode, sekarang aplikasi update malah ga bisa login, harus verifikasi KTP, KTP sdh diupload malah bilang NIK dan KTP beda padahal sama.. mau ngumpat ko takut dosa.. kl ga niat jangan bikin aplikasi, knapa harus ada aplikasi dalam aplikasi.. heleehhh..",Negatif,aplikasi paling susah guna dl pernah daftar kendara hasil sdh kliar barcode sekarang aplikasi update malah tidak bisa login harus verifikasi ktp ktp sdh diupload malah bilang nik ktp beda padahal sama mau ngumpat ko takut dosa kl tidak niat jangan bikin aplikasi knapa harus ada aplikasi dalam aplikasi heleehhh
Pengguna Google,5,2026-02-21 20:16:09,pelayanan baik,Positif,layan baik
Pengguna Google,5,2026-02-21 15:27:23,pelayanan cepat,Positif,layan cepat
Pengguna Google,1,2026-02-21 11:00:09,"MENYUSAHKAN PADAHAL SEMUA PERSYARATAN YANG DIMINTA SUDAH DIIKUTI SUSAH BANGET TINGGAL ACC, UDAH TAHU NAMANYA STNK DITARUH DI DOMPET KUNCI MOBILYA JELAS TERLIPAT LAH. SAYA BUTUH BARCODENYA INI KARENA POLISI DI SAMSAT GANTI NOPOL JADI HARUS UPLOAD ULANG DATA DAN NOPOL BEDA AJA JADI SULIT SAYA MAU NGISI BENSIN. BENERIN TUH ADMIN MASA IYA NGGAK BISA BACA MENTANG2 TERLIPAT-LIPAT, PADAHAL MOBIL JELAS SAMA. SAYA SUDAH SAMPAI 3X UPLOAD DATA YANG SAMA PADAHAL KALAU BISA JELI ITU SAMA MESKIPUN TERLIPAT2.",Negatif,susah padahal semua syarat minta sudah ikut susah banget tinggal acc udah tahu nama stnk taruh dompet kunci mobilya jelas lipat lah saya butuh barcodenya karena polisi samsat ganti nopol jadi harus upload ulang data nopol beda aja jadi sulit saya mau ngisi bensin benerin tuh admin masa iya nggak bisa baca mentang terlipatlipat padahal mobil jelas sama saya sudah sampai x upload data sama padahal kalau bisa jeli sama meski lipat
Pengguna Google,5,2026-02-21 10:54:48,ok,Positif,ok
Pengguna Google,5,2026-02-21 09:47:01,bagus cepet banget transaksi mudah digunakan,Positif,bagus cepet banget transaksi mudah guna
Pengguna Google,1,2026-02-21 03:57:28,"kenapa aplikasi anak bangsa justru membagongkan. apakah masih menerapkan slogan ""kalo bisa dipersulit kenapa dipermudah"".",Negatif,kenapa aplikasi anak bangsa justru bagong apakah masih terap slogan kalo bisa sulit kenapa mudah
Pengguna Google,5,2026-02-21 03:32:07,ok,Positif,ok
Pengguna Google,5,2026-02-21 03:04:41,mantap,Positif,mantap
Pengguna Google,5,2026-02-21 02:19:46,ok,Positif,ok
Pengguna Google,1,2026-02-20 23:27:40,banyak pertamina tdk mengunakan mesin bayarnya percuma di pake tdk ada gunanya mendi saya hpud,Negatif,banyak pertamina tidak mengunakan mesin bayar percuma pake tidak ada guna mendi saya hpud
Pengguna Google,1,2026-02-20 19:14:36,sulit banget menghubungkan pembayaran dengan kartu debit,Negatif,sulit banget hubung bayar kartu debit
Pengguna Google,5,2026-02-20 16:26:48,cool bagusa poin nya berharga,Positif,cool bagusa poin nya harga
Pengguna Google,2,2026-02-20 15:20:26,"kurang bagus tiba tiba keluar sendiri,,,dan untuk yg lainnya lambat dalam verifikasi",Negatif,kurang bagus tiba tiba keluar sendiridan lain lambat dalam verifikasi
Pengguna Google,1,2026-02-20 14:13:14,gak bsa login,Negatif,gak bsa login
Pengguna Google,1,2026-02-20 12:00:49,kebanyakan kesalahan dan bug,Negatif,banyak salah bug
Pengguna Google,5,2026-02-20 10:18:20,ok,Positif,ok
Pengguna Google,1,2026-02-20 09:40:22,setiap mau bayar gak bisa...jd selalu bayar pakai qris,Negatif,tiap mau bayar gak bisajd selalu bayar pakai qris
Pengguna Google,5,2026-02-20 08:31:36,saya sudah tukar poin dengan marcendise gantungan kunci. tapi belum sampai juga gantungan kuncinya. dari tg l 2 februari saya nukar poinnya.,Positif,saya sudah tukar poin marcendise gantung kunci tapi belum sampai juga gantung kunci tg l februari saya nukar poin
Pengguna Google,5,2026-02-20 04:25:52,Oke,Positif,oke
Pengguna Google,5,2026-02-20 02:42:35,okeh punya perfect,Positif,okeh punya perfect
Pengguna Google,5,2026-02-19 21:32:16,pembayaran lancar pakai mypertamina,Positif,bayar lancar pakai mypertamina
Pengguna Google,1,2026-02-19 21:29:20,"kenapa mau daftar saja paling susah skali, sllu sja di tolak.🤦‍♂️",Negatif,kenapa mau daftar saja paling susah skali sllu sja tolak
Pengguna Google,4,2026-02-19 19:26:51,bsgus,Positif,bsgus
Pengguna Google,5,2026-02-19 17:54:53,jos,Positif,jos
Pengguna Google,1,2026-02-19 16:55:22,kenapa mobil saya tidak berhak mendapatkan subsidi padahal mobil saya mobil tua,Negatif,kenapa mobil saya tidak hak dapat subsidi padahal mobil saya mobil tua
Pengguna Google,1,2026-02-19 14:37:51,"pertamina menyusahkan, mendaftarkan barcode mobil nunggu lama gagal, nunggu lama gagal. elu periksanya pake apa sih? bisa gak sediain kantor biar gak kayak gini? nunggu 1 hari gagal, nunggu sehari gagal. Dikira orang nganggur apa cuma mau berulang-ulang upload berkas. mana berkasnya harus foto langsung gak bisa ambil hasil scanner. pertamina tolong diperbaiki pelayanan my pertamina nya",Negatif,pertamina susah daftar barcode mobil nunggu lama gagal nunggu lama gagal elu periksa pake apa sih bisa gak ain kantor biar gak kayak gin nunggu hari gagal nunggu hari gagal kira orang nganggur apa cuma mau berulangulang upload berkas mana berkas harus foto langsung gak bisa ambil hasil scanner pertamina tolong baik layan my pertamina nya
Pengguna Google,5,2026-02-19 12:59:12,"mantap sangat mudah menggunakan *myPertamina* kalau menggunakan voucher, sayangnya di SPBU Coco Manado belum bisa beli brightgass dengan voucher",Positif,mantap sangat mudah guna mypertamina kalau guna voucher sayang spbu coco manado belum bisa beli brightgass voucher
Pengguna Google,5,2026-02-19 09:04:47,keren,Positif,keren
Pengguna Google,5,2026-02-19 05:40:21,Semakin Cepat dan Hebat!,Positif,makin cepat hebat
Pengguna Google,1,2026-02-19 05:19:10,"Aplikasi macam apa, katanya bisa bikin barcode subsidi tepat, tapi dah di coba ber ulang' gabisa, baik apk maupun Web masa harus ke petugas POM, Nasib Jadi WNI apa' di kadalii, asemmm",Negatif,aplikasi macam apa kata bisa bikin barcode subsidi tepat tapi dah coba ber ulang gabisa baik aplikasi maupun web masa harus tugas pom nasib jadi wni apa kadalii asemmm
Pengguna Google,1,2026-02-18 20:51:24,"ruwet aplikasi nya, nik dan pasword udah bener knpa msh di salah kan trs. barcode baru kemarin di buat ko udah kadaluarsa.",Negatif,ruwet aplikasi nya nik pasword udah bener knpa msh salah kan trs barcode baru kemarin buat ko udah kadaluarsa
Pengguna Google,5,2026-02-18 18:35:15,simple,Positif,simple
Pengguna Google,5,2026-02-18 17:02:39,"app lancar ,kalo bisa tambahkan sistem pembayaran pake nfc min,biar cepet transaksinya",Positif,app lancar kalo bisa tambah sistem bayar pake nfc minbiar cepet transaksi
Pengguna Google,1,2026-02-18 16:43:12,bukan sekedar nominal datang ke both pertamina di event ikut game di janjikan e voucher 1x24 jam udah hampir 1 minggu gak ada juga.. buat narik pengunjung ke both pertamina di stiap event jgn gitu caranya... masa sekelas BUMN maen nya gtu...,Negatif,bukan dar nominal datang both pertamina event ikut game janji e voucher x jam udah hampir minggu gak ada juga buat narik unjung both pertamina stiap event jgn gitu cara masa kelas bumn maen nya gtu
Pengguna Google,5,2026-02-18 16:35:09,Good,Positif,good
Pengguna Google,1,2026-02-18 16:07:53,"woi lah, beli pertalite hrs pake barcode, skrg bikin barcode susah bgt, gagal trs pdhl uplod KTP udh jelas bgt, apa²an sih ini heran!!",Negatif,woi lah beli pertalite hrs pake barcode skrg bikin barcode susah banget gagal trs pdhl uplod ktp udh jelas banget apa sih heran
Pengguna Google,1,2026-02-18 10:18:52,bikin Barcode sulitnya minta ampun wkwkwk,Negatif,bikin barcode sulit minta ampun wkwkwk
Pengguna Google,1,2026-02-18 10:06:12,"suka bingung, di kota2 luar jakarta pake my pertamina ga antri. ini di jakarta pake my pertamina harus antri",Negatif,suka bingung kota luar jakarta pake my pertamina tidak antri jakarta pake my pertamina harus antri
Pengguna Google,1,2026-02-18 09:09:32,"Bikin rakyat kecil tambah susah dengan menggunakan apk untuk pembelian bbm, harusnya bikin yg simple, misal setiap kendaraan yg boleh menerima subsidi di tempel barcod di tutup tangki bbm, tinggal scan beres, ini harus pake apk dan linkaja bikin ruwet aja. nunggu verifikasi aja lama, kalo bayar lewat org SPBU 10 menit dah jadi tu barcode,,,,, klo daftar sendiri lama, ga jadi jadi",Negatif,bikin rakyat kecil tambah susah guna aplikasi beli bbm harus bikin simple misal tiap kendara boleh terima subsidi tempel barcod tutup tangki bbm tinggal scan beres harus pake aplikasi linkaja bikin ruwet aja nunggu verifikasi aja lama kalo bayar lewat org spbu menit dah jadi tu barcode klo daftar sendiri lama tidak jadi jadi
Pengguna Google,5,2026-02-18 08:41:03,baik,Positif,baik
Pengguna Google,5,2026-02-18 08:17:03,puas,Positif,puas
Pengguna Google,5,2026-02-17 21:01:40,transaksi Oke,Positif,transaksi oke
Pengguna Google,5,2026-02-17 19:51:05,pertamina keren,Positif,pertamina keren
Pengguna Google,5,2026-02-17 19:47:58,sangat membantu jika tidak bawa uang,Positif,sangat bantu jika tidak bawa uang
Pengguna Google,2,2026-02-17 19:13:57,"aplikasi busuk!!!, saat mau d pakai malah g kebuka, internet ada tp aplikasi g kebuka, ditambah SPBU ga semua bisa pakai Aplikasi ini dan juga pakai QRIS... Kebiasaan Aplikasi buatan pemerintah Busuk, buang2 anggaran",Negatif,aplikasi busuk saat mau d pakai malah g buka internet ada tp aplikasi g buka tambah spbu tidak semua bisa pakai aplikasi juga pakai qris biasa aplikasi buat perintah busuk buang anggar
Pengguna Google,1,2026-02-17 18:49:37,aplikasi aneh murahan ga membantu rakyat bikin ribet. bayangkan pengguna adalah lansia umur 50 ke atas apa ta bingung ga ada otak pertamina,Negatif,aplikasi aneh murah tidak bantu rakyat bikin ribet bayang guna adalah lansia umur atas apa ta bingung tidak ada otak pertamina
Pengguna Google,4,2026-02-17 15:59:59,"pernah 2 kali ketika mau isi bensin, saldo pemakain tinggal senilai 200rb,tlg tindak lanjuti oknum yg nakal. akhirnya kita ga bs memakai fasilitas dengan baik.",Positif,pernah kali ketika mau isi bensin saldo pemakain tinggal nila rbtlg tindak lanjut oknum nakal akhir kita tidak bs pakai fasilitas baik
Pengguna Google,1,2026-02-17 14:10:10,aplikasi ribet,Negatif,aplikasi ribet
Pengguna Google,5,2026-02-17 13:44:16,"Ini sbenernya niat kaga sih buat bikin aplikasi atau judulnya subsidi tepat , tapi pas di katain barcode kadaluarsa sama SPBU mau di coba login di aplikasi nya malah kaga bisa d apa apain , di suruh update ke aplikasi terbaru , tapi ga ada pemberitahuan update , sampai saat ini masih kaga bisa login dan reset password slalu kaga bisa pdahal NIK udh bener , kalo ga bisa bkin aplikasi yg bagus mending gausah pake aplikasi , nyusahin",Positif,sbenernya niat kaga sih buat bikin aplikasi atau judul subsidi tepat tapi pas katain barcode kadaluarsa sama spbu mau coba login aplikasi nya malah kaga bisa d apa apain suruh update aplikasi baru tapi tidak ada pemberitahuan update sampai saat masih kaga bisa login reset password slalu kaga bisa pdahal nik udh bener kalo tidak bisa bkin aplikasi bagus mending gausah pake aplikasi nyusahin
Pengguna Google,5,2026-02-17 13:12:02,bagus,Positif,bagus
Pengguna Google,5,2026-02-17 12:31:00,"bagaimana cara unggah dokumen dari galeri, knapa di apalikasi yang saya instal ga ada pilihan unggah dari galeri.",Positif,bagaimana cara unggah dokumen galeri knapa apalikasi saya instal tidak ada pilih unggah galeri
Pengguna Google,1,2026-02-17 12:30:32,"nik katanya sudah terdaftar di akun lain, mau buat bc baru gk bisa2, mempersulit",Negatif,nik kata sudah daftar akun lain mau buat bc baru tidak bisa sulit
Pengguna Google,4,2026-02-17 12:23:05,kenapa plat mobil saya di aplikasi my Pertamina ( tidak di temukan ) sedangkan di google my Pertamina ada tlong perbaikin lagi sistemnya...,Positif,kenapa plat mobil saya aplikasi my pertamina tidak temu sedang google my pertamina ada tlong perbaikin lagi sistem
Pengguna Google,5,2026-02-17 10:19:44,sangat praktis,Positif,sangat praktis
Pengguna Google,5,2026-02-17 10:13:28,sangat membantu,Positif,sangat bantu
Pengguna Google,1,2026-02-17 08:57:13,"Sial daftar aplikasi ini... 2 kali ngisi BBM di SPBU yang berbeda, gak bisa pakai aplikasi kalau gak sampai 30 ribu dan 25 ribu belanja minyak. padaha 24 ribu sekian saya bayar. Kalau begini ceritanya ngapain download dan menggunakan aplikasi My Pertamina ? Gak ada gunanya. Masa harus habis BBM baru ngisi!?!?! Terakhir ngisi Di SPBU 14.202.118",Negatif,sial daftar aplikasi kali ngisi bbm spbu beda gak bisa pakai aplikasi kalau gak sampai ribu ribu belanja minyak padaha ribu sekian saya bayar kalau begini cerita ngapain download guna aplikasi my pertamina gak ada guna masa harus habis bbm baru ngisi akhir ngisi spbu
Pengguna Google,5,2026-02-17 07:12:19,"Pertamina ok.,pake aplikasi mempercepat proses mudah dan efisien",Positif,pertamina okpake aplikasi cepat proses mudah efisien
Pengguna Google,5,2026-02-16 20:43:23,sering kali gangguan mypertamina,Positif,sering kali ganggu mypertamina
Pengguna Google,4,2026-02-16 16:49:10,sangat membantu,Positif,sangat bantu
Pengguna Google,5,2026-02-16 15:17:51,"Aplikasi ini sebetul nya sangat bagus, lebih bagus lagi kalau di musnahkan👎",Positif,aplikasi betul nya sangat bagus lebih bagus lagi kalau musnah
Pengguna Google,5,2026-02-16 13:57:55,keren..enak mudah,Positif,kerenenak mudah
Pengguna Google,5,2026-02-16 13:20:24,Semoga program cashbacknya ditambah y...🤭 Tq PERTAMINA ♥️,Positif,moga program cashbacknya tambah y tq pertamina
Pengguna Google,2,2026-02-16 12:39:49,gk bisa login,Negatif,tidak bisa login
Pengguna Google,5,2026-02-16 12:23:04,ok,Positif,ok
Pengguna Google,5,2026-02-16 11:57:32,"heran jg y, pd saat pembayaran di SPBU eeeehhh apk nya lemot.",Positif,heran jg y pd saat bayar spbu eeeehhh aplikasi nya lot
Pengguna Google,5,2026-02-16 11:54:40,ok,Positif,ok
Pengguna Google,5,2026-02-16 08:14:08,asik segalanya,Positif,asik segala
Pengguna Google,1,2026-02-15 22:16:01,susah sekali daftar aplikasinya masak aplikasi milik negara kayak gini lebih mudah kita buka rekening bank lewat mobile banking dari pada ini,Negatif,susah sekali daftar aplikasi masak aplikasi milik negara kayak gin lebih mudah kita buka rekening bank lewat mobile banking
Pengguna Google,1,2026-02-15 21:09:15,aplikasi buruk susah buat login nya😡,Negatif,aplikasi buruk susah buat login nya
Pengguna Google,1,2026-02-15 20:51:11,"katanya barcode ke blokir, setelah itu sy masukin data ulang malah saat mendaftar kendaraan tidak bisa memproses katanya trus gmn dong, mana butuh bgt",Negatif,kata barcode blokir telah sy masukin data ulang malah saat daftar kendara tidak bisa proses kata trus gmn dong mana butuh banget
Pengguna Google,5,2026-02-15 19:51:56,sangat memudahkan,Positif,sangat mudah
Pengguna Google,5,2026-02-15 19:42:35,fitur menarik.. sangat praktis,Positif,fitur tarik sangat praktis
Pengguna Google,1,2026-02-15 18:55:24,Tidak bisa registrasi,Negatif,tidak bisa registrasi
Pengguna Google,5,2026-02-15 17:26:15,Ribet... Secara tidak langsung memaksa orang untuk beli pertamax..,Positif,ribet cara tidak langsung paksa orang beli pertamax
Pengguna Google,1,2026-02-15 15:38:13,"baru di-update, pas mo bayar, malah tidak berhasil. alasannya saldo atau jaringan. padahal petugas liat saldo mencukupi dan jaringan udah nyala.",Negatif,baru diupdate pas mo bayar malah tidak hasil alas saldo atau jaring padahal tugas liat saldo cukup jaring udah nyala
Pengguna Google,5,2026-02-15 14:21:00,the best...,Positif,the best
Pengguna Google,5,2026-02-15 12:38:03,lanjut,Positif,lanjut
Pengguna Google,5,2026-02-15 11:26:54,"so far ok ,nyambung sama Link aja",Positif,so far ok nyambung sama link aja
Pengguna Google,5,2026-02-15 10:57:04,baik,Positif,baik
Pengguna Google,5,2026-02-15 10:35:26,Mantap,Positif,mantap
Pengguna Google,5,2026-02-15 09:30:07,"bukan mempermudah aplikasinya, malah mempersulit, saat mau transaksi aplikasi susah di buka,,,, bikin kesal",Positif,bukan mudah aplikasi malah sulit saat mau transaksi aplikasi susah buka bikin kesal
Pengguna Google,1,2026-02-15 08:39:47,"ribet, gk bisa connect ke dana jg",Negatif,ribet tidak bisa connect dana jg
Pengguna Google,4,2026-02-15 08:27:40,"saya dah 1 tahun menggunakan app ini knp y g pernah dapat poin,, bantu info gmn cara dapat poin nya..",Positif,saya dah tahun guna app knp y g pernah dapat poin bantu info gmn cara dapat poin nya
Pengguna Google,5,2026-02-15 07:19:22,tolong scan nya di perbaiki,Positif,tolong scan nya baik
Pengguna Google,1,2026-02-15 06:56:36,saran tambahkan fitur lokasi pengisian BBM di tab transaksi.,Negatif,saran tambah fitur lokasi isi bbm tab transaksi
Pengguna Google,1,2026-02-15 05:46:39,saya pengendara motor.tadinya saya pakai my pertamina. dgn harap mudah melakukan pembayaran dengan QRIS. Tidak semua Pom bensin Pertamina mau menerima pembayaran dgn QRIS. Kalau mau isi bensin nanya dulu bisa bayar dgn QRIS ?? tiap pom bensin bikin aturan berbeda².Sekarang my pertamina sudah saya delete. Pom bensin merk lain mau menerima pembayaran dgn QRIS berapapun transaksinya pasti di terima. Kalah sama Warung Madura bisa pakai QRIS berapapun transaksi di terima,Negatif,saya kendara motortadinya saya pakai my pertamina harap mudah laku bayar qris tidak semua pom bensin pertamina mau terima bayar qris kalau mau isi bensin nanya dulu bisa bayar qris tiap pom bensin bikin atur berbedasekarang my pertamina sudah saya delete pom bensin merk lain mau terima bayar qris berapa transaksi pasti terima kalah sama warung madura bisa pakai qris berapa transaksi terima
Pengguna Google,5,2026-02-15 03:52:30,semoga semakin baik dan berkah kedepannya..,Positif,moga makin baik berkah depan
Pengguna Google,5,2026-02-14 22:52:34,memudahkan,Positif,mudah
Pengguna Google,5,2026-02-14 20:21:02,bagus,Positif,bagus
Pengguna Google,1,2026-02-14 19:30:35,verivikasi susah. apk bangke,Negatif,verivikasi susah aplikasi bangke
Pengguna Google,2,2026-02-14 18:07:06,udah daftar berkali2 katanya nopol udah terdaftar. trs banding dan berhasil bandingnya. trs daftar subsidi dong. ditunggu beberapa hari ada konfirmasi di email subsidi disetujui. pas diklik tautannya eh barcode nya diblokir. belum aja lihat barcode nya tau2 keblokir. katanya terindikasi langsir. ribet sekarang. rakyat susah malah dibikin susah.,Negatif,udah daftar kali kata nopol udah daftar trs banding hasil banding trs daftar subsidi dong tunggu beberapa hari ada konfirmasi email subsidi tuju pas klik taut eh barcode nya blokir belum aja lihat barcode nya tau blokir kata indikasi langsir ribet sekarang rakyat susah malah bikin susah
Pengguna Google,5,2026-02-14 17:26:34,baik sekali,Positif,baik sekali
Pengguna Google,1,2026-02-14 16:16:15,permisi admin mana bagian Penukaran merchandise poin apakah sudah tidak tersedia jujur kecewa,Negatif,permisi admin mana bagi tukar merchandise poin apakah sudah tidak sedia jujur kecewa
Pengguna Google,5,2026-02-14 15:36:14,Lebih mudah..👍,Positif,lebih mudah
Pengguna Google,2,2026-02-14 15:00:22,buka aplikasi ini di hp yg lain QR tidak muncul.. dibuka dilink Pertamina muncul.. sesuai .. perbaiki dong aplikasi nya,Negatif,buka aplikasi hp lain qr tidak muncul buka dilink pertamina muncul sesuai baik dong aplikasi nya
Pengguna Google,5,2026-02-14 14:43:31,"sy lupa sandi,sy mau reset tapi Wen TDK bisa terbuka",Positif,sy lupa sandisy mau reset tapi wen tidak bisa buka
Pengguna Google,1,2026-02-14 14:31:23,"Aplikasi ini terlalu bobrok, foto mobil sudah ada, STNK sudah ada, foto sesuai, dan BPKB sudah ada secara perlengkapan ini lengkap. Tapi masih di tolak, malah memberikan peluang untuk agen lain buat barkot Pertamina dan berbayar, kenapa tidak dipermudah saja mengajukan perubahan barkot atas kepemilikan baru berdasarkan bukti di atas dari aplikasi saja dan kenapa harus ke website. Apakah memang ini dipersiapkan untuk agen-agen tertentu dan itu dikontrol oleh PERTAMINA? Bukan mempermudah orang.",Negatif,aplikasi terlalu bobrok foto mobil sudah ada stnk sudah ada foto sesuai bpkb sudah ada cara lengkap lengkap tapi masih tolak malah beri peluang agen lain buat barkot pertamina bayar kenapa tidak mudah saja aju ubah barkot atas milik baru dasar bukti atas aplikasi saja kenapa harus website apakah memang siap agenagen tentu kontrol oleh pertamina bukan mudah orang
Pengguna Google,1,2026-02-14 14:13:47,"Data saya kecolongan!!! 1. saya lihat di transaksi ada pembelian gas 12kg dan 5,5kg. padahal saya tidak pernah beli gas dipertamina. hanya pakai gas melon di warung dekat rumah. log nya sudah dihapus belum di screenshot. 2. data mobil saya ada dua, padahal cuma punya satu. itu pun jarang beli pertalite Krn jarang pakai mobil. 3. ada oknum mafia yang beli bensin dan subsidi pakai nama orang lain. 4. percuma mau komplain mafianya mereka juga.",Negatif,data saya colong saya lihat transaksi ada beli gas kg kg padahal saya tidak pernah beli gas dipertamina hanya pakai gas melon warung dekat rumah log nya sudah hapus belum screenshot data mobil saya ada dua padahal cuma punya satu pun jarang beli pertalite krn jarang pakai mobil ada oknum mafia beli bensin subsidi pakai nama orang lain percuma mau komplain mafia mereka juga
Pengguna Google,5,2026-02-14 12:23:32,ok,Positif,ok
Pengguna Google,1,2026-02-14 10:53:56,"SPBU di balam km 3,rokan hilir, riau, bangko permata, dah gk bisa ngisi minyak tanpa plat nomor, sangat mengecewakan, dah malas ngisi di spbu",Negatif,spbu balam km rok hilir riau bangko permata dah tidak bisa ngisi minyak tanpa plat nomor sangat kecewa dah malas ngisi spbu
Pengguna Google,5,2026-02-14 08:36:01,gk punya pengalaman.. karena sampe sekarang blm bisa di gunakan di pom bensin,Positif,tidak punya alam karena sampe sekarang blm bisa guna pom bensin
Pengguna Google,5,2026-02-14 08:10:57,semoga programnya bermanfaat bagi driver ojol,Positif,moga program manfaat bagi driver ojol
Pengguna Google,5,2026-02-14 07:04:41,cepat cukup membantu,Positif,cepat cukup bantu
Pengguna Google,1,2026-02-13 22:43:17,"apapun aplikasi pemerintah pasti bobrok, padahal tinggal nunggu verifikasi udah nunggu 2 harian dan status nya masih menunggu, pas dicek lagi sesi habis, login lagi malah gak ada data kendaraan yang udah didaftarin, malah hilang. maksudnya apa coba bener2 dipersulit",Negatif,apa aplikasi perintah pasti bobrok padahal tinggal nunggu verifikasi udah nunggu hari status nya masih tunggu pas cek lagi sesi habis login lagi malah gak ada data kendara udah didaftarin malah hilang maksud apa coba bener sulit
Pengguna Google,4,2026-02-13 22:35:21,kenapa susah di buka,Positif,kenapa susah buka
Pengguna Google,5,2026-02-13 20:20:03,terbaikkkk,Positif,terbaikkkk
Pengguna Google,5,2026-02-13 20:11:18,ok,Positif,ok
Pengguna Google,5,2026-02-13 19:22:18,Daptar di mypertamina cepat,Positif,daptar mypertamina cepat
Pengguna Google,4,2026-02-13 18:27:06,ribet enak kes,Positif,ribet enak kes
Pengguna Google,1,2026-02-13 18:21:12,"aplikasinya buat yg bener lah..ini sdh 2026 masa nggak ada pegawai IT yg bs buat aplikasi yg bagus seh? bikin malu aja...sy login pake web , aman dan bisa..giliran pake aplikasi malah kendaraan sy tidak terdaftar...ini kendaraan sdh 10 tahun atas nama saya kok bs bisa nya nggak terdaftar...sy kenal baik sama kepala samsat daerah saya dan sdh di cek, kendaraan saya aman dan taat pajak...mmg APLIKASINYA ini yg sampah",Negatif,aplikasi buat bener lahini sdh masa nggak ada pegawai it bs buat aplikasi bagus seh bikin malu ajasy login pake web aman bisagiliran pake aplikasi malah kendara sy tidak terdaftarini kendara sdh tahun atas nama saya kok bs bisa nya nggak terdaftarsy kenal baik sama kepala samsat daerah saya sdh cek kendara saya aman taat pajakmmg aplikasi sampah
Pengguna Google,1,2026-02-13 18:03:56,"tolong sistemnya diperbaiki, sering gangguan, saya sebagai oenakai prio jadi tersendat untuk beli bensin. mosok sekelas pertamina kek gini aja sering down ga bisa dipakai. percuma buat kalo sering down",Negatif,tolong sistem baik sering ganggu saya bagai oenakai prio jadi sendat beli bensin mosok kelas pertamina kek gin aja sering down tidak bisa pakai percuma buat kalo sering down
Pengguna Google,4,2026-02-13 17:51:26,ok,Positif,ok
Pengguna Google,5,2026-02-13 17:29:24,keren dech,Positif,keren dech
Pengguna Google,1,2026-02-13 16:44:37,"susah banget untuk pembayaran melalui scan barcode, padahal kualitas kamera gak ada masalah, tapi tiap digunakan untuk aplikasi ini pasti kamera jadi blur",Negatif,susah banget bayar lalu scan barcode padahal kualitas kamera gak ada masalah tapi tiap guna aplikasi pasti kamera jadi blur
Pengguna Google,5,2026-02-13 16:17:38,knp barcode sulit keluar,Positif,knp barcode sulit keluar
Pengguna Google,1,2026-02-13 16:02:05,"aplikasi paling gk guna,metode pwmbayaran terbatas,pembelian tdk terakumulasi pada aplikasi",Negatif,aplikasi paling tidak gunametode pwmbayaran terbataspembelian tidak akumulasi aplikasi
Pengguna Google,5,2026-02-13 15:55:25,sangat mudah,Positif,sangat mudah
Pengguna Google,5,2026-02-13 14:51:10,senang aja pakai my Pertamina...barangkali nntii ada bonus...,Positif,senang aja pakai my pertaminabarangkali nntii ada bonus
Pengguna Google,1,2026-02-13 13:36:24,aplikasi bosok . ribet . dan menyusahkan masyarakat,Negatif,aplikasi bosok ribet susah masyarakat
Pengguna Google,1,2026-02-13 12:05:14,"Berkali-kali daftarkan subsidi tepat untuk kendaraan saya, berkali-kali juga di tolak, dengan alasan gambar tidak sesuai karena buram dan tidak jelas, gambar sudah segitu jelas dan jernih bahkan saya sudah ikuti instruksi contoh pengambilan foto, aneh sekali yg salah hasil foto saya atau mata pemeriksa nya minus brp. kok bisa mata buram jagi peneliti dokumen.",Negatif,berkalikali daftar subsidi tepat kendara saya berkalikali juga tolak alas gambar tidak sesuai karena buram tidak jelas gambar sudah segitu jelas jernih bahkan saya sudah ikut instruksi contoh ambil foto aneh sekali salah hasil foto saya atau mata periksa nya minus brp kok bisa mata buram jagi teliti dokumen
Pengguna Google,5,2026-02-13 11:06:27,bagus dan mudah,Positif,bagus mudah
Pengguna Google,1,2026-02-13 08:24:18,akun my pertamina saya terblokir.. gmna cara buka nya. .?,Negatif,akun my pertamina saya blokir gmna cara buka nya
Pengguna Google,5,2026-02-13 07:02:44,"pembayaran bisa gunakan gopay, ini memudahkan",Positif,bayar bisa guna gopay mudah
Pengguna Google,5,2026-02-13 06:07:46,Mantap semoga lebih baik lagi,Positif,mantap moga lebih baik lagi
Pengguna Google,5,2026-02-13 04:37:50,untungnya punya uang d ATM.kalo gk ada ribet wes ..,Positif,untung punya uang d atmkalo tidak ada ribet wes
Pengguna Google,4,2026-02-12 23:50:54,"ter khusus di sumatra selatan,pembayan ran pembelian bio solar d spbu terkesan ribet,ada yg harus pake link aja,ad yg mau cash,ad jg bsa cash bsa pke apk,seharus.a dari pertamina tegas dan merata aturan itu,jdi konsumen tidak kawatir pada saat antre solar,",Positif,ter khusus sumatra selatanpembayan ran beli bio solar d spbu kes ribetada harus pake link ajaad mau cashad jg bsa cash bsa pke apkseharusa pertamina tegas rata atur itujdi konsumen tidak kawatir saat antre solar
Pengguna Google,5,2026-02-12 23:35:50,Sangat Bermanfaat,Positif,sangat manfaat
Pengguna Google,4,2026-02-12 20:43:50,bagus,Positif,bagus
Pengguna Google,1,2026-02-12 20:42:20,"aplikasi bikin sulit rakyat, susah semua",Negatif,aplikasi bikin sulit rakyat susah semua
Pengguna Google,5,2026-02-12 20:38:46,good,Positif,good
Pengguna Google,1,2026-02-12 19:42:48,"aplikasi nyusahin rakyat,",Negatif,aplikasi nyusahin rakyat
Pengguna Google,5,2026-02-12 19:42:03,good apk ini sangat bermanfaat,Positif,good aplikasi sangat manfaat
Pengguna Google,5,2026-02-12 17:56:47,mantap,Positif,mantap
Pengguna Google,5,2026-02-12 17:03:44,sangat membantu untuk membeli BBM,Positif,sangat bantu beli bbm
Pengguna Google,1,2026-02-12 15:54:30,pelayanan ribet banyak regulasi yang menurut saya ngga guna dan ngrepotin pengguna 👎,Negatif,layan ribet banyak regulasi turut saya ngga guna ngrepotin guna
Pengguna Google,5,2026-02-12 15:33:56,Mantafff berkah lancar,Positif,mantafff berkah lancar
Pengguna Google,5,2026-02-12 13:54:53,my pertamina oke,Positif,my pertamina oke
Pengguna Google,5,2026-02-12 13:33:08,"kenapa tiba² mobil sy tdk terdaftar di subsidi tepat ya, pdhal sy uda ada barcode, dan sy kesulitan utk login di apk ini, pdhal NIK dan pasword sy pastikan uda benar, mohon arahannya min, terimkasih",Positif,kenapa tiba mobil sy tidak daftar subsidi tepat ya pdhal sy uda ada barcode sy sulit utk login aplikasi pdhal nik pasword sy pasti uda benar mohon arah min terimkasih
Pengguna Google,4,2026-02-12 12:18:19,maaf sebelumnya sya mau ikut gabung voucher driver ojol...tapi di pilihan tidak ada... driver ojol (JOGJA KITA),Positif,maaf belum sya mau ikut gabung voucher driver ojoltapi pilih tidak ada driver ojol jogja kita
Pengguna Google,1,2026-02-12 09:53:33,"apk mentok di logo pertamina, kek gak niat bikin Aplikasi",Negatif,aplikasi mentok logo pertamina kek gak niat bikin aplikasi
Pengguna Google,5,2026-02-12 09:30:30,puas,Positif,puas
Pengguna Google,5,2026-02-12 09:21:09,good,Positif,good
Pengguna Google,5,2026-02-12 09:18:49,sangat memuaskan terimakasih,Positif,sangat muas terimakasih
Pengguna Google,1,2026-02-12 08:23:50,"mending gak usah ngadain hadiah undian preketek t...i gak jelas,kasih notif pemenang pake nomor undian bikin bingung cuk,harus nama di tampilkan,undian macam apa ini , gak jelas blas cuk....",Negatif,mending gak usah ngadain hadiah undi preketek ti gak jelaskasih notif menang pake nomor undi bikin bingung cukharus nama tampilkanundian macam apa gak jelas blas cuk
Pengguna Google,5,2026-02-12 07:48:11,oke bagus,Positif,oke bagus
Pengguna Google,5,2026-02-11 23:23:31,jadi gampang,Positif,jadi gampang
Pengguna Google,5,2026-02-11 20:44:04,memuaskan,Positif,muas
Pengguna Google,5,2026-02-11 17:39:02,good job,Positif,good job
Pengguna Google,2,2026-02-11 17:31:06,giliran di buka apk nya lag trs,Negatif,gilir buka aplikasi nya lag trs
Pengguna Google,1,2026-02-11 17:23:39,ada aplikasinya tapi responya Lemot amat cuma bisa mempersulit masyarakat....,Negatif,ada aplikasi tapi responya lot amat cuma bisa sulit masyarakat
Pengguna Google,5,2026-02-11 15:42:13,layanan sangat 👌,Positif,layan sangat
Pengguna Google,5,2026-02-11 15:30:04,sangat membantu,Positif,sangat bantu
Pengguna Google,5,2026-02-11 15:21:07,bagus mantap lebih aman,Positif,bagus mantap lebih aman
Pengguna Google,5,2026-02-11 14:58:29,oke banget.. lmyn poinnya bisa dituker mercandise,Positif,oke banget lmyn poin bisa dituker mercandise
Pengguna Google,5,2026-02-11 14:19:55,perbanyak promo dan hadiah khususnya buat Roda 2,Positif,banyak promo hadiah khusus buat roda
Pengguna Google,1,2026-02-11 13:58:07,"penonaktifan barcode prosesnya 14 hari, pendaftaran barcode baru 14 hari perlu waktu 1 bulan untuk beli bahan bakar, untuk kategori beli mobil bekas, gila negara macam apa ini",Negatif,nonaktif barcode proses hari daftar barcode baru hari perlu waktu bulan beli bahan bakar kategori beli mobil bekas gila negara macam apa
Pengguna Google,1,2026-02-11 10:41:11,malah eror setiap mau transaksi gak jelas,Negatif,malah eror tiap mau transaksi gak jelas
Pengguna Google,5,2026-02-11 09:58:43,"aplikasi MyPertamina cukup bagus sangat membantu masyarakat dalam mengakses pelayanan BBM, Gas untuk keperluan sehari-hari",Positif,aplikasi mypertamina cukup bagus sangat bantu masyarakat dalam akses layan bbm gas perlu seharihari
Pengguna Google,1,2026-02-11 09:21:47,aplikasi banyak gangguan. nggk layak,Negatif,aplikasi banyak ganggu nggk layak
Pengguna Google,5,2026-02-11 07:47:32,hanya bintang yg bisa saya sampaikan,Positif,hanya bintang bisa saya sampai
Pengguna Google,1,2026-02-11 07:34:18,lemot,Negatif,lot
Pengguna Google,1,2026-02-11 07:13:41,susah daftarnya di pertalit. mobil baru gagal terus data2 sudah benar,Negatif,susah daftar pertalit mobil baru gagal terus data sudah benar
Pengguna Google,5,2026-02-11 06:59:08,"pertama kalinya saya bayar via my Pertamina dgn ovo, lancar dan gampang ternyata... good solution",Positif,pertama kali saya bayar via my pertamina ovo lancar gampang nyata good solution
Pengguna Google,5,2026-02-11 03:24:15,"SEMOGA AJA SEMUA PERTAMINA BISA MEMAKAI MY PERTAMINA , SOALNYA ADA YANG GABISA ALASAN MESIN RUSAK ATAU LAINNYAA",Positif,moga aja semua pertamina bisa pakai my pertamina soal ada gabisa alas mesin rusak atau lainnyaa
Pengguna Google,5,2026-02-10 23:36:28,"Untuk hadiah voucher MyPertamina (khusus free parking), sebaiknya jangan hanya parkir di Jakarta saja. Posisi customer yang di Medan, nggak mgkn parkirnya di Jakarta.😄",Positif,hadiah voucher mypertamina khusus free parking baik jangan hanya parkir jakarta saja posisi customer medan nggak mgkn parkir jakarta
Pengguna Google,5,2026-02-10 22:31:36,mantap bosku 🔥,Positif,mantap bos
Pengguna Google,1,2026-02-10 20:55:52,"reset sandi tidak bisa, sangat buruk aplikasinya",Negatif,reset sandi tidak bisa sangat buruk aplikasi
Pengguna Google,1,2026-02-10 17:51:06,ruwet.... minta ulang trs kata sandi dll... terkadang kita kan lupa.... sdh sesuai pun masih saja tdk cocok.... gk Telkomsel gak pertamina sekarang makin ruwet.... gak ada yg bnr klu semua di kelolaBUMN,Negatif,ruwet minta ulang trs kata sandi dll terkadang kita kan lupa sdh sesuai pun masih saja tidak cocok tidak telkomsel gak pertamina sekarang makin ruwet gak ada bnr klu semua kelolabumn
Pengguna Google,4,2026-02-10 16:31:54,tambahkan metode pembayara lewat shopeepay dong Devp.,Positif,tambah metode pembayara lewat shopeepay dong devp
Pengguna Google,1,2026-02-10 16:21:40,"tolonglah STNK udah sesuai foto juga sudah jelas kenapa masih gagal terus(FOTO STNK TIDAK SESUAI) gitu aja terus, bukannya mempermudah yang ada mempersulit.",Negatif,tolong stnk udah sesuai foto juga sudah jelas kenapa masih gagal terusfoto stnk tidak sesuai gitu aja terus bukan mudah ada sulit
Pengguna Google,5,2026-02-10 14:12:31,oke,Positif,oke
Pengguna Google,5,2026-02-10 11:12:35,buat qris dong,Positif,buat qris dong
Pengguna Google,5,2026-02-10 10:48:47,baik,Positif,baik
Pengguna Google,5,2026-02-10 10:02:49,josss jisss,Positif,josss jisss
Pengguna Google,5,2026-02-10 08:48:40,tidak bisa mendaftar ulang pertalit subsidi,Positif,tidak bisa daftar ulang pertalit subsidi
Pengguna Google,1,2026-02-10 08:12:17,"aplikasi yang GAK ADA GUNANYA, percuma instal kalau tidak seluruh pombensi menggunakan aplikasi tersebut",Negatif,aplikasi gak ada guna percuma instal kalau tidak seluruh pombensi guna aplikasi sebut
Pengguna Google,1,2026-02-10 06:14:47,sering error,Negatif,sering error
Pengguna Google,5,2026-02-10 04:39:09,Sampai saat ini blm saya gunakan karena memang gak berguna 😁😁,Positif,sampai saat blm saya guna karena memang gak guna
Pengguna Google,2,2026-02-10 00:57:57,aplikasi maunya apa sih fto berkali kali ajah masih salah mulu perbaiki data diri mulu emng yang bener seperti apa data saya sudah sesuai ktp mau yang bener seperti apa lagi,Negatif,aplikasi mau apa sih fto kali kali ajah masih salah mulu baik data diri mulu emng bener seperti apa data saya sudah sesuai ktp mau bener seperti apa lagi
Pengguna Google,5,2026-02-09 22:42:14,mantap,Positif,mantap
Pengguna Google,1,2026-02-09 21:21:17,"login aja susah, Semua yg berbau BUMN ga ada yg beres. berbanding terbalik dengan swasta, sangat memalukan.",Negatif,login aja susah semua bau bumn tidak ada beres banding balik swasta sangat malu
Pengguna Google,5,2026-02-09 21:07:07,klo bisa tambahin buat bisa cetak bukti transaksi (struk) pembelian bbm,Positif,klo bisa tambahin buat bisa cetak bukti transaksi struk beli bbm
Pengguna Google,5,2026-02-09 20:39:56,"gak ada jalur khusus cuma iklan , asli nya pada ngeselin petugas SPBU nya mending di kuning",Positif,gak ada jalur khusus cuma iklan asli nya ngeselin tugas spbu nya mending kuning
Pengguna Google,1,2026-02-09 19:00:32,gak bisa login format salah terus,Negatif,gak bisa login format salah terus
Pengguna Google,5,2026-02-09 18:14:29,mantap,Positif,mantap
Pengguna Google,5,2026-02-09 18:08:45,Aplikasi mudah digunakan,Positif,aplikasi mudah guna
Pengguna Google,4,2026-02-09 16:44:37,"tidak bisa ubah profil yg salah .mau masuk sudah tidak bisa lagi ,mohon sarannya cara untuk masuk di subsidi tepat",Positif,tidak bisa ubah profil salah mau masuk sudah tidak bisa lagi mohon saran cara masuk subsidi tepat
Pengguna Google,1,2026-02-09 16:15:03,Gagal terus registrasi kendaraan padahal udah bener semua,Negatif,gagal terus registrasi kendara padahal udah bener semua
Pengguna Google,5,2026-02-09 15:53:00,mantab,Positif,mantab
Pengguna Google,5,2026-02-09 14:45:41,ok oke,Positif,ok oke
Pengguna Google,5,2026-02-09 14:09:16,bagus,Positif,bagus
Pengguna Google,4,2026-02-09 11:38:37,My pertamina ok,Positif,my pertamina ok
Pengguna Google,1,2026-02-09 10:40:20,"Barcode di blokir sudah 2 kali mau buat online di tolak terus, Offline di SPBU g ada yang bisa, kemana harus buat barcode atau mencari pelayanan barcode",Negatif,barcode blokir sudah kali mau buat online tolak terus offline spbu g ada bisa mana harus buat barcode atau cari layan barcode
Pengguna Google,5,2026-02-09 08:54:03,mantaab,Positif,mantaab
Pengguna Google,2,2026-02-09 08:31:16,kenapa akun saya di hapus dan barcode saya juga ikut di blokir,Negatif,kenapa akun saya hapus barcode saya juga ikut blokir
Pengguna Google,1,2026-02-08 23:51:36,aplikasi mumbuat kita sakit kepala,Negatif,aplikasi mumbuat kita sakit kepala
Pengguna Google,1,2026-02-08 22:31:26,aplikasi sampah ini,Negatif,aplikasi sampah
Pengguna Google,5,2026-02-08 20:02:28,ok,Positif,ok
Pengguna Google,1,2026-02-08 18:59:30,no hp sudah benar tapi belum muncul kode otp baik sms maupun whatsap,Negatif,no hp sudah benar tapi belum muncul kode otp baik sms maupun whatsap
Pengguna Google,1,2026-02-08 12:26:58,"Apk tlol, kendaraan sudah di daftarkan dari dulu, mau cek barcode karena barcode yang di cetak sudah susah scan, malah keterangan tidak ada kndraan yang di daftarkan, login sudah benar, tapi data kendaraan tiba"" terhapus semua",Negatif,aplikasi tlol kendara sudah daftar dulu mau cek barcode karena barcode cetak sudah susah scan malah terang tidak ada kndraan daftar login sudah benar tapi data kendara tiba hapus semua
Pengguna Google,1,2026-02-08 11:40:39,"aplikasi sampah gak guna,nyusahin orang doang",Negatif,aplikasi sampah gak gunanyusahin orang doang
Pengguna Google,1,2026-02-08 08:28:35,"Nggak bisa daftar, KTP palsu katanya. padahal KTP itu juga yang dipakai diperbankan, aman"" aja. ditelp cs sampai 2X jawabannya sama, sama sekali nggak bisa bantu. ditanya solusi tetap nggak ada berarti fix donk ini saya nggak bisa menikmati subsidi, sedangkan mobil saya 1.000cc 🤣🤣🤣",Negatif,nggak bisa daftar ktp palsu kata padahal ktp juga pakai perban aman aja ditelp cs sampai x jawab sama sama sekali nggak bisa bantu tanya solusi tetap nggak ada arti fix donk saya nggak bisa nikmat subsidi sedang mobil saya cc
Pengguna Google,5,2026-02-08 07:09:06,mantap,Positif,mantap
Pengguna Google,5,2026-02-08 04:20:23,"Parah, server web site my pertamina gak sinkron sama server aplikasi my pertamina, udah ganti no hp di web site nya, di aplikasi masih tercantum no hp lama... sekelas Pertamina IT nya bego",Positif,parah server web site my pertamina gak sinkron sama server aplikasi my pertamina udah ganti no hp web site nya aplikasi masih cantum no hp lama kelas pertamina it nya bego
Pengguna Google,5,2026-02-08 04:03:33,mantap,Positif,mantap
Pengguna Google,5,2026-02-07 22:13:54,sangat baik,Positif,sangat baik
Pengguna Google,5,2026-02-07 21:02:41,gas mantabb,Positif,gas mantabb
Pengguna Google,1,2026-02-07 20:16:23,bolak-balik daftar subsidi tepat sasaran perintahnya hanya ulang-ulang ambil foto kendaraan dan stnk!! sekelas pertamina aplikasinya masih sampah!!!! sdh di launching ke publik!!! parah!!!!!,Negatif,bolakbalik daftar subsidi tepat sasar perintah hanya ulangulang ambil foto kendara stnk kelas pertamina aplikasi masih sampah sdh launching publik parah
Pengguna Google,5,2026-02-07 19:33:19,pelayanan bagus,Positif,layan bagus
Pengguna Google,1,2026-02-07 18:54:36,mau daftar susah y apk sekelas negara yg buat bgini amat seh,Negatif,mau daftar susah y aplikasi kelas negara buat bgini amat seh
Pengguna Google,5,2026-02-07 18:29:36,mantap,Positif,mantap
Pengguna Google,1,2026-02-07 18:10:32,"pada saat daftar profil, gagal dengan alasan E-KTP tidak asli, padahal sudah asli E-KTP nya, mohon bantuannya.",Negatif,saat daftar profil gagal alas ektp tidak asli padahal sudah asli ektp nya mohon bantu
Pengguna Google,1,2026-02-07 16:35:00,"Saat daftarkan kendaraan, muncul notif gagal memproses permintaan data, kecewa bgt sama ni aplikasi, banyak bug tapi dipaksa untuk online",Negatif,saat daftar kendara muncul notif gagal proses minta data kecewa banget sama ni aplikasi banyak bug tapi paksa online
Pengguna Google,5,2026-02-07 14:10:16,memudah kan sekali dalam bertransaksi,Positif,mudah kan sekali dalam transaksi
Pengguna Google,1,2026-02-07 13:51:16,"knp ga bisa update data sih, ini saya daftar kendaraan baru bilang nya coba lagi Mulu dah brp hari, pls deh perbaiki sistem nya",Negatif,knp tidak bisa update data sih saya daftar kendara baru bilang nya coba lagi mulu dah brp hari pls deh baik sistem nya
Pengguna Google,5,2026-02-07 13:30:29,ok,Positif,ok
Pengguna Google,1,2026-02-07 11:06:49,aplikasi susah,Negatif,aplikasi susah
Pengguna Google,5,2026-02-07 09:45:10,baik,Positif,baik
Pengguna Google,4,2026-02-07 09:36:12,mantab,Positif,mantab
Pengguna Google,1,2026-02-07 08:41:57,aplikasi t41 bukannya beken cepet malah lelet,Negatif,aplikasi t bukan beken cepet malah lelet
Pengguna Google,2,2026-02-07 08:04:49,apk bagus tapi sayang tidak ada aktivitas pembelian bbm kalah sama website nya,Negatif,aplikasi bagus tapi sayang tidak ada aktivitas beli bbm kalah sama website nya
Pengguna Google,5,2026-02-07 07:50:20,sangat membantu,Positif,sangat bantu
Pengguna Google,1,2026-02-07 00:12:25,"dihapus saja aplikasi gagal ini, gak berguna,",Negatif,hapus saja aplikasi gagal gak guna
Pengguna Google,5,2026-02-06 21:55:17,praktis,Positif,praktis
Pengguna Google,1,2026-02-06 21:00:30,"Aplikasinyaa ga jelas, tiba2 pas mau buka barcode ga bisa, ada keterangan ""bahwa kendaraan dengan plat no B 2.... tidak ditemukan"" padahal sebelumnya lancar2 aja",Negatif,aplikasinyaa tidak jelas tiba pas mau buka barcode tidak bisa ada terang bahwa kendara plat no b tidak temu padahal belum lancar aja
Pengguna Google,1,2026-02-06 17:57:20,"format nomer salah, padahal sudah input nomer yang bener. terus format nomer hp itu kaya apa???",Negatif,format nomer salah padahal sudah input nomer bener terus format nomer hp kaya apa
Pengguna Google,5,2026-02-06 16:06:53,memudahkan,Positif,mudah
Pengguna Google,5,2026-02-06 16:01:21,mempermudah,Positif,mudah
Pengguna Google,5,2026-02-06 15:11:56,mantap,Positif,mantap
Pengguna Google,1,2026-02-06 14:29:23,"myoertaminanya aplikasi gembel, nggak bisa digunakan di setiap SPBU pertamina",Negatif,myoertaminanya aplikasi gembel nggak bisa guna tiap spbu pertamina
Pengguna Google,1,2026-02-06 13:17:30,"ga bisa masuk ke subsidi tepat, reset password eror terus",Negatif,tidak bisa masuk subsidi tepat reset password eror terus
Pengguna Google,5,2026-02-06 12:38:39,mantap beli Pertamax ga bayar pakai e voucher my Pertamina 👍👍👍,Positif,mantap beli pertamax tidak bayar pakai e voucher my pertamina
Pengguna Google,1,2026-02-06 11:17:13,"Data sudah lengkap,tapi verifikasi lama. Kalo data salah,penolakannya cepet begitu data ud bener,verifikasi nya lama 👎🏼",Negatif,data sudah lengkaptapi verifikasi lama kalo data salahpenolakannya cepet begitu data ud benerverifikasi nya lama
Pengguna Google,1,2026-02-06 10:24:34,"kendaraan tidak di temukan, hubungi pemilik kendaraan untuk informasi lebih lanjut arau pilih kendaraan lain sebagai utama, ini maksudya apa, kendaraan ini milik saya pribadi tapi kenapa tidak bisa cetak barcodenya, memang aplikasi tidak berguna",Negatif,kendara tidak temu hubung milik kendara informasi lebih lanjut arau pilih kendara lain bagai utama maksudya apa kendara milik saya pribadi tapi kenapa tidak bisa cetak barcodenya memang aplikasi tidak guna
Pengguna Google,5,2026-02-06 09:20:29,jos mantap,Positif,jos mantap
Pengguna Google,1,2026-02-06 09:11:09,"barcode sudah di upgrade tapi tidak bisa diakses, wahai para pemimpin khusus nya di pertamina tolong kembali kan seperti semula",Negatif,barcode sudah upgrade tapi tidak bisa akses wahai para pimpin khusus nya pertamina tolong kembali kan seperti mula
Pengguna Google,5,2026-02-06 08:20:59,praktis,Positif,praktis
Pengguna Google,5,2026-02-06 07:52:54,sangat membantu,Positif,sangat bantu
Pengguna Google,1,2026-02-06 07:46:29,"mantap aplikasi ga becus, masa ga bisa login, alasan format nomor salah, sedangkan restart kode bisa pake nomor itu, trus registrasi lagi nomor terdaftar, maunya apa si hadeh, buat repot aja ini aplikasi",Negatif,mantap aplikasi tidak becus masa tidak bisa login alas format nomor salah sedang restart kode bisa pake nomor trus registrasi lagi nomor daftar mau apa si hadeh buat repot aja aplikasi
Pengguna Google,5,2026-02-06 07:02:46,super simple 🥰,Positif,super simple
Pengguna Google,5,2026-02-06 06:29:34,praktis dan ada promo setiap Senin dan Jumat...,Positif,praktis ada promo tiap senin jumat
Pengguna Google,1,2026-02-06 02:01:09,"Aplikasi menyesatkan, Saya cek info dari Aplikasi MyPertamina tertera Ada Bio Solar di Spbu 31.127.02 lokasi Jl Kapten Tendean. Saya ke lokasi Spbu jam 2 subuh, ternyata Spbu di Jln Tendean tsb sudah lama tidak jual Bio Solar. Tolong Admin/Operator Aplikasi update dong, jangan Gabut (Makan Gaji Buta tp Gak kerja benar) Kesal bgt karena pada jam 2 subuh disesatkan Aplikasi MyPertamina. @Simon Aloysius Mantiri",Negatif,aplikasi sesat saya cek info aplikasi mypertamina tera ada bio solar spbu lokasi jl kapten tendean saya lokasi spbu jam subuh nyata spbu jln tendean tsb sudah lama tidak jual bio solar tolong adminoperator aplikasi update dong jangan gabut makan gaji buta tp gak kerja benar kesal banget karena jam subuh sesat aplikasi mypertamina simon aloysius mantiri
Pengguna Google,5,2026-02-05 17:32:47,mutasi plat proses nya agak ribet,Positif,mutasi plat proses nya agak ribet
Pengguna Google,1,2026-02-05 17:22:28,"opsi kelurahan, tidak ada pilihan, jadi tidak bisa menyimpan data diri",Negatif,opsi lurah tidak ada pilih jadi tidak bisa simpan data diri
Pengguna Google,5,2026-02-05 16:44:48,jos...,Positif,jos
Pengguna Google,5,2026-02-05 16:00:46,baik,Positif,baik
Pengguna Google,1,2026-02-05 15:58:42,pembayaran ovo sering gangguan,Negatif,bayar ovo sering ganggu
Pengguna Google,5,2026-02-05 15:20:44,GA JELASSSSSS APLIKASINYA LELET..... SURUH KELOLA SAMA CARRICK AJA BIAR GACOR KAYAK KING EMYU..,Positif,tidak jelassssss aplikasi lelet suruh kelola sama carrick aja biar gacor kayak king emyu
Pengguna Google,1,2026-02-05 15:04:57,"trus apa gunanya aplikasi kalau harus ke website atau telpon aplikasi itu buat ngampangin bukan nyusahin, ampun dah katanya kemudahan daftar sampai seminggu berturut turut gagal alesan STNK ga jelas lah ini lah itu lah ga niat emang",Negatif,trus apa guna aplikasi kalau harus website atau telpon aplikasi buat ngampangin bukan nyusahin ampun dah kata mudah daftar sampai minggu turut turut gagal alesan stnk tidak jelas lah lah lah tidak niat emang
Pengguna Google,5,2026-02-05 15:02:03,Minta OTP terus. Padahal mau beli Pertalite.,Positif,minta otp terus padahal mau beli pertalite
Pengguna Google,5,2026-02-05 14:33:48,mantap,Positif,mantap
Pengguna Google,5,2026-02-05 13:49:54,praktis,Positif,praktis
Pengguna Google,5,2026-02-05 12:20:35,baik,Positif,baik
Pengguna Google,1,2026-02-05 11:56:27,"nyesel daunload ini, kadang bisa kadang tidak bisa",Negatif,nyesel daunload kadang bisa kadang tidak bisa
Pengguna Google,1,2026-02-05 11:45:23,"aplikasi taik,, gangguan dr tgl 1 februari sampe udah tgl 5 g beres2,, beli e vocher bisa g ada kendala giliran buat transaksi aplikasi g bisa kan aneh, sampe 5 hari coba dan bukan sekali ini, bener2 ngrugiin ini aplikasi",Negatif,aplikasi taik ganggu dr tgl februari sampe udah tgl g beres beli e vocher bisa g ada kendala gilir buat transaksi aplikasi g bisa kan aneh sampe hari coba bukan sekali bener ngrugiin aplikasi
Pengguna Google,5,2026-02-05 10:53:50,jos,Positif,jos
Pengguna Google,1,2026-02-05 09:44:47,"lucu memang Pertamina,barkode sudah ada lama sbln ganti plat nomor jadi putih(masih hitam) terus dipom bensin nggak boleh ngisi alasannya karna beda warna plat...nomor sama lho ya,perbedaan warna hitam ke putih itu dr pemerintah bukan kemauan saya knp dipermasalahkan?dan disuruh update kitanya dihapus dulu dan mendaftarkan lagi ternyata aplikasi nya tidak bisa finish dlm memasukan nama sesuai KTP..itu aplikasinya gmn?!heran.",Negatif,lucu memang pertaminabarkode sudah ada lama sbln ganti plat nomor jadi putihmasih hitam terus dipom bensin nggak boleh ngisi alas karna beda warna platnomor sama lho yaperbedaan warna hitam putih dr perintah bukan mau saya knp dipermasalahkandan suruh update kita hapus dulu daftar lagi nyata aplikasi nya tidak bisa finish dlm pasu nama sesuai ktpitu aplikasi gmnheran
Pengguna Google,1,2026-02-05 08:48:49,"hadeuh gmna seh, lg daftar dtolak trus dg alasan foto KTP tidak terbaca, pdhal foto sgitu jelasnya, JELAS BGT",Negatif,hadeuh gmna seh lg daftar dtolak trus dg alas foto ktp tidak baca pdhal foto sgitu jelas jelas banget
Pengguna Google,5,2026-02-05 08:44:13,ok,Positif,ok
Pengguna Google,5,2026-02-05 08:39:11,memudahkan sekali,Positif,mudah sekali
Pengguna Google,5,2026-02-05 08:00:25,good job,Positif,good job
Pengguna Google,4,2026-02-05 07:22:22,mantap simple dan usahakan jika yanf menggunakan aplks di dahulukan,Positif,mantap simple usaha jika yanf guna aplks dahulu
Pengguna Google,5,2026-02-05 07:03:34,good,Positif,good
Pengguna Google,1,2026-02-05 05:43:33,tdak ada gunanya m persulit,Negatif,tdak ada guna m sulit
Pengguna Google,5,2026-02-05 00:25:10,mantooolll,Positif,mantooolll
Pengguna Google,5,2026-02-04 19:19:13,ngaribetken. simple di jieun ribet.,Positif,ngaribetken simple jieun ribet
Pengguna Google,5,2026-02-04 19:14:33,ok,Positif,ok
Pengguna Google,5,2026-02-04 17:49:03,ok,Positif,ok
Pengguna Google,2,2026-02-04 17:44:51,"di app my pertamina yg lama bisa menampilkan barcode 2 kendaraan, sekarang kok 1 kendaraan saja, mohon solusinya, suwun",Negatif,app my pertamina lama bisa tampil barcode kendara sekarang kok kendara saja mohon solusi suwun
Pengguna Google,5,2026-02-04 16:54:56,Baik,Positif,baik
Pengguna Google,5,2026-02-04 16:36:06,lancar,Positif,lancar
Pengguna Google,5,2026-02-04 14:50:31,oke sangat membantu,Positif,oke sangat bantu
Pengguna Google,1,2026-02-04 14:04:51,susah sekali log in. dengan kendala format yang anda masukan salah terus,Negatif,susah sekali log in kendala format anda masuk salah terus
Pengguna Google,5,2026-02-04 12:06:33,mantab,Positif,mantab
Pengguna Google,5,2026-02-04 09:34:43,okeee,Positif,okeee
Pengguna Google,1,2026-02-04 09:30:23,gabisa my pertamina aplikasi kacau ud ngantri,Negatif,gabisa my pertamina aplikasi kacau ud ngantri
Pengguna Google,5,2026-02-04 08:53:15,oke,Positif,oke
Pengguna Google,1,2026-02-04 08:41:58,"Coba dong, lebih di edukasi lagi buat operator pertamina, untuk lebih ramah minimal sesuai SOP nya (3 S ~ Senyum, Salam, Sapa). saya beli pertamina, bayar menggunakan MY PERTAMINA kok seolah-olah saya salah karena memperlambat proses payment saya.",Negatif,coba dong lebih edukasi lagi buat operator pertamina lebih ramah minimal sesuai sop nya s senyum salam sapa saya beli pertamina bayar guna my pertamina kok seolaholah saya salah karena lambat proses payment saya
Pengguna Google,2,2026-02-04 08:26:23,abis isi bensin kenapa poin saya gk nambah,Negatif,abis isi bensin kenapa poin saya tidak nambah
Pengguna Google,5,2026-02-04 05:24:03,"semoga berkah,rejeki anak soleh",Positif,moga berkahrejeki anak soleh
Pengguna Google,5,2026-02-03 23:22:34,"Ini bagus, tambahin metode pembayaran via Dana sama shoppepay dong, ya kan biar mempermudah",Positif,bagus tambahin metode bayar via dana sama shoppepay dong ya kan biar mudah
Pengguna Google,1,2026-02-03 22:22:32,Saya mengikuti serangkaian event my Pertamina dan memenangkan hadiah berupa e voucher my Pertamina untuk masuk ke dalam akun di tunggu sekitar 5 hari untuk saat ini belum adaa masuk satu punn untuk kejelasan bagaimana ini??,Negatif,saya ikut rangkai event my pertamina menang hadiah upa e voucher my pertamina masuk dalam akun tunggu sekitar hari saat belum adaa masuk satu punn jelas bagaimana
Pengguna Google,5,2026-02-03 20:50:33,sulit utk masuk/ pergantian dasar warna plat nomor.seharus nya ada pilihan utk pergantian warna dasar plat nomor tdk perlu dengan hapus input data kembali,Positif,sulit utk masuk ganti dasar warna plat nomorseharus nya ada pilih utk ganti warna dasar plat nomor tidak perlu hapus input data kembali
Pengguna Google,1,2026-02-03 20:45:58,"PAHAM YA.... JIKA BIASA MEMBAYAR CASH, MAKA ANDA TIDAK BUTUH APLIKASI INI.",Negatif,paham ya jika biasa bayar cash maka anda tidak butuh aplikasi
Pengguna Google,5,2026-02-03 20:12:04,mantap,Positif,mantap
Pengguna Google,5,2026-02-03 19:35:42,Mantul,Positif,mantul
Pengguna Google,5,2026-02-03 18:34:03,acara bomm gas poll gimana ya..cara tuker point udah jadi kupon di slide jadi voucher ada tulisan 5 menit ke kasir wkwkw...jadi sudah di gunakan deh.. bingung acaranya pasti kasir ya gatau caranya juga..apa lagi saya,Positif,acara bomm gas poll gimana yacara tuker point udah jadi kupon slide jadi voucher ada tulis menit kasir wkwkwjadi sudah guna deh bingung acara pasti kasir ya gatau cara jugaapa lagi saya
Pengguna Google,4,2026-02-03 18:21:36,Good,Positif,good
Pengguna Google,1,2026-02-03 18:16:32,"aplikasinya sulit di gunakan, barcode subsidi mobil orangtua saja tidak bisa saya dapatkan padahal kendaraannya sudah terdafatar.",Negatif,aplikasi sulit guna barcode subsidi mobil orangtua saja tidak bisa saya dapat padahal kendara sudah terdafatar
Pengguna Google,5,2026-02-03 17:50:34,ok mantabb,Positif,ok mantabb
Pengguna Google,5,2026-02-03 17:45:35,sangat bagus,Positif,sangat bagus
Pengguna Google,5,2026-02-03 17:32:15,ok tingkatkan lagi pelayanan dan isi dari BBM itu sendiri. merdekalah untuk rakyat sendiri. siapa lagi kalo bukan kalian Pertamina tunjukkan buktikan pada rakyat,Positif,ok tingkat lagi layan isi bbm sendiri merdeka rakyat sendiri siapa lagi kalo bukan kalian pertamina tunjuk bukti rakyat
Pengguna Google,2,2026-02-03 16:00:46,"kenapa yaa, akun saya kok diblokir, padahal mau ganti plat nomor cuman, menyulitkan",Negatif,kenapa yaa akun saya kok blokir padahal mau ganti plat nomor cuman sulit
Pengguna Google,1,2026-02-03 15:45:36,"untuk aplikasi bagus tapi hampir setengah spbu dijakarta gabisa,percuma ajh di adain mypertamina",Negatif,aplikasi bagus tapi hampir tengah spbu dijakarta gabisapercuma ajh adain mypertamina
Pengguna Google,5,2026-02-03 15:21:06,ok,Positif,ok
Pengguna Google,5,2026-02-03 11:37:24,prettttt,Positif,prettttt
Pengguna Google,5,2026-02-03 09:53:58,ok,Positif,ok
Pengguna Google,1,2026-02-03 09:09:45,Aplikasi bukan mempermudah malah jadi apa apa serba sulit ...udah beberapa kali daftar barcode tetep tidak lulus,Negatif,aplikasi bukan mudah malah jadi apa apa serba sulit udah beberapa kali daftar barcode tetep tidak lulus
Pengguna Google,5,2026-02-03 09:07:06,mantap,Positif,mantap
Pengguna Google,5,2026-02-03 08:48:57,"aplikasi nya sudah bagus. saran saya, tolong tambahkan metode pembayaran melalui Dana ya, karena kebanyakan orang² lebih terbiasa menggunakan Dana daripada yang lain (termasuk saya) :/",Positif,aplikasi nya sudah bagus saran saya tolong tambah metode bayar lalu dana ya karena banyak orang lebih biasa guna dana daripada lain masuk saya
Pengguna Google,1,2026-02-03 07:41:27,Pertamina sarang koruptor. beli bbm dipersulit,Negatif,pertamina sarang koruptor beli bbm sulit
Pengguna Google,1,2026-02-02 22:32:52,"ini gimana sih sistem kok mempersulit masyarakat, udah 10x saya daftar gagal terus dengan alasan stnk tidak sesuai, padahal foto udah jelas banget. tolong perbaiki lagi sistemnya, atau sekalian aja hapus my pertamina",Negatif,gimana sih sistem kok sulit masyarakat udah x saya daftar gagal terus alas stnk tidak sesuai padahal foto udah jelas banget tolong baik lagi sistem atau sekali aja hapus my pertamina
Pengguna Google,1,2026-02-02 20:38:01,"mau daftarkan kendaraan baru karena ganti plat nomer, ga bisa d klik lanjut, harus lengkapi data diri, udah semua.. tinggal masukan nama lengkap tapi ga bisa d klik kolom namanya.. lah terus gimana mau lengkapi data dirinya? tolong lah kalau ada masalah langgsung sat set d betulin jgn d biarin.. nyusahin aja kerjanya",Negatif,mau daftar kendara baru karena ganti plat nomer tidak bisa d klik lanjut harus lengkap data diri udah semua tinggal masuk nama lengkap tapi tidak bisa d klik kolom nama lah terus gimana mau lengkap data diri tolong lah kalau ada masalah langgsung sat set d betulin jgn d biarin nyusahin aja kerja
Pengguna Google,5,2026-02-02 20:07:48,Tidak bisa digunakan,Positif,tidak bisa guna
Pengguna Google,5,2026-02-02 19:47:18,"Tolong dibantu Pak/Bu, saya sudah membeli mobil bekas karimun bernopol H 1542 JI, kenapa setiap kali sudah dikirimkan data berupa foto STNK selalu tidak sesuai ? Mohon bantuannya Pak/Bu 🙏🏼",Positif,tolong bantu pakbu saya sudah beli mobil bekas karimun bernopol h ji kenapa tiap kali sudah kirim data upa foto stnk selalu tidak sesuai mohon bantu pakbu
Pengguna Google,1,2026-02-02 18:49:44,aplikasi lemot dan berjalan sangat² lambat,Negatif,aplikasi lot jalan sangat lambat
Pengguna Google,5,2026-02-02 18:16:32,ok,Positif,ok
Pengguna Google,1,2026-02-02 17:11:00,bagaimana ini update barcode susah amat. benerin woi nyusahin rakyat aja,Negatif,bagaimana update barcode susah amat benerin woi nyusahin rakyat aja
Pengguna Google,1,2026-02-02 15:37:44,"barcode mobil dibilang kadaluarsa, didaftarin gabisa.. aplikasi gaguna",Negatif,barcode mobil bilang kadaluarsa didaftarin gabisa aplikasi gaguna
Pengguna Google,5,2026-02-02 13:52:21,oke bngt,Positif,oke bngt
Pengguna Google,5,2026-02-02 12:58:22,Alhamdulillah sangat membantu....,Positif,alhamdulillah sangat bantu
Pengguna Google,5,2026-02-02 12:39:45,tolong jgn minta uodate terus..,Positif,tolong jgn minta uodate terus
Pengguna Google,5,2026-02-02 12:33:03,terlalu lama waktu verifikasinya,Positif,terlalu lama waktu verifikasi
Pengguna Google,5,2026-02-02 09:52:51,mantap,Positif,mantap
Pengguna Google,5,2026-02-02 08:45:45,"Mantap, cuma kadang lola sinyalnya",Positif,mantap cuma kadang lola sinyal
Pengguna Google,5,2026-02-02 08:24:34,"cukup bagus dan lancar transaksi nya, lumayan buat ngumpulin poin hehe",Positif,cukup bagus lancar transaksi nya lumayan buat ngumpulin poin hehe
Pengguna Google,5,2026-02-02 08:18:26,antrian lebih cepat 👍,Positif,antri lebih cepat
Pengguna Google,5,2026-02-02 07:29:55,"barcode saya tidak bisa digunakan alasannya kadaluarsa dan harus di perbarui,saya cek ini di blokir sehingga saya tidak bisa buat yang baru...saya minta arahan dan petunjuk nya nih... solusinya bagaimana 🙏🏻",Positif,barcode saya tidak bisa guna alas kadaluarsa harus perbaruisaya cek blokir sehingga saya tidak bisa buat barusaya minta arah tunjuk nya nih solusi bagaimana
Pengguna Google,5,2026-02-02 01:49:28,bagus,Positif,bagus
Pengguna Google,1,2026-02-02 00:36:00,woi perbaiki sistem penerimaan subsidi tepat barkode nya eror sistem terus lucu sekelas Pertamina tim it nya kocak,Negatif,woi baik sistem terima subsidi tepat barkode nya eror sistem terus lucu kelas pertamina tim it nya kocak
Pengguna Google,5,2026-02-01 23:26:06,simpel dan praktis,Positif,simpel praktis
Pengguna Google,5,2026-02-01 23:15:03,Beri promo lebihlah buat ojol mah boz....,Positif,beri promo lebih buat ojol mah boz
Pengguna Google,1,2026-02-01 22:27:14,"buat yang orang daerah Kabupaten nih aplikasi berasa gak guna. mau bayar pake QRIS katanya cuma bisa mypertamina, mau pake My pertamina bolak balik ditolak pom bensin, yang katanya struk nya habis, EDC nya error, sampe ada yang bilang kalo pom nya ga nerima pake Mypertamina. lah ini aplikasi fungsinya apa? 😂😂😂",Negatif,buat orang daerah kabupaten nih aplikasi asa gak guna mau bayar pake qris kata cuma bisa mypertamina mau pake my pertamina bolak balik tolak pom bensin kata struk nya habis edc nya error sampe ada bilang kalo pom nya tidak nerima pake mypertamina lah aplikasi fungsi apa
Pengguna Google,1,2026-02-01 22:01:32,buruk,Negatif,buruk
Pengguna Google,1,2026-02-01 19:18:22,lemot bngt... ga jelas......,Negatif,lot bngt tidak jelas
Pengguna Google,4,2026-02-01 15:44:22,bagus,Positif,bagus
Pengguna Google,1,2026-02-01 14:07:28,2 x barcode saya kadaluarsa. skrg malah tidak bisa buka aplikasi. mohon diberikan penjelasan terimakasih,Negatif,x barcode saya kadaluarsa skrg malah tidak bisa buka aplikasi mohon beri jelas terimakasih
Pengguna Google,1,2026-02-01 08:35:46,"verifikasi data diri saya di tolak saat daftar subsidi tepat, bagaimana solusi nya",Negatif,verifikasi data diri saya tolak saat daftar subsidi tepat bagaimana solusi nya
Pengguna Google,5,2026-02-01 08:01:10,sangat membantu aplikasi ini...,Positif,sangat bantu aplikasi
Pengguna Google,4,2026-02-01 07:44:45,baik,Positif,baik
Pengguna Google,2,2026-02-01 07:27:32,RIBETTTT,Negatif,ribetttt
Pengguna Google,5,2026-02-01 06:13:44,praktis,Positif,praktis
Pengguna Google,5,2026-02-01 05:49:27,woow siiiip,Positif,woow siiiip
Pengguna Google,1,2026-01-31 19:36:31,Kenapa no HP dikatakan format salah?,Negatif,kenapa no hp kata format salah
Pengguna Google,1,2026-01-31 19:00:07,mau ganti pasword aja gagal terus di suruh coba lagi udh sebulan lebih... nyusahin,Negatif,mau ganti pasword aja gagal terus suruh coba lagi udh bulan lebih nyusahin
Pengguna Google,1,2026-01-31 18:54:34,aplikasi bobrok mengecewakan seperti ini dipublikasikan. niat membantu atau mempersulit warga? kode otp aja susah banget dapatnya.,Negatif,aplikasi bobrok kecewa seperti publikasi niat bantu atau sulit warga kode otp aja susah banget dapat
Pengguna Google,1,2026-01-31 17:47:56,"aplikasi bukannya memudahkan malah menyulitkan masyarakat. buat apa coba barcode kadaluwarsa,solusinya minta orang samsat harus hapus data kendaraan yang sudah terdaftar mau isi data juga malah bolak balik salah sandi padahal sdh sesuai,akhirnya tetep aja gak bisa dipakai.Kirain cuma punya saya ternyata hampir semua kena imbasnya.Tolong ditinjau lebih lanjut biar memudahkan masyarakat bukan malah menyulitkan apalagi banyak warga yang masih awam sekelas BUMN kok kya gini",Negatif,aplikasi bukan mudah malah sulit masyarakat buat apa coba barcode kadaluwarsasolusinya minta orang samsat harus hapus data kendara sudah daftar mau isi data juga malah bolak balik salah sandi padahal sdh sesuaiakhirnya tetep aja gak bisa dipakaikirain cuma punya saya nyata hampir semua kena imbasnyatolong tinjau lebih lanjut biar mudah masyarakat bukan malah sulit apalagi banyak warga masih awam kelas bumn kok kya gin
Pengguna Google,1,2026-01-31 17:25:55,sering sekali saya mau transaksi tapi selalu lemot untuk buka appsnya. tolong di selesaikan.,Negatif,sering sekali saya mau transaksi tapi selalu lot buka appsnya tolong selesai
Pengguna Google,5,2026-01-31 16:51:39,mantap...semoga cepat dapat barcode...,Positif,mantapsemoga cepat dapat barcode
Pengguna Google,5,2026-01-31 16:46:16,oke,Positif,oke
Pengguna Google,1,2026-01-31 16:45:16,aplikasi yg buruk ada masalah sepele aja tidak bisa diselesaikan dengan cepat. dan bertele2 dan terlalu lama dan tdk ada solusi.,Negatif,aplikasi buruk ada masalah sepele aja tidak bisa selesai cepat tele terlalu lama tidak ada solusi
Pengguna Google,1,2026-01-31 16:18:05,"ganti password subsidi tepat, link di Gmail malah mengarahkan untuk download app lagi. ANEHHH",Negatif,ganti password subsidi tepat link gmail malah arah download app lagi anehhh
Pengguna Google,5,2026-01-31 15:52:06,mantap,Positif,mantap
Pengguna Google,5,2026-01-31 13:45:34,sangat membantu,Positif,sangat bantu
Pengguna Google,5,2026-01-31 12:51:16,CEPAT TIDAK PERLU ANTRI PANJANG KAYAK ORANG PEAK,Positif,cepat tidak perlu antri panjang kayak orang peak
Pengguna Google,1,2026-01-31 12:47:27,"Minimal pas ada event penjaga nya ramah, namanya juga pertama kali kan wajar ya bingung eh malah dijudesin. dan lain kali normalisasi cash, emang uang kertas udah ga berlaku ya?",Negatif,minimal pas ada event jaga nya ramah nama juga pertama kali kan wajar ya bingung eh malah dijudesin lain kali normalisasi cash emang uang kertas udah tidak laku ya
Pengguna Google,5,2026-01-31 12:18:11,ok,Positif,ok
Pengguna Google,1,2026-01-31 12:11:20,"nopol kendaraan katanya sudah terdaftar tapi di aplikasi my pertamina 1 kendaraan pun tidak ada yang muncul.apalagi barcodenya tidak ada sama sekali sangat kecewa sama apk ini menyusahkan masyarakat saja sangat ribet,aplikasi tidak jelasss.",Negatif,nopol kendara kata sudah daftar tapi aplikasi my pertamina kendara pun tidak ada munculapalagi barcodenya tidak ada sama sekali sangat kecewa sama aplikasi susah masyarakat saja sangat ribetaplikasi tidak jelasss
Pengguna Google,5,2026-01-31 11:41:18,apk oke mantap memudahkan transaksi di Pertamina,Positif,aplikasi oke mantap mudah transaksi pertamina
Pengguna Google,5,2026-01-31 10:36:07,terima kasih pertamina untuk acara dan event nya🤩🥰,Positif,terima kasih pertamina acara event nya
Pengguna Google,5,2026-01-31 10:30:03,mantap,Positif,mantap
Pengguna Google,5,2026-01-31 10:29:50,asik,Positif,asik
Pengguna Google,5,2026-01-31 09:00:33,smua lancar okey,Positif,smua lancar okey
Pengguna Google,5,2026-01-31 08:56:32,eventnya menarik,Positif,eventnya tarik
Pengguna Google,1,2026-01-30 21:21:38,aplikasi makin lama makin gak jelas. selalu eror dipembayaran. tolong jaga kestabilan aplikasinya.,Negatif,aplikasi makin lama makin gak jelas selalu eror bayar tolong jaga stabil aplikasi
Pengguna Google,5,2026-01-30 20:52:31,lancar,Positif,lancar
Pengguna Google,4,2026-01-30 19:37:35,kenapa sekarang ini aplikasi my pertamina tidak bisa daftar untuk subsidi,Positif,kenapa sekarang aplikasi my pertamina tidak bisa daftar subsidi
Pengguna Google,5,2026-01-30 17:52:20,ok sdh gaknlemot,Positif,ok sdh gaknlemot
Pengguna Google,5,2026-01-30 16:51:06,keren,Positif,keren
Pengguna Google,5,2026-01-30 16:50:08,mudah,Positif,mudah
Pengguna Google,5,2026-01-30 15:53:14,ijin tanya gmn cara bikin barcode BBM subsidi nik nya tidak cocok terus bilangnya,Positif,ijin tanya gmn cara bikin barcode bbm subsidi nik nya tidak cocok terus bilang
Pengguna Google,5,2026-01-30 15:52:30,ok,Positif,ok
Pengguna Google,5,2026-01-30 15:11:47,jos,Positif,jos
Pengguna Google,5,2026-01-30 14:54:38,Bagaimana merubah barcobnya kalau kendaraan mutasi alamat,Positif,bagaimana rubah barcobnya kalau kendara mutasi alamat
Pengguna Google,5,2026-01-30 13:29:02,mantap,Positif,mantap
Pengguna Google,5,2026-01-30 13:20:54,keren banget,Positif,keren banget
Pengguna Google,5,2026-01-30 13:11:20,baik,Positif,baik
Pengguna Google,5,2026-01-30 12:31:14,ok,Positif,ok
Pengguna Google,1,2026-01-30 11:59:17,udah di coba minta reset kata sandi ngga ada masuk2 email nya.. padahal email udah bener udah di coba restart ulang HP nya masih tetep aja ngga ada masuk email nya. udah di email ke pertamina nya masih aja ngga ada respon..gimana ini aplikasi my pertamina,Negatif,udah coba minta reset kata sandi ngga ada masuk email nya padahal email udah bener udah coba restart ulang hp nya masih tetep aja ngga ada masuk email nya udah email pertamina nya masih aja ngga ada respongimana aplikasi my pertamina
Pengguna Google,5,2026-01-30 09:47:18,mantap,Positif,mantap
Pengguna Google,1,2026-01-30 09:44:03,"mempersulit udah pake barcode, terus disuruh ngisi sendiri najis",Negatif,sulit udah pake barcode terus suruh ngisi sendiri najis
Pengguna Google,1,2026-01-30 07:54:27,"aplikasi ga berguna, ga ada yg bener, blokir main blokir saja tanpa ada keterangan jelas",Negatif,aplikasi tidak guna tidak ada bener blokir main blokir saja tanpa ada terang jelas
Pengguna Google,1,2026-01-30 07:51:41,ga ngotak server kendala Mulu padahal anggaran banyak oh konoha² 🤣🤣,Negatif,tidak ngotak server kendala mulu padahal anggar banyak oh konoha
Pengguna Google,5,2026-01-30 07:48:53,berguna,Positif,guna
Pengguna Google,5,2026-01-30 05:52:35,cepat mendapat kode barkode,Positif,cepat dapat kode barkode
Pengguna Google,1,2026-01-30 03:47:08,pertamina rugi melulu. padahal rakyat beli tunai ga ada ceritanya di hutang.,Negatif,pertamina rugi melulu padahal rakyat beli tunai tidak ada cerita hutang
Pengguna Google,5,2026-01-29 20:43:19,mantap,Positif,mantap
Pengguna Google,5,2026-01-29 20:08:41,terbaik!,Positif,baik
Pengguna Google,5,2026-01-29 19:51:11,good aplikasi Smart and quicly recomended,Positif,good aplikasi smart and quicly recomended
Pengguna Google,5,2026-01-29 19:14:21,mantab,Positif,mantab
Pengguna Google,1,2026-01-29 18:13:38,"harusnya pas upload dokument bisa akses gallery,ngga harus pakai jepretan langsung kamera.kalau kameranya bapuk auto ditolak karena gelap,blur,atau kecerahan..",Negatif,harus pas upload dokument bisa akses galleryngga harus pakai jepret langsung kamerakalau kamera bapuk auto tolak karena gelapbluratau cerah
Pengguna Google,5,2026-01-29 17:51:58,so far so good,Positif,so far so good
Pengguna Google,4,2026-01-29 17:26:33,ok baik,Positif,ok baik
Pengguna Google,1,2026-01-29 16:29:53,"kirim otp berkali"" ke email gk ada masuk",Negatif,kirim otp kali email tidak ada masuk
Pengguna Google,4,2026-01-29 13:33:30,hidiah tukar point kok dari bulan 11 2025 sampai sekarang belum dikirim kirim ya....,Positif,hidiah tukar point kok bulan sampai sekarang belum kirim kirim ya
Pengguna Google,1,2026-01-29 09:56:06,kenapa aplikasi gabisa memproses pendaftaran kendaraan di menu subsidi yah?? tolong segera di perbaiki lagi,Negatif,kenapa aplikasi gabisa proses daftar kendara menu subsidi yah tolong segera baik lagi
Pengguna Google,1,2026-01-29 09:21:43,semakin lama semakin sulit aplikasinya muter2 loading akhirnya gagal... tmbah GK jelas semuanya di persulit semuanya....buruk..buruk...,Negatif,makin lama makin sulit aplikasi muter loading akhir gagal tmbah tidak jelas semua sulit semuanyaburukburuk
Pengguna Google,1,2026-01-29 09:07:26,niat buat aplikasi ngk sih? daftarin kendaraan subsidi aja gagal terus tolong dibantu dari kemarin saya coba gagal terus,Negatif,niat buat aplikasi ngk sih daftarin kendara subsidi aja gagal terus tolong bantu kemarin saya coba gagal terus
Pengguna Google,1,2026-01-29 08:19:34,my Pertamina yg terhormat...sy mau buat barcode saja sepayah ini. aplikasi my Pertamina mengatakan e.ktp sy tidak asli dan terjadi perubahan nik... sedangkan e.ktp sy asli. aplikasi dungu,Negatif,my pertamina terhormatsy mau buat barcode saja payah aplikasi my pertamina kata ektp sy tidak asli jadi ubah nik sedang ektp sy asli aplikasi dungu
Pengguna Google,1,2026-01-29 08:18:04,selalu sibuk di suruh coba beberapa saat lagi terus,Negatif,selalu sibuk suruh coba beberapa saat lagi terus
Pengguna Google,1,2026-01-29 06:07:18,pelayanan lama untuk bikin barcode nya,Negatif,layan lama bikin barcode nya
Pengguna Google,1,2026-01-28 21:36:50,"kenapa metode pembayaran ovo di myp gak bisa ya.??? udah gitu kita mau bayar dengan metode Q-Ris di beberapa SPBU PERTAMINA suka tidak bisa... ini bukan nya mempermudah pembayaran malah bikin susah,, udah gitu barcode juga udah di scan jadi harus nunggu 1 jam lagi jika mau ke SPBU lain..",Negatif,kenapa metode bayar ovo myp gak bisa ya udah gitu kita mau bayar metode qris beberapa spbu pertamina suka tidak bisa bukan nya mudah bayar malah bikin susah udah gitu barcode juga udah scan jadi harus nunggu jam lagi jika mau spbu lain
Pengguna Google,5,2026-01-28 21:30:32,ok,Positif,ok
Pengguna Google,5,2026-01-28 21:21:29,mantap,Positif,mantap
Pengguna Google,5,2026-01-28 20:53:12,yeeesss,Positif,yeeesss
Pengguna Google,1,2026-01-28 19:32:14,"Perbaiki server lagi...sekelas BUMN, tp tidak profesional",Negatif,baik server lagisekelas bumn tp tidak profesional
Pengguna Google,1,2026-01-28 18:20:16,"Sebenarnya aplikasi ini dikasih bintang 1 aja masih kurang layak, sistem operasi server dalam olah data saja abnormal (sering error, error bukan 1-2 jam, ini malah 1x24 jam), mau mendaftarkan ulang kendaraan saja selalu error yang diinfonya ""kendaraan sudah terdaftar"" tapi disuruh untuk daftar kembali lagi. seakan sistem aplikasi ini hasil coding timpa file saja (kalo nimpa dipikir). kesimpulannya, ini aplikasi cacat yang dipaksakan beroperasi untuk memenuhi tuntutan title ""negara maju"".",Negatif,benar aplikasi kasih bintang aja masih kurang layak sistem operasi server dalam olah data saja abnormal sering error error bukan jam malah x jam mau daftar ulang kendara saja selalu error info kendara sudah daftar tapi suruh daftar kembali lagi akan sistem aplikasi hasil coding timpa file saja kalo nimpa pikir simpul aplikasi cacat paksa operasi penuh tuntut title negara maju
Pengguna Google,1,2026-01-28 16:09:49,setelah update plat tidak bisa daftar kembali,Negatif,telah update plat tidak bisa daftar kembali
Pengguna Google,1,2026-01-28 15:18:23,SISTEM PEMBAYARAN VIA OVO NYA DI PERBAIKI!!! UDAH 2 MINGGU GABISA DI PAKAI!!!,Negatif,sistem bayar via ovo nya baik udah minggu gabisa pakai
Pengguna Google,5,2026-01-28 14:15:04,Kereen,Positif,kereen
Pengguna Google,5,2026-01-28 14:03:06,ada masuk,Positif,ada masuk
Pengguna Google,5,2026-01-28 12:41:41,membantu driver online,Positif,bantu driver online
Pengguna Google,5,2026-01-28 12:28:24,fungsi,Positif,fungsi
Pengguna Google,5,2026-01-28 10:21:06,sangat membantu,Positif,sangat bantu
Pengguna Google,5,2026-01-28 09:29:32,cepat dan tepat,Positif,cepat tepat
Pengguna Google,5,2026-01-28 07:51:49,sangat luar biasa dan membantu dimana seluruh SPBU.,Positif,sangat luar biasa bantu mana seluruh spbu
Pengguna Google,5,2026-01-28 07:22:57,ramah sopan santun mantap,Positif,ramah sopan santun mantap
Pengguna Google,1,2026-01-28 06:30:36,"lelet kali kalian ini kerja ,perbaikan ovo sudah 3 hari belum selesai?",Negatif,lelet kali kalian kerja baik ovo sudah hari belum selesai
Pengguna Google,1,2026-01-28 06:19:53,aplikasi pemerintah ga pernah ga busuk,Negatif,aplikasi perintah tidak pernah tidak busuk
Pengguna Google,5,2026-01-28 04:58:39,"aplikasi banyak bug, saya pakai metode pembayaran pakai gopay tidak bisa bayar, padahal di apk mypertamina udah terhubung dan menjadi dompet utama. tolong di perbaiki metode pembayaran pakai GO-PAY",Positif,aplikasi banyak bug saya pakai metode bayar pakai gopay tidak bisa bayar padahal aplikasi mypertamina udah hubung jadi dompet utama tolong baik metode bayar pakai gopay
Pengguna Google,5,2026-01-28 01:30:24,mantap,Positif,mantap
Pengguna Google,5,2026-01-28 00:06:40,ok,Positif,ok
Pengguna Google,5,2026-01-27 21:16:37,bagus,Positif,bagus
Pengguna Google,5,2026-01-27 18:10:23,baguss,Positif,baguss
Pengguna Google,5,2026-01-27 14:17:13,good,Positif,good
Pengguna Google,1,2026-01-27 14:15:01,kenapa ya BUMN kalo bikin apk sering bug eror giliran upded mau byar pake ovo mlah gak bisa terus minimal kalo ada kerusakan 2 mnggu cukup ini udah sebulan lebih masih gak bisa pake ovo,Negatif,kenapa ya bumn kalo bikin aplikasi sering bug eror gilir upded mau byar pake ovo mlah gak bisa terus minimal kalo ada rusa mnggu cukup udah bulan lebih masih gak bisa pake ovo
Pengguna Google,5,2026-01-27 13:02:30,ok,Positif,ok
Pengguna Google,1,2026-01-27 12:25:28,saya mau buat barkot BBM sangat sulit,Negatif,saya mau buat barkot bbm sangat sulit
Pengguna Google,5,2026-01-27 10:31:03,kenapa barcodeny gk bisa dilihat diaplikasi ini,Positif,kenapa barcodeny tidak bisa lihat aplikasi
Pengguna Google,4,2026-01-27 10:24:48,mantapp👍👍👍,Positif,mantapp
Pengguna Google,1,2026-01-27 10:19:34,"saya sudah 3 hari ini mau mendaftar Mobil baru LCGC ntuk BBM subsidi pertalite, tetapi di aplikasi kasi coba lagi & coba lagi ... begitu terus menerus... bagaimana sebenarnya Aplikasi ini ...?",Negatif,saya sudah hari mau daftar mobil baru lcgc ntuk bbm subsidi pertalite tetapi aplikasi kasi coba lagi coba lagi begitu terus terus bagaimana benar aplikasi
Pengguna Google,5,2026-01-27 07:40:32,Mudah d gunakan,Positif,mudah d guna
Pengguna Google,1,2026-01-27 07:31:20,"untuk aplikasinya udah bagus , cuman menurut saya kurang mendukung.. masih kalah cepet sama pembayaran cash.. sering banget setiap SPBU kalau mau barcode susah munculnya smpe antrian panjang.. seharusnya untuk pelayanan qris yg di motor ada barcode di tmpt antri.. jadi sebelum isi bensin udah bayar.. petugas isi bensin kita scan barcode",Negatif,aplikasi udah bagus cuman turut saya kurang dukung masih kalah cepet sama bayar cash sering banget tiap spbu kalau mau barcode susah muncul smpe antri panjang harus layan qris motor ada barcode tmpt antri jadi belum isi bensin udah bayar tugas isi bensin kita scan barcode
Pengguna Google,5,2026-01-27 06:49:55,mantap,Positif,mantap
Pengguna Google,1,2026-01-27 04:34:24,aplikasi yang membuat masyarakat jadi ruwet,Negatif,aplikasi buat masyarakat jadi ruwet
Pengguna Google,4,2026-01-27 04:27:30,lebih baik,Positif,lebih baik
Pengguna Google,1,2026-01-26 20:59:05,banyak pom bensin Pertamina yg menolak,Negatif,banyak pom bensin pertamina tolak
Pengguna Google,5,2026-01-26 19:16:25,min untuk poin adain juga donk untuk pembelian pertamax di pertashop. masak pertashop gk bisa nrima pembelian via my pertamina. padahal belinya pertamax.,Positif,min poin adain juga donk beli pertamax pertashop masak pertashop tidak bisa nrima beli via my pertamina padahal beli pertamax
Pengguna Google,5,2026-01-26 18:44:28,mantap,Positif,mantap
Pengguna Google,1,2026-01-26 17:58:37,sering error... lelet penanganan nya,Negatif,sering error lelet tangan nya
Pengguna Google,5,2026-01-26 17:23:18,my pertamina. mantapp,Positif,my pertamina mantapp
Pengguna Google,5,2026-01-26 16:26:17,sangat bagus,Positif,sangat bagus
Pengguna Google,5,2026-01-26 15:41:57,sangat puas dan aman terpecaya,Positif,sangat puas aman terpecaya
Pengguna Google,5,2026-01-26 12:15:23,kaka saya. tidak bisa mendaftar barcode di mypertamina mohon bantu saya. untuk daftarkan,Positif,kaka saya tidak bisa daftar barcode mypertamina mohon bantu saya daftar
Pengguna Google,5,2026-01-26 11:08:47,mantap,Positif,mantap
Pengguna Google,5,2026-01-26 10:25:28,teebaik,Positif,teebaik
Pengguna Google,5,2026-01-26 09:17:57,mantap,Positif,mantap
Pengguna Google,4,2026-01-26 07:12:33,sampai kapan pembayaran melalui OVO ny bisa d gunakan lagi???,Positif,sampai kapan bayar lalu ovo ny bisa d guna lagi
Pengguna Google,5,2026-01-25 23:32:52,ok,Positif,ok
Pengguna Google,5,2026-01-25 22:18:00,"MY PERTAMINA ,Smua jadi cepat & Praktis..",Positif,my pertamina smua jadi cepat praktis
Pengguna Google,5,2026-01-25 22:14:40,mantaapp,Positif,mantaapp
Pengguna Google,5,2026-01-25 21:22:11,sangat puas dan membantu di saat tidak bawa uang cash,Positif,sangat puas bantu saat tidak bawa uang cash
Pengguna Google,5,2026-01-25 19:57:52,bagus,Positif,bagus
Pengguna Google,5,2026-01-25 19:02:21,Terbaik No. 1,Positif,baik no
Pengguna Google,2,2026-01-25 18:48:53,barcode kekecilan,Negatif,barcode kecil
Pengguna Google,2,2026-01-25 17:42:17,pakai gopay ga bisa2,Negatif,pakai gopay tidak bisa
Pengguna Google,1,2026-01-25 16:53:09,ni bagaimana si.. habis majek 5 th ganti plat jadi putih qrcode lama harus ganti.. ndaftarin ulang mobil ditolak alasan mirip dengan mobil lama?? ya iya lah mirip lha mobil nya sama beda plat doank,Negatif,ni bagaimana si habis majek th ganti plat jadi putih qrcode lama harus ganti ndaftarin ulang mobil tolak alas mirip mobil lama ya iya lah mirip lha mobil nya sama beda plat doank
Pengguna Google,5,2026-01-25 15:16:07,good app,Positif,good app
Pengguna Google,5,2026-01-25 15:05:49,supaya BBM jenis solar lebih di lancarkan lagi di SPBU Sumsel,Positif,supaya bbm jenis solar lebih lancar lagi spbu sumsel
Pengguna Google,4,2026-01-25 12:47:04,Tingkat kan lagi,Positif,tingkat kan lagi
Pengguna Google,4,2026-01-25 12:19:05,kalo boleh saran 2026 metode pembayaran nya di perbanyak lagi biar lebih gampang untuk pengguna lainnya contohnya seabank atau pun bank digital lainnya🙏,Positif,kalo boleh saran metode bayar nya banyak lagi biar lebih gampang guna lain contoh seabank atau pun bank digital lain
Pengguna Google,4,2026-01-25 11:18:16,"agak ribet sih, tp ya mau gimana ini sudah jadi peraturan pemerintah. mgkin tujuannya utk meminimalisir terjadinya Fraud. thanks",Positif,agak ribet sih tp ya mau gimana sudah jadi atur perintah mgkin tuju utk meminimalisir jadi fraud thanks
Pengguna Google,1,2026-01-25 11:14:29,"Saya mengalami kendala saat pengisian data diri, pengajuan saya ditolak karena KTP sy buram. tapi, sehari kemudian sy dapatkan eKTP terbaru dan sy perbaiki data dan lengkapi, namun masih belum terverifikasi hingga saat ini. mohon bantuannya agar pendaftaran Kendaraan sy bisa tuntas dan sy mendapatkan BARCODE / QR CODE untuk pembelian Pertalite di SPBU... terima kasih 🙏",Negatif,saya alami kendala saat isi data diri aju saya tolak karena ktp sy buram tapi hari kemudian sy dapat ektp baru sy baik data lengkap namun masih belum verifikasi hingga saat mohon bantu agar daftar kendara sy bisa tuntas sy dapat barcode qr code beli pertalite spbu terima kasih
Pengguna Google,1,2026-01-25 09:06:53,"subsidi harus ajukan, prosesnya sulit klo foto tidak jelas di tolak foto yang jelas harus pake hp mahal bos kayaknya gak perlu subsidi klo udah pake hp mahal sih",Negatif,subsidi harus aju proses sulit klo foto tidak jelas tolak foto jelas harus pake hp mahal bos kayak gak perlu subsidi klo udah pake hp mahal sih
Pengguna Google,1,2026-01-25 09:00:01,"Ribet gagal trus proses nya, kara sandi sudah benar disalahkan terus. Saat maunreset kata sandi dikasih link email malah ke playstore gajelas",Negatif,ribet gagal trus proses nya kara sandi sudah benar salah terus saat maunreset kata sandi kasih link email malah playstore gajelas
Pengguna Google,5,2026-01-25 08:59:52,"mantaps,",Positif,mantaps
Pengguna Google,1,2026-01-25 08:38:28,Verifikasi mulu... ya gak kelar-kelar.. sekelas Pertamina menggunakan aplikasinya yg ecek2.. parah dah nih,Negatif,verifikasi mulu ya gak kelarkelar kelas pertamina guna aplikasi ecek parah dah nih
Pengguna Google,5,2026-01-25 07:47:56,keren,Positif,keren
Pengguna Google,5,2026-01-25 05:09:18,Ok,Positif,ok
Pengguna Google,5,2026-01-25 00:30:12,ok,Positif,ok
Pengguna Google,5,2026-01-24 20:03:51,"aplikasi keren, 🔥",Positif,aplikasi keren
Pengguna Google,1,2026-01-24 19:29:13,SEkelas Pertamina bos barcode tidak aktif MINTA PEMBARUAN giliran diperbarui tapi ditolak 3 hari berkutat di aplikasi ini terus yasalam lawak bgt,Negatif,kelas pertamina bos barcode tidak aktif minta baru gilir baru tapi tolak hari kutat aplikasi terus yasalam lawak banget
Pengguna Google,1,2026-01-24 18:21:37,ini kapan pembayaran pakai OVO beres? dari kemarin perbaikan melulu gak selesai2,Negatif,kapan bayar pakai ovo beres kemarin baik melulu gak selesai
Pengguna Google,5,2026-01-24 17:43:49,fast respon,Positif,fast respon
Pengguna Google,1,2026-01-24 13:52:00,gembel lah. maintenance ovo nya lama banget. bikin rugi waktu aja ngantri,Negatif,gembel lah maintenance ovo nya lama banget bikin rugi waktu aja ngantri
Pengguna Google,1,2026-01-24 11:59:12,nyusahin orang susah ni barkode,Negatif,nyusahin orang susah ni barkode
Pengguna Google,5,2026-01-24 11:51:17,keren,Positif,keren
Pengguna Google,1,2026-01-24 10:43:36,"di spbu pertamina, saat ingin beli di spbu. sering sangat.. sangat sering. petugas bilang. my pertamina sefamg tidak bisa. atau beli harus kelipatan 50. sedangkan di aplikasi nominal 10 sj bisa. mending u bnerin drpda bnyk yg uninstal klo luasa bodo lu anggap yg beli kes jg bnyk. u harus siap akan ketinggalan",Negatif,spbu pertamina saat ingin beli spbu sering sangat sangat sering tugas bilang my pertamina sefamg tidak bisa atau beli harus kelipat sedang aplikasi nominal sj bisa mending u bnerin drpda bnyk uninstal klo luasa bodo lu anggap beli kes jg bnyk u harus siap akan tinggal
Pengguna Google,1,2026-01-24 10:37:52,"minta tolong dong di benahi, dari tanggal 20/01/2026 sampai hari ini tgl 24/01/2026 jam 10.39 pembayaran menggunakan ovo tidak bisa..... masa trouble hampir 1 minggu🫠🫠🫠",Negatif,minta tolong dong benah tanggal sampai hari tgl jam bayar guna ovo tidak bisa masa trouble hampir minggu
Pengguna Google,1,2026-01-24 09:32:48,"bukan mempermudah malah mempersulit ini aplikasi, masa tiba -tiba kendaraan saya tidak di temukan di aplikasi, walaupun ada aplikasi tetap banyak penampung BBM, aplikasi ini tdk efektif dan hanya mempersulit, cangih dari mana, mending ke pengisian lain kalau ada.",Negatif,bukan mudah malah sulit aplikasi masa tiba tiba kendara saya tidak temu aplikasi walaupun ada aplikasi tetap banyak tampung bbm aplikasi tidak efektif hanya sulit cangih mana mending isi lain kalau ada
Pengguna Google,5,2026-01-24 08:37:38,Good Ness,Positif,good ness
Pengguna Google,5,2026-01-24 07:59:00,jos jis,Positif,jos jis
Pengguna Google,5,2026-01-24 02:14:28,oke,Positif,oke
Pengguna Google,2,2026-01-24 00:46:49,jelek banget ini apk nya sumpah jaringan gua full bagus pas mau bayar lelet banget sumpah jangan pake dah ini,Negatif,jelek banget aplikasi nya sumpah jaring gua full bagus pas mau bayar lelet banget sumpah jangan pake dah
Pengguna Google,2,2026-01-23 22:40:48,oneklik bca jd tidak bisa.. payah,Negatif,oneklik bca jd tidak bisa payah
Pengguna Google,1,2026-01-23 21:50:08,"Lagi pembaruan dh ngantri panjang² , Ewallet dalam perbaikan, anda susahkan saya, saya susahkan balik anda",Negatif,lagi baru dh ngantri panjang ewallet dalam baik anda susah saya saya susah balik anda
Pengguna Google,5,2026-01-23 21:48:59,sangat baik,Positif,sangat baik
Pengguna Google,5,2026-01-23 18:41:53,baik,Positif,baik
Pengguna Google,5,2026-01-23 17:50:33,"sampah banget, dicoba di hp ,di komputer pake hp lain di unistall instal lagi.. pake crome terbaru.. tetep pengajuan gagal. buang pulsa juga telp call center kirain bisa ngebantu..",Positif,sampah banget coba hp komputer pake hp lain unistall instal lagi pake crome baru tetep aju gagal buang pulsa juga telp call center kirain bisa ngebantu
Pengguna Google,5,2026-01-23 16:44:43,muantapp,Positif,muantapp
Pengguna Google,1,2026-01-23 15:10:53,ini aplikasi nya TDK bisa di gunakan ya lemot,Negatif,aplikasi nya tidak bisa guna ya lot
Pengguna Google,5,2026-01-23 12:55:43,oke,Positif,oke
Pengguna Google,1,2026-01-23 10:12:00,Sulit mwndaftarkan BBM Subsidi pafahal data yg dimasukkan sdh sesuai juga fotonya sdh sesuai petunjuk,Negatif,sulit mwndaftarkan bbm subsidi pafahal data masuk sdh sesuai juga foto sdh sesuai tunjuk
Pengguna Google,4,2026-01-23 09:27:13,my pertamina tidak semua bbm bisa di beli melalui aplikasi hanya pertamax,Positif,my pertamina tidak semua bbm bisa beli lalu aplikasi hanya pertamax
Pengguna Google,5,2026-01-23 07:46:36,Oke keren,Positif,oke keren
Pengguna Google,1,2026-01-23 07:21:44,"Gak ngerti atas dasar apalah ada program gini.dulu bertahun2 tanpa barcode,aman sentosa ni mobil.skrg malah dipersulit hadeh",Negatif,gak ngerti atas dasar apa ada program ginidulu tahun tanpa barcodeaman sentosa ni mobilskrg malah sulit hadeh
Pengguna Google,4,2026-01-23 01:57:27,min saya mau daftarin buat dapat barcode ko gagal terus yah,Positif,min saya mau daftarin buat dapat barcode ko gagal terus yah
Pengguna Google,1,2026-01-22 21:42:49,"Oiiii, yang bener bikin aplikasi, verifikasi ktp aja kalian bikin orang kewalahan. 5 kalo nelpon cs ga ada hasilnya pakai kamera hp mahal loh ini gw foto, tetap ditolak dibilang indikasi diedit. Sampai sekarang ga pernah berhasil, coba puluhan kali. Lol. Benerin bos",Negatif,oiiii bener bikin aplikasi verifikasi ktp aja kalian bikin orang kewalahan kalo nelpon cs tidak ada hasil pakai kamera hp mahal loh gw foto tetap tolak bilang indikasi edit sampai sekarang tidak pernah hasil coba puluh kali lol benerin bos
Pengguna Google,5,2026-01-22 21:05:45,"sangat mudah digunakan, proses cepat",Positif,sangat mudah guna proses cepat
Pengguna Google,2,2026-01-22 20:31:25,Pembayaran via OVO kapan beresnya ??????????? Problem Solving nya lama banget..,Negatif,bayar via ovo kapan beres problem solving nya lama banget
Pengguna Google,1,2026-01-22 20:23:27,"Saya mau aktivasi Subsidi Tepat, tapi ditolak dengan alasan foto KTP terindikasi Editan, kan kocak, mau bayar/beli aja dipersulit.",Negatif,saya mau aktivasi subsidi tepat tapi tolak alas foto ktp indikasi edit kan kocak mau bayarbeli aja sulit
Pengguna Google,5,2026-01-22 17:35:36,Saya puas cuma sekarang data kendaraan saya tidak ditemukan setelah instal ulang aplikasi my pertamina. Dan contak center tidak berfungsi,Positif,saya puas cuma sekarang data kendara saya tidak temu telah instal ulang aplikasi my pertamina contak center tidak fungsi
Pengguna Google,2,2026-01-22 15:50:06,"gagal menambahkan kendaraan lain , padahal menunggu sudah 3x24jam tetap gagal terus",Negatif,gagal tambah kendara lain padahal tunggu sudah xjam tetap gagal terus
Pengguna Google,4,2026-01-22 15:28:49,bagus,Positif,bagus
Pengguna Google,5,2026-01-22 14:25:48,Mantap 👍,Positif,mantap
Pengguna Google,2,2026-01-22 13:50:22,ini pembayaran via ovo knapa ga bisa ya,Negatif,bayar via ovo knapa tidak bisa ya
Pengguna Google,5,2026-01-22 13:09:29,Game nya sulit,Positif,game nya sulit
Pengguna Google,4,2026-01-22 12:37:35,"barcode butuh pembaruan, giliran mau diperbarui ribet banget, ""gagal memproses permintaan, silahkan coba beberapa saat lagi"" ??? , kita udah urgent di tol mau isi bbm, malah dipersulit",Positif,barcode butuh baru gilir mau baru ribet banget gagal proses minta silah coba beberapa saat lagi kita udah urgent tol mau isi bbm malah sulit
Pengguna Google,5,2026-01-22 11:29:22,siiip mantab,Positif,siiip mantab
Pengguna Google,1,2026-01-22 11:27:15,"min min..... aplikasi Jualan Terbodoh di Dunia. padahal milik perusahaan besar👎🏿👎🏿👎🏿 di aplikasi dari awal terbit Sama sekali tidak ada info Harga : BBM, Gas, Oli Produk Pertamina. Loe Bego Banget Sih......👎🏿👎🏿👎🏿👎🏿👎🏿 Harus nya kan selalu tercantum Upadate HARGA. Kamu Kasih Daftar harga tsb dalam waktu 24 Jam Saya Tunggu. harusnya bisa dalam waktu 5 menit Agar Segera direspon dan diperbaiki. ditunggu.....!!!",Negatif,min min aplikasi jual bodoh dunia padahal milik usaha besar aplikasi awal terbit sama sekali tidak ada info harga bbm gas oli produk pertamina loe bego banget sih harus nya kan selalu cantum upadate harga kamu kasih daftar harga tsb dalam waktu jam saya tunggu harus bisa dalam waktu menit agar segera direspon baik tunggu
Pengguna Google,5,2026-01-22 09:22:00,terimakasih,Positif,terimakasih
Pengguna Google,4,2026-01-22 07:48:56,pembayaran mudah mudah susah,Positif,bayar mudah mudah susah
Pengguna Google,1,2026-01-22 06:51:28,lebih mudah registrasi akun slot daripada aplikasi ini... profaider t41,Negatif,lebih mudah registrasi akun slot daripada aplikasi profaider t
Pengguna Google,1,2026-01-22 00:30:27,Aplikasi apa ini? saya sudah berkali kali mau verifikasi data diri kok selalu gagal terus?emang niat mau mempersulit apa gimana?,Negatif,aplikasi apa saya sudah kali kali mau verifikasi data diri kok selalu gagal terusemang niat mau sulit apa gimana
Pengguna Google,2,2026-01-21 23:51:39,"belum semua bisa pakai my pertamina di spbu nyah dan kebanyakan di tolak oleh petugas, alasan gak jelas banyak ini itu nya tolong lah perbaiki sistem yang ada di spbu nya, udah lama antri , pas mau bayar gak bisa pakai my pertamina . qris lain nya juga tidak ada dan tidak bisa pakai qris",Negatif,belum semua bisa pakai my pertamina spbu nyah banyak tolak oleh tugas alas gak jelas banyak nya tolong lah baik sistem ada spbu nya udah lama antri pas mau bayar gak bisa pakai my pertamina qris lain nya juga tidak ada tidak bisa pakai qris
Pengguna Google,1,2026-01-21 22:37:47,bola Bali aku coba kok gak bisa bisa. sebenarnya kek mana ini bingung aku liat kalian kok seperti nya mempersulit kalian,Negatif,bola bal aku coba kok gak bisa bisa benar kek mana bingung aku liat kalian kok seperti nya sulit kalian
Pengguna Google,5,2026-01-21 21:59:23,sangat memuaskan.,Positif,sangat muas
Pengguna Google,5,2026-01-21 21:40:02,lebih mudah bertransaksi,Positif,lebih mudah transaksi
Pengguna Google,1,2026-01-21 20:11:29,sering gangguan pakai selain ovo dan linkaja,Negatif,sering ganggu pakai selain ovo linkaja
Pengguna Google,5,2026-01-21 19:11:28,mantaaap,Positif,mantaaap
Pengguna Google,5,2026-01-21 16:52:13,baik,Positif,baik
Pengguna Google,5,2026-01-21 16:38:49,ok,Positif,ok
Pengguna Google,5,2026-01-21 16:21:57,transaksi lebih mudah dan banyak keuntungan,Positif,transaksi lebih mudah banyak untung
Pengguna Google,1,2026-01-21 16:00:06,ovo tidak ada jadi ribet,Negatif,ovo tidak ada jadi ribet
Pengguna Google,1,2026-01-21 15:21:24,kenapa sekarang cuman bisa bayar melalui gopay..,Negatif,kenapa sekarang cuman bisa bayar lalu gopay
Pengguna Google,5,2026-01-21 14:44:54,mantaaap,Positif,mantaaap
Pengguna Google,5,2026-01-21 14:34:08,ok,Positif,ok
Pengguna Google,1,2026-01-21 12:25:54,"aplikasi yg membuat pusing..., dlogok jaran😡😡😡😡😡",Negatif,aplikasi buat pusing dlogok jaran
Pengguna Google,2,2026-01-21 10:54:57,kenapa belakangan ini ga bisa menggunakan pembayaran via ovo?,Negatif,kenapa belakang tidak bisa guna bayar via ovo
Pengguna Google,5,2026-01-21 10:48:55,mantap,Positif,mantap
Pengguna Google,5,2026-01-21 09:24:07,mudah dan nga ribet.,Positif,mudah nga ribet
Pengguna Google,5,2026-01-21 08:05:45,terima kasih Pertamina,Positif,terima kasih pertamina
Pengguna Google,5,2026-01-21 07:58:51,bagus sekali mantap,Positif,bagus sekali mantap
Pengguna Google,5,2026-01-21 07:55:06,praktis tanpa tunai,Positif,praktis tanpa tunai
Pengguna Google,1,2026-01-20 20:09:47,PAYAH TERNYATA APLIKASI INI KARNA UDAH GAK AMAN BARUSAN SAYA CEK TERJADI KEBOCORAN DATA PADA APLIKASI INI TERJADI PADA SAYA MAU MASUK GANTI PASSWORD GAK BISA KARNA EMAIL UDAH GAK TERDAFTAR,Negatif,payah nyata aplikasi karna udah gak aman barusan saya cek jadi bocor data aplikasi jadi saya mau masuk ganti password gak bisa karna email udah gak daftar
Pengguna Google,1,2026-01-20 15:06:10,baner2 bikin susah supir ...,Negatif,baner bikin susah supir
Pengguna Google,1,2026-01-20 14:10:34,"bikin repot saja, Barcode kadaluarsa, cara ambal barcod baru berbelit-belit.",Negatif,bikin repot saja barcode kadaluarsa cara ambal barcod baru berbelitbelit
Pengguna Google,5,2026-01-20 12:09:59,ok,Positif,ok
Pengguna Google,5,2026-01-20 11:43:13,proses mudah dan banyak promonya,Positif,proses mudah banyak promonya
Pengguna Google,5,2026-01-20 09:47:09,Mantap,Positif,mantap
Pengguna Google,5,2026-01-20 08:36:54,tingkatkan,Positif,tingkat
Pengguna Google,1,2026-01-20 07:06:02,aplikasi buruk tidak bisa merubah data pribadi khususnya no hp.dan tidak bisa terhubung ke gopay,Negatif,aplikasi buruk tidak bisa rubah data pribadi khusus no hpdan tidak bisa hubung gopay
Pengguna Google,4,2026-01-19 23:37:13,lumayan bagus,Positif,lumayan bagus
Pengguna Google,5,2026-01-19 22:45:31,memuaskan dan pelayanan terbaik,Positif,muas layan baik
Pengguna Google,4,2026-01-19 21:37:48,"belum sempurna,tapi lumayan",Positif,belum sempurnatapi lumayan
Pengguna Google,5,2026-01-19 21:01:38,memberikan kemudahan dalam pembayaran,Positif,beri mudah dalam bayar
Pengguna Google,1,2026-01-19 20:16:07,minimal Pertamax jgn di oplos,Negatif,minimal pertamax jgn oplos
Pengguna Google,5,2026-01-19 19:35:21,ok,Positif,ok
Pengguna Google,1,2026-01-19 17:55:41,verifikasi data KTP aja susah banget...,Negatif,verifikasi data ktp aja susah banget
Pengguna Google,5,2026-01-19 17:08:34,mantap,Positif,mantap
Pengguna Google,5,2026-01-19 14:55:41,Taat peraturan pemerintah ....insyaallah berkah,Positif,taat atur perintah insyaallah berkah
Pengguna Google,5,2026-01-19 13:07:57,tlg bantu dipermudah dlm meng akses barcode ya,Positif,tlg bantu mudah dlm meng akses barcode ya
Pengguna Google,5,2026-01-19 00:49:22,sangat puas,Positif,sangat puas
Pengguna Google,5,2026-01-18 20:48:49,kok engak ces bek,Positif,kok engak ces bek
Pengguna Google,5,2026-01-18 18:37:15,mantap,Positif,mantap
Pengguna Google,5,2026-01-18 17:01:02,bagus,Positif,bagus
Pengguna Google,5,2026-01-18 14:16:21,ok,Positif,ok
Pengguna Google,1,2026-01-18 11:18:32,piye carane download barcode ne?? minimal ono tulisane unduh kek . .,Negatif,piye carane download barcode ne minimal ono tulisane unduh kek
Pengguna Google,5,2026-01-18 07:52:58,mantap,Positif,mantap
Pengguna Google,5,2026-01-17 17:35:34,thank you My Pertamina,Positif,thank you my pertamina
Pengguna Google,5,2026-01-17 17:05:11,mypertamina ok.. Semoga lebih baik lagi.,Positif,mypertamina ok moga lebih baik lagi
Pengguna Google,4,2026-01-17 16:26:53,"tlg diupdate lagi ya, krn pas saya mau hubungkan pembayaran ke ovo, kodenya tidak terkirim. sampai berulang kali dicoba tidak juga bisa. untungnya masih bs dihubungkan ke gopay",Positif,tlg diupdate lagi ya krn pas saya mau hubung bayar ovo kode tidak kirim sampai ulang kali coba tidak juga bisa untung masih bs hubung gopay
Pengguna Google,5,2026-01-17 16:15:30,good 👍,Positif,good
Pengguna Google,5,2026-01-17 15:21:30,The best Pertamina... no comment,Positif,the best pertamina no comment
Pengguna Google,1,2026-01-17 15:08:44,daftar barcode mandiri gagal memproses mulu heran. gmna ga jdi bisnis calo barcode,Negatif,daftar barcode mandiri gagal proses mulu heran gmna tidak jdi bisnis calo barcode
Pengguna Google,5,2026-01-17 14:12:06,Mantaaabbbb,Positif,mantaaabbbb
Pengguna Google,1,2026-01-17 12:53:10,tidak bisa chat Nadia. auto close.,Negatif,tidak bisa chat nadia auto close
Pengguna Google,5,2026-01-17 12:08:43,pembayaran nya mudah,Positif,bayar nya mudah
Pengguna Google,2,2026-01-17 11:42:01,"siapa si yg it nya, bikin aplikasi ko busuk bgt, giliran bayar ko malah susah masuk ke apk yg terkait dengan my pertaminan.. busuk lah",Negatif,siapa si it nya bikin aplikasi ko busuk banget gilir bayar ko malah susah masuk aplikasi kait my pertaminan busuk lah
Pengguna Google,5,2026-01-17 11:15:11,sangat membantu,Positif,sangat bantu
Pengguna Google,5,2026-01-17 11:05:24,cukup lancar pengisian bulan2 ini..semoga lancar terus..kami sopir sangat enjoy...,Positif,cukup lancar isi bulan inisemoga lancar teruskami sopir sangat enjoy
Pengguna Google,5,2026-01-17 10:43:50,sangat membantu trimakasih,Positif,sangat bantu trimakasih
Pengguna Google,1,2026-01-17 09:39:17,barcode bbm tidak bisa digunakan. daftar lagi/perbarui data info stnk salah/ditolak padahal sudah sesuai dan asli,Negatif,barcode bbm tidak bisa guna daftar lagiperbarui data info stnk salahditolak padahal sudah sesuai asli
Pengguna Google,5,2026-01-17 00:23:39,ok,Positif,ok
Pengguna Google,1,2026-01-16 22:33:00,"Astaghfirullah.. Saya Sangat Sangat Kecewa. Aplikasi Bosok, belum lolos Uji sudah dipublikasikan, sangat penuh cacat. Masak dibilang Barcode Kadaluwarsa. Udah diperbarui, tetep aja gak bisa. Foto STNK mirip yg sudah terdaftar sebelum nya, setelah di ulang tetep gitu lagi, eh giliran STNK berhasil, muncul lagi Foto kendaraan mirip dg foto yg sudah pernah terdaftar sebelum nya, padahal yg pertama bisa. Diulang lagi, eh malah balik lagi STNK nya yg mirip seperti foto sebelum nya. Sangat Mempersulit",Negatif,astaghfirullah saya sangat sangat kecewa aplikasi bosok belum lolos uji sudah publikasi sangat penuh cacat masak bilang barcode kadaluwarsa udah baru tetep aja gak bisa foto stnk mirip sudah daftar belum nya telah ulang tetep gitu lagi eh gilir stnk hasil muncul lagi foto kendara mirip dg foto sudah pernah daftar belum nya padahal pertama bisa ulang lagi eh malah balik lagi stnk nya mirip seperti foto belum nya sangat sulit
Pengguna Google,1,2026-01-16 16:40:15,"APLIKASI EDAN, LEBIH 5X PERCOBAAN, GAGAL TERUS, pengajuan gagal... aplikasi gila. semua data foto disesuaikan.. masih tetap Gagal.. APLIKASI GILA.. Seperti orang gila kita dibuat apk ini, bolak balik foto 1 badan mobil dipinggir jalan, gagal,foto lagi. seterusnya sampai mau gila.",Negatif,aplikasi edan lebih x coba gagal terus aju gagal aplikasi gila semua data foto sesuai masih tetap gagal aplikasi gila seperti orang gila kita buat aplikasi bolak balik foto badan mobil pinggir jalan gagalfoto lagi terus sampai mau gila
Pengguna Google,5,2026-01-16 14:40:45,Mantap 👏,Positif,mantap
Pengguna Google,5,2026-01-16 13:04:36,ok,Positif,ok
Pengguna Google,5,2026-01-16 12:53:01,Hidup Pertamina dan Hidup Mentri ESDM Bahlil Lahadalia. Terimakasih untuk aplikasi yang bermanfaat ini.,Positif,hidup pertamina hidup tri esdm bahlil lahadalia terimakasih aplikasi manfaat
Pengguna Google,5,2026-01-16 12:48:02,ok,Positif,ok
Pengguna Google,1,2026-01-16 11:21:14,"udah bolak balik isi data diri, tetap saja kolom ""kelurahan"" tidak bisa di isi, tolong dong mimin solusinya!! hidup suda sulit, daftar my pertamina lebih sulit.",Negatif,udah bolak balik isi data diri tetap saja kolom lurah tidak bisa isi tolong dong mimin solusi hidup suda sulit daftar my pertamina lebih sulit
Pengguna Google,4,2026-01-16 10:02:02,"ada cukup bnyak kendala, dan saya harap kedepannya segera diperbaiki sisanya ui nya cukup bagus",Positif,ada cukup bnyak kendala saya harap depan segera baik sisa ui nya cukup bagus
Pengguna Google,1,2026-01-16 09:54:26,sering error,Negatif,sering error
Pengguna Google,5,2026-01-16 09:33:48,barcode terblokir,Positif,barcode blokir
Pengguna Google,1,2026-01-16 07:43:17,"busuk, susah bgt",Negatif,busuk susah banget
Pengguna Google,1,2026-01-16 07:09:45,masukin nomor tulisan nya salah format muluu padahal sudah benar,Negatif,masukin nomor tulis nya salah format muluu padahal sudah benar
Pengguna Google,5,2026-01-16 07:08:17,"thx my pertamina,pembelian BBM sangat simpel dan mudah, thx juga buat SPBU 31.171.05 yg baik ramah, seneng beli disini",Positif,thx my pertaminapembelian bbm sangat simpel mudah thx juga buat spbu baik ramah neng beli sini
Pengguna Google,5,2026-01-15 23:48:12,untuk pemain baru terasa aneh apalagi dengan pom yang antrian panjang itu malah bikin tambah lama,Positif,main baru asa aneh apalagi pom antri panjang malah bikin tambah lama
Pengguna Google,5,2026-01-15 20:49:58,oke sekali aplikasinya,Positif,oke sekali aplikasi
Pengguna Google,1,2026-01-15 20:19:58,ini gimana sih susah banget mau daftar.. parahhh aplikasi g jelas,Negatif,gimana sih susah banget mau daftar parahhh aplikasi g jelas
Pengguna Google,5,2026-01-15 20:19:18,"mantap, transaksi terdata",Positif,mantap transaksi data
Pengguna Google,1,2026-01-15 18:10:58,"mohon diberi fitur untuk UPDATE FOTO STNK DAN PLAT NOPOL, agar kami tidak perlu mendaftarkan ulang kendaraan kami.",Negatif,mohon beri fitur update foto stnk plat nopol agar kami tidak perlu daftar ulang kendara kami
Pengguna Google,5,2026-01-15 15:57:27,bagusnya,Positif,bagus
Pengguna Google,5,2026-01-15 14:42:47,mantap boss ku..,Positif,mantap boss ku
Pengguna Google,5,2026-01-15 14:42:22,mantap,Positif,mantap
Pengguna Google,2,2026-01-15 11:38:37,Tingkatkan pelayanan dan jaringan terimakasih sukses MY Pertamina,Negatif,tingkat layan jaring terimakasih sukses my pertamina
Pengguna Google,5,2026-01-15 10:57:14,sangat membantu,Positif,sangat bantu
Pengguna Google,1,2026-01-15 08:49:24,aplikasi jelek setiap transaksi selalu eror bikin nunggu lama,Negatif,aplikasi jelek tiap transaksi selalu eror bikin nunggu lama
Pengguna Google,2,2026-01-15 08:12:20,keren,Negatif,keren
Pengguna Google,5,2026-01-15 07:09:46,"mantul, pertama kali nyoba, hehehe",Positif,mantul pertama kali nyoba hehehe
Pengguna Google,5,2026-01-14 21:06:16,Sangat membantu,Positif,sangat bantu
Pengguna Google,5,2026-01-14 21:03:50,good aplication,Positif,good aplication
Pengguna Google,1,2026-01-14 20:04:03,aplikasi yang sangat ribet nggak guna,Negatif,aplikasi sangat ribet nggak guna
Pengguna Google,5,2026-01-14 18:18:35,mantap,Positif,mantap
Pengguna Google,1,2026-01-14 18:04:38,mobil baru ganti nopol minta pengajuan barcode ditolak mulu alasan STNK diblacklist gak masuk akal,Negatif,mobil baru ganti nopol minta aju barcode tolak mulu alas stnk diblacklist gak masuk akal
Pengguna Google,5,2026-01-14 16:34:55,ok,Positif,ok
Pengguna Google,1,2026-01-14 16:27:46,APLIKASI PAYAH,Negatif,aplikasi payah
Pengguna Google,1,2026-01-14 15:08:59,"dalam melengkapi profil, domain milik saya (kab. Biak Numfor) tidak ada",Negatif,dalam lengkap profil domain milik saya kab biak numfor tidak ada
Pengguna Google,5,2026-01-14 13:29:18,top,Positif,top
Pengguna Google,1,2026-01-14 13:16:42,"disuruh pembaharuan data terus giliran sesuai proses, masuk saja susah aplikasi BUMN kok begini",Negatif,suruh baharu data terus gilir sesuai proses masuk saja susah aplikasi bumn kok begini
Pengguna Google,1,2026-01-14 12:14:36,"setelah update, diminta login kembali, tapi format no telp selalu dikatakan salah, app yang aneh",Negatif,telah update minta login kembali tapi format no telp selalu kata salah app aneh
Pengguna Google,1,2026-01-14 11:53:34,"pelayanan sangat buruk, sangat ribet👎🏿👎🏿👎🏿",Negatif,layan sangat buruk sangat ribet
Pengguna Google,5,2026-01-14 11:13:53,cepat gak ribet,Positif,cepat gak ribet
Pengguna Google,5,2026-01-14 09:26:39,aku tukar voucher gopay dalam hitungan detik langsung connect my pertamina,Positif,aku tukar voucher gopay dalam hitung detik langsung connect my pertamina
Pengguna Google,5,2026-01-14 09:23:22,aplikasi cakep,Positif,aplikasi cakep
Pengguna Google,5,2026-01-14 08:26:27,Joss poinnya,Positif,joss poin
Pengguna Google,4,2026-01-14 08:14:35,OK,Positif,ok
Pengguna Google,5,2026-01-14 07:31:57,ok,Positif,ok
Pengguna Google,1,2026-01-14 06:58:08,beberapa SPBU di Surabaya Utara tidak bisa menggunakan aplikasi ini. Alasannya kompak TROBEL MAS!,Negatif,beberapa spbu surabaya utara tidak bisa guna aplikasi alas kompak trobel mas
Pengguna Google,1,2026-01-14 05:43:20,"disuruh update apk malah barcode jadi ga bisa kepake, ga ada pengumuman resmi, petugas pom nyuruh ke kantor pertamina terdekat ngga bs via apk, nanya ke cs ga ada solusi. Dilihat dari ulasan yg lain, keliatannya pemerintah emang sengaja ngurangin subsidi dengan cara mempersulit sperti ini, jadi isinya harus pertamax terus, lah mendingan ke shell. Dengan ini bye bye pertamina.....",Negatif,suruh update aplikasi malah barcode jadi tidak bisa kepake tidak ada umum resmi tugas pom nyuruh kantor pertamina dekat ngga bs via aplikasi nanya cs tidak ada solusi lihat ulas lain liat perintah emang sengaja ngurangin subsidi cara sulit sperti jadi isi harus pertamax terus lah mending shell bye bye pertamina
Pengguna Google,1,2026-01-13 20:13:38,"aplikasi nggak jelas, mempersulit orang bilang aja kalian mau menghilangkan Pertalite. apa² dinpersulit, mendftar nggak mau!!!!",Negatif,aplikasi nggak jelas sulit orang bilang aja kalian mau hilang pertalite apa dinpersulit mendftar nggak mau
Pengguna Google,5,2026-01-13 19:59:38,ok banget,Positif,ok banget
Pengguna Google,1,2026-01-13 19:19:26,"daftar subsidi kendaraan di tolak mulu, udah 16 kali perbaiki data gitu terus sampe di tangguhkan 2×24 jam. alasan nopol di plat dan nopol di stnk beda, padahal data sudah benar semua",Negatif,daftar subsidi kendara tolak mulu udah kali baik data gitu terus sampe tangguh jam alas nopol plat nopol stnk beda padahal data sudah benar semua
Pengguna Google,5,2026-01-13 19:08:37,"Aplikasi yg belum saya gunakan, tapi perlu info didalamya😅",Positif,aplikasi belum saya guna tapi perlu info didalamya
Pengguna Google,5,2026-01-13 19:05:15,"kode barkot saya kok egk muncul kak,petunjuk?....",Positif,kode barkot saya kok egk muncul kakpetunjuk
Pengguna Google,5,2026-01-13 16:05:50,mengesankan,Positif,kesan
Pengguna Google,5,2026-01-13 15:12:01,perbaiki layanan,Positif,baik layan
Pengguna Google,2,2026-01-13 15:09:56,permudah lagi,Negatif,mudah lagi
Pengguna Google,5,2026-01-13 11:31:25,bagus baget,Positif,bagus baget
Pengguna Google,5,2026-01-13 10:56:21,sangat membantu,Positif,sangat bantu
Pengguna Google,5,2026-01-13 10:04:06,good,Positif,good
Pengguna Google,1,2026-01-13 10:03:25,"aplikasi sampah , berulang kali verifikasi dengan KTP elektronik asli , di tolak, ditolak dan terus di tolak, barcode sering di salah gunakan ,",Negatif,aplikasi sampah ulang kali verifikasi ktp elektronik asli tolak tolak terus tolak barcode sering salah guna
Pengguna Google,5,2026-01-13 07:47:45,memudahkan dalam pembelian bensin disaat gak bawa duit cash,Positif,mudah dalam beli bensin saat gak bawa duit cash
Pengguna Google,5,2026-01-13 03:55:14,Mantap Lancar,Positif,mantap lancar
Pengguna Google,1,2026-01-13 03:23:09,saya selalu ditolak oleh spbu jika memakai aplikasi ini,Negatif,saya selalu tolak oleh spbu jika pakai aplikasi
Pengguna Google,1,2026-01-12 23:26:41,"salah pin 3 kali jadi akun terblokir ,tapi dibuka dari google croome bisa login ,aplikasi apa ini",Negatif,salah pin kali jadi akun blokir tapi buka google croome bisa login aplikasi apa
Pengguna Google,5,2026-01-12 18:37:28,like,Positif,like
Pengguna Google,1,2026-01-12 17:48:40,"Mau beli bbm aja bikin barcode nya susah bgt ber ulang ulang ... Padahal mau beli gak ngutang,,,",Negatif,mau beli bbm aja bikin barcode nya susah banget ber ulang ulang padahal mau beli gak ngutang
Pengguna Google,2,2026-01-12 17:32:35,ga bisa udate ubah data mobil kalo dulu mintol k jasa bikin barcode pertalite nih gan hiiks⁷,Negatif,tidak bisa udate ubah data mobil kalo dulu mintol k jasa bikin barcode pertalite nih gan hiiks
Pengguna Google,1,2026-01-12 16:53:39,"maaf aku kasih nilai 1. bikin barcode di pangkal pinang, susah, bayak alasan . sehari cuma di batas 10 s/d 11 orang. ngak mikir. yg ju dari mentok. Toboali, Belinyu. nih aku kasih tau yg mau bikin barcode di kecamatan kelapa. di simpang 2 jln mentok kelapa. konter Dimas lansung Jd. cuma 75 ribu",Negatif,maaf aku kasih nilai bikin barcode pangkal pinang susah bayak alas hari cuma batas sd orang ngak mikir ju mentok toboali belinyu nih aku kasih tau mau bikin barcode camat kelapa simpang jln mentok kelapa konter mas lansung jd cuma ribu
Pengguna Google,5,2026-01-12 16:13:04,siiiiiiipppppp,Positif,siiiiiiipppppp
Pengguna Google,1,2026-01-12 15:29:19,aplikasi yang cukup mengecewakan ya. padahal saya sudah buat akun untuk subsidi tepat untuk angkot saya. tapi begitu saya coba login malah nggk bisa masuk sama sekali. ini maksudnya mempermudah atau mempersulit warga?,Negatif,aplikasi cukup kecewa ya padahal saya sudah buat akun subsidi tepat angkot saya tapi begitu saya coba login malah nggk bisa masuk sama sekali maksud mudah atau sulit warga
Pengguna Google,4,2026-01-12 15:26:59,Respon aplikasi semakin 👍,Positif,respon aplikasi makin
Pengguna Google,4,2026-01-12 14:04:38,ribet,Positif,ribet
Pengguna Google,5,2026-01-12 14:04:04,top,Positif,top
Pengguna Google,5,2026-01-12 11:58:20,bagus,Positif,bagus
Pengguna Google,5,2026-01-12 11:25:47,sangat baik,Positif,sangat baik
Pengguna Google,5,2026-01-12 07:57:38,mau upgrade tapi tidak bisa,Positif,mau upgrade tapi tidak bisa
Pengguna Google,5,2026-01-12 07:02:14,terbaeee,Positif,terbaeee
Pengguna Google,5,2026-01-12 06:40:10,ok,Positif,ok
Pengguna Google,5,2026-01-12 02:36:31,top,Positif,top
Pengguna Google,5,2026-01-12 00:32:00,mantap,Positif,mantap
Pengguna Google,5,2026-01-11 20:23:39,mantap dan sangat membantu... semoga lebih baik lagi ke depan nya,Positif,mantap sangat bantu moga lebih baik lagi depan nya
Pengguna Google,2,2026-01-11 19:30:47,barcode saya kok bisa smpai di pakai org .. ngga bisa ngisi bensin jadinyaa,Negatif,barcode saya kok bisa smpai pakai org ngga bisa ngisi bensin jadinyaa
Pengguna Google,5,2026-01-11 19:26:06,Sangat memudahkan pembayaran bagi saya yang jarang menggunakan Cash. Cuma beberapa kali menemukan SPBU yang menolak dengan alasan jaringan bermasalah.,Positif,sangat mudah bayar bagi saya jarang guna cash cuma beberapa kali temu spbu tolak alas jaring masalah
Pengguna Google,5,2026-01-11 19:17:55,mantap,Positif,mantap
Pengguna Google,2,2026-01-11 18:05:58,setelah update nomer kendaraan ilang dan susah untuk di daftarkan ulang,Negatif,telah update nomer kendara ilang susah daftar ulang
Pengguna Google,2,2026-01-11 17:46:38,"tolong fungsi apk my pertamina yang katanya sebagai alat transaksi digital untuk diperbaiki lagi, jangan bikin kecewa pelanggan, jangan kau susahkan rakyatmu, dan jangan kau pikir kan perutmu sendiri",Negatif,tolong fungsi aplikasi my pertamina kata bagai alat transaksi digital baik lagi jangan bikin kecewa langgan jangan kau susah rakyat jangan kau pikir kan perut sendiri
Pengguna Google,5,2026-01-11 17:33:11,"sangat membantu jika di SPBU disediakan jalur khusus untuk yg bayar pakai my pertamina, terutama sepeda motor",Positif,sangat bantu jika spbu sedia jalur khusus bayar pakai my pertamina utama sepeda motor
Pengguna Google,1,2026-01-11 17:09:22,"pas login no telp udh sesuai tpi tulisanny format salah, coba reset password tetep format salah.. kocak bener dah",Negatif,pas login no telp udh sesuai tpi tulisanny format salah coba reset password tetep format salah kocak bener dah
Pengguna Google,1,2026-01-11 14:47:48,"aplikasi bikin ribet, mau daftar sangat lama prosesnya. dan lebih aneh lagi, yang memberi bintang 1 banyak tapi kok penilaiannya bintang 4,7",Negatif,aplikasi bikin ribet mau daftar sangat lama proses lebih aneh lagi beri bintang banyak tapi kok nilai bintang
Pengguna Google,4,2026-01-11 14:16:21,Ok,Positif,ok
Pengguna Google,5,2026-01-11 14:02:29,mau nyoba semoga berfungsi dengan baik dan memudahkan semestinya😁,Positif,mau nyoba moga fungsi baik mudah mesti
Pengguna Google,5,2026-01-11 11:03:36,bagus,Positif,bagus
Pengguna Google,5,2026-01-11 10:09:57,oke,Positif,oke
Pengguna Google,1,2026-01-11 09:15:07,"aplikasi celeng, gagal teros",Negatif,aplikasi celeng gagal ros
Pengguna Google,5,2026-01-11 09:10:59,Terimakasih atas pelayanannya,Positif,terimakasih atas layan
Pengguna Google,5,2026-01-11 07:53:21,dikit antrian,Positif,dikit antri
Pengguna Google,5,2026-01-10 22:33:57,sangat membantu kami dm,Positif,sangat bantu kami dm
Pengguna Google,1,2026-01-10 19:34:38,bagaimana respon nya daftar aja susah padahal data sudah lengkap,Negatif,bagaimana respon nya daftar aja susah padahal data sudah lengkap
Pengguna Google,1,2026-01-10 18:31:50,"Ini kenapa mau verifikasi selalu ditolak? Harus foto KTP yang gimana lagi? Dibilang editan udah dipegang pake tangan, udah ganti latar, udah foto full ktp nya aja masih juga dibilang editan!",Negatif,kenapa mau verifikasi selalu tolak harus foto ktp gimana lagi bilang edit udah pegang pake tangan udah ganti latar udah foto full ktp nya aja masih juga bilang edit
Pengguna Google,1,2026-01-10 18:30:12,"byr dr aplikasi My pertamina lalu d arahin lwt gopay pakai promo g bisa, buffering trus..",Negatif,byr dr aplikasi my pertamina lalu d arahin lwt gopay pakai promo g bisa buffering trus
Pengguna Google,5,2026-01-10 16:15:49,"mantap, mempermudah pembayaran",Positif,mantap mudah bayar
Pengguna Google,5,2026-01-10 15:07:19,Subsidi tepat buat lbh simple lagi dan efisien,Positif,subsidi tepat buat lbh simple lagi efisien
Pengguna Google,1,2026-01-10 14:46:36,apk kagak jelas mau login aja ribet,Negatif,aplikasi kagak jelas mau login aja ribet
Pengguna Google,5,2026-01-10 13:32:30,sangat membantu,Positif,sangat bantu
Pengguna Google,2,2026-01-10 13:31:29,semakin sulit utk menggunakannya.Tapi ada pihak yg bisa mendapatkan keuntungan dari kesulitan konsumen langsung.,Negatif,makin sulit utk menggunakannyatapi ada pihak bisa dapat untung sulit konsumen langsung
Pengguna Google,1,2026-01-10 08:54:07,"HABIS BELI E-VOUCHER, TAPI GAGAL BAYAR SAAT MAU PAKAI , EEEE VOUCHER.NYA TIDAK DI REFUND DONG , VOUCHER.NYA HANGUS",Negatif,habis beli evoucher tapi gagal bayar saat mau pakai eeee vouchernya tidak refund dong vouchernya hangus
Pengguna Google,1,2026-01-10 08:19:39,barcode saya kok diblokir??? padahal pengisian BBM cuma seminggu sekali gimana sih ini???,Negatif,barcode saya kok blokir padahal isi bbm cuma minggu sekali gimana sih
Pengguna Google,1,2026-01-10 07:50:45,"Status transaksi pembeli berhasil, tetapi status dari petugas gagal. Tolong segera diperbaiki karena merepotkan kedua belah pihak",Negatif,status transaksi beli hasil tetapi status tugas gagal tolong segera baik karena repot dua belah pihak
Pengguna Google,5,2026-01-10 03:07:15,sangat muda,Positif,sangat muda
Pengguna Google,5,2026-01-09 22:20:46,mantap,Positif,mantap
Pengguna Google,5,2026-01-09 20:14:24,good,Positif,good
Pengguna Google,5,2026-01-09 17:55:26,Sangat membantu dan mudah digunakan,Positif,sangat bantu mudah guna
Pengguna Google,1,2026-01-09 16:31:49,aplikasi paling buruk!,Negatif,aplikasi paling buruk
Pengguna Google,5,2026-01-09 15:04:38,pengisian mudah karena pengsir sudah jauh berkurang,Positif,isi mudah karena sir sudah jauh kurang
Pengguna Google,5,2026-01-09 14:25:19,jos,Positif,jos
Pengguna Google,1,2026-01-09 13:49:56,bug melulu,Negatif,bug melulu
Pengguna Google,5,2026-01-09 12:47:26,sangat membantu,Positif,sangat bantu
Pengguna Google,1,2026-01-09 11:33:46,bobrok.,Negatif,bobrok
Pengguna Google,2,2026-01-09 05:45:59,"kenapa ni tidak bisa tambah kendaraan subsidi tepat... di coba selalu gagal... maaf di coba lagi berapa saat, (itu pemberitahuan nya dari my Pertamina)🤔🤔🤔🤔 ... kesalahan nya dimana ya?",Negatif,kenapa ni tidak bisa tambah kendara subsidi tepat coba selalu gagal maaf coba lagi berapa saat pemberitahuan nya my pertamina salah nya mana ya
Pengguna Google,5,2026-01-08 19:25:33,praktis & modern,Positif,praktis modern
Pengguna Google,5,2026-01-08 18:43:16,memudahkan,Positif,mudah
Pengguna Google,5,2026-01-08 17:45:13,Bagus,Positif,bagus
Pengguna Google,5,2026-01-08 17:41:28,sangat memuaskan,Positif,sangat muas
Pengguna Google,1,2026-01-08 15:54:29,"gak mampu mengelola aplikasi, kode verifikasi saja tidak dikirim kirim",Negatif,gak mampu kelola aplikasi kode verifikasi saja tidak kirim kirim
Pengguna Google,5,2026-01-08 13:18:04,izin pak kenapa Barcode mobil saya di katakan pihak SPBU kadaluarsa . saya di suruh perbaharui data. setelah saya perbaharui dari aplikasi ini terus2 an gagal .sehingga saya tidak bisa memakai barcode tersebut. tolong di bantu pak,Positif,izin pak kenapa barcode mobil saya kata pihak spbu kadaluarsa saya suruh baharu data telah saya baharu aplikasi terus an gagal sehingga saya tidak bisa pakai barcode sebut tolong bantu pak
Pengguna Google,1,2026-01-08 11:50:40,"verifikasi nya 14hari lama.ini negara yang katanya negara besar kah? gini amat dibikin ribet.udah laporan via email juga susah yang jawab malah Cs nya Gonta ganti,Loren,dilan,jeni,ella",Negatif,verifikasi nya hari lamaini negara kata negara besar kah gin amat bikin ribetudah lapor via email juga susah jawab malah cs nya gonta gantilorendilanjeniella
Pengguna Google,1,2026-01-08 11:07:52,aplikasi tolol bodoh. cuma orang pertamina yang bisq pake kalo rakyat biasa biar daftar 1000× tetep gak bisa.,Negatif,aplikasi tolol bodoh cuma orang pertamina bisq pake kalo rakyat biasa biar daftar tetep gak bisa
Pengguna Google,5,2026-01-08 10:38:23,mantaps dengan semua promo2 menariknya,Positif,mantaps semua promo tarik
Pengguna Google,1,2026-01-08 10:35:07,sangat sulit memperbaharui barcode setelah mutasi.. kenapa tidak di permudah cara registrasinya.. aturan di buat itu agar masyarakat mudah menggunakannya jangan malah nambah masalah..,Negatif,sangat sulit baharu barcode telah mutasi kenapa tidak mudah cara registrasi atur buat agar masyarakat mudah guna jangan malah nambah masalah
Pengguna Google,1,2026-01-08 08:34:39,barcon tidak dapat di lihat Dari aplikasi,Negatif,barcon tidak dapat lihat aplikasi
Pengguna Google,5,2026-01-08 08:10:05,sangat ok,Positif,sangat ok
Pengguna Google,5,2026-01-08 07:41:47,mudah untuk digunakan,Positif,mudah guna
Pengguna Google,5,2026-01-08 07:31:13,sangat baik,Positif,sangat baik
Pengguna Google,5,2026-01-07 23:57:24,berfungsi. trims,Positif,fungsi trims
Pengguna Google,5,2026-01-07 19:36:09,Penggunaan lancar timgkatkan,Positif,guna lancar timgkatkan
Pengguna Google,1,2026-01-07 19:12:38,"Daftar untuk kendaraan baru, setelah foto beberapa dokumen dan verifikasi hasilnya di blacklist dg keterangan foto dokumen STNK tdk terbaca....repot bin memyusahkan. Saran saya utk dokumen file diupload saja biar verifikasinya mudan dan cepat.",Negatif,daftar kendara baru telah foto beberapa dokumen verifikasi hasil blacklist dg terang foto dokumen stnk tidak terbacarepot bin memyusahkan saran saya utk dokumen file diupload saja biar verifikasi mud cepat
Pengguna Google,1,2026-01-07 18:28:00,"seampas ini apk susah banget buat daftar, padahal cuman butuh barcode, tapi kebanyakan cancincong buat daftar hdeh aplikasi g guna ngerepotin doang",Negatif,ampas aplikasi susah banget buat daftar padahal cuman butuh barcode tapi banyak cancincong buat daftar hdeh aplikasi g guna ngerepotin doang
Pengguna Google,5,2026-01-07 18:07:14,good apl,Positif,good apl
Pengguna Google,5,2026-01-07 18:05:46,pelayanan bagus &memuaskan Terima kasih,Positif,layan bagus muas terima kasih
Pengguna Google,5,2026-01-07 15:55:52,brguna,Positif,brguna
Pengguna Google,1,2026-01-07 15:02:05,"saya kredit mobil second,dan trus daftar my pertamina tp plat sudah terdaftar,saya coba daftar ulang tp selalu d tolak,emank anek aplikasi kita ini,bukannya mempermudah,malam mempersulit",Negatif,saya kredit mobil seconddan trus daftar my pertamina tp plat sudah terdaftarsaya coba daftar ulang tp selalu d tolakemank anek aplikasi kita inibukannya mempermudahmalam sulit
Pengguna Google,1,2026-01-07 14:47:31,gaada gunanya bikin repot hidup orang aja bikin ribet.,Negatif,gaada guna bikin repot hidup orang aja bikin ribet
Pengguna Google,5,2026-01-07 14:31:50,mantab..,Positif,mantab
Pengguna Google,1,2026-01-07 13:48:12,"aplikasi busuk, servernya gratisan atau gimana nih Pertamina, hellooooo. Saya daftar untuk subsidi tepat kok di aplikasi ataupun di laman resmi My Pertamina kok gak bisa di klik untuk bagian ""buat akun"", bagaimana ini perusahaan bobrok..",Negatif,aplikasi busuk servernya gratis atau gimana nih pertamina hellooooo saya daftar subsidi tepat kok aplikasi atau laman resmi my pertamina kok gak bisa klik bagi buat akun bagaimana usaha bobrok
Pengguna Google,5,2026-01-07 12:49:41,"Ok bgt My Pe4tamina , membantu sy utk pembayaran",Positif,ok banget my petamina bantu sy utk bayar
Pengguna Google,1,2026-01-07 11:54:07,aneh sekali plat mobil baru kok gak bisa daftar di my pertamina di tolak karena sudah digunakan...padahal plat baru..135 nya gk bisa di hubungi..email nya gk ada respon...parah pertamina,Negatif,aneh sekali plat mobil baru kok gak bisa daftar my pertamina tolak karena sudah digunakanpadahal plat baru nya tidak bisa hubungiemail nya tidak ada responparah pertamina
Pengguna Google,1,2026-01-07 05:17:04,apk burik muter terus kagak henti henti,Negatif,aplikasi burik muter terus kagak henti henti
Pengguna Google,2,2026-01-06 21:13:46,Semenjak pembaruan jadi ga ada history isi bahan bakar d pom bensin mana ajah,Negatif,semenjak baru jadi tidak ada history isi bahan bakar d pom bensin mana ajah
Pengguna Google,1,2026-01-06 20:13:56,"aplikasi tidak jelas, di wa udh terdaftar nmr kendaraan, tp di aplikasi ini blm terdaftar",Negatif,aplikasi tidak jelas wa udh daftar nmr kendara tp aplikasi blm daftar
Pengguna Google,5,2026-01-06 19:06:17,"bagus, tidak perlu bawa uang cash",Positif,bagus tidak perlu bawa uang cash
Pengguna Google,1,2026-01-06 18:35:41,parah nopol belum pernah didaptarin pas di daptarin ga bisa. karna nopol sudah terdaptar,Negatif,parah nopol belum pernah didaptarin pas daptarin tidak bisa karna nopol sudah terdaptar
Pengguna Google,1,2026-01-06 16:46:11,cemana nya my pertamina ini sudah lengkap data nya masa di bilang roda 2 padahal sudah jelas roda 4 di suruh hubungi 135 malah engga bisa tolong dong di perbaiki minimal respon nya ada,Negatif,cemana nya my pertamina sudah lengkap data nya masa bilang roda padahal sudah jelas roda suruh hubung malah engga bisa tolong dong baik minimal respon nya ada
Pengguna Google,1,2026-01-06 16:03:16,"APLIKASI PALING RIBET DAN LELET.MAU BIKIN BARCODE MALAH DI PERSUSAH.MENDING HAPUS AJA DAH IZIN APLIKASI INI..MANA MAU REPORT ADMIN,ADMIN NYA LELET KALIIII.UDAH KIRIM EMAIL GAK DIBALES.JUJUR INI APLIKASI PALING AMPAS",Negatif,aplikasi paling ribet leletmau bikin barcode malah persusahmending hapus aja dah izin aplikasi inimana mau report adminadmin nya lelet kaliiiiudah kirim email gak dibalesjujur aplikasi paling ampas
Pengguna Google,1,2026-01-06 15:06:52,Sangat kecewa padahal sudah antri chat online tapi gak pernah bisa terhubung dan kembali ke antrian 73 lagi. Dah nunggu seharian tapi tetep aja gak bisa,Negatif,sangat kecewa padahal sudah antri chat online tapi gak pernah bisa hubung kembali antri lagi dah nunggu hari tapi tetep aja gak bisa
Pengguna Google,5,2026-01-06 14:55:20,ok,Positif,ok
Pengguna Google,1,2026-01-06 14:40:05,"susah sekali digunakan aplikasi mypertamina,saya sudah keliling dari pom bensin pahlawan tutup,pom bensin simpang polda tutup,trakhir didemang tutup jg jadi bwt apa kami disuruh downl aplikasih mypertamina klw gak bisa digunakan alasannya gak ada jaga khusus aplikasi,klw Abusamah sama plaju selalu standby.tolong dibina lagi karyawannya,khusus Palembang Sumatra Selatan.#kamu ni mau beli bukan mau ngutang..",Negatif,susah sekali guna aplikasi mypertaminasaya sudah keliling pom bensin pahlawan tutuppom bensin simpang polda tutuptrakhir demang tutup jg jadi bwt apa kami suruh downl aplikasih mypertamina klw gak bisa guna alas gak ada jaga khusus aplikasiklw abusamah sama plaju selalu standbytolong bina lagi karyawannyakhusus palembang sumatra selatankamu ni mau beli bukan mau ngutang
Pengguna Google,1,2026-01-06 14:06:09,jelek sekali verifikasi lama & selalu ditolak. terlalu ribet... beli tinggal beli ajja pakai aplikasi segala,Negatif,jelek sekali verifikasi lama selalu tolak terlalu ribet beli tinggal beli ajja pakai aplikasi segala
Pengguna Google,5,2026-01-06 13:45:35,baik,Positif,baik
Pengguna Google,5,2026-01-06 13:32:11,mantab,Positif,mantab
Pengguna Google,1,2026-01-06 12:36:34,"apk aneh , mau daptarin biar dapat barcode kaga bisa Mulu 😡",Negatif,aplikasi aneh mau daptarin biar dapat barcode kaga bisa mulu
Pengguna Google,5,2026-01-06 12:31:11,luar biasa,Positif,luar biasa
Pengguna Google,1,2026-01-06 11:54:35,mau masuk aja susah,Negatif,mau masuk aja susah
Pengguna Google,1,2026-01-06 11:12:47,sistem tolol... mau hapus akun aja gak bisa,Negatif,sistem tolol mau hapus akun aja gak bisa
Pengguna Google,5,2026-01-06 10:35:24,simpel,Positif,simpel
Pengguna Google,1,2026-01-06 10:16:12,"sering eror pas mau transaksi,dan beberapa kali tdk jadi pengisian karena data sdh keburu di input",Negatif,sering eror pas mau transaksidan beberapa kali tidak jadi isi karena data sdh keburu input
Pengguna Google,1,2026-01-06 09:57:31,saat mau daftar dan isi data pas di kelurahan gak bisa dan GK ada pilihan.m sudah seminggu lebih dicoba ulang sama sja.. aplikasi payah,Negatif,saat mau daftar isi data pas lurah gak bisa tidak ada pilihanm sudah minggu lebih coba ulang sama sja aplikasi payah
Pengguna Google,5,2026-01-06 09:26:48,Ok,Positif,ok
Pengguna Google,5,2026-01-06 09:14:25,mantap,Positif,mantap
Pengguna Google,5,2026-01-06 08:39:34,bagus sih apk ini,Positif,bagus sih aplikasi
Pengguna Google,1,2026-01-06 07:07:16,reset password aja susahnya minta ampun!.,Negatif,reset password aja susah minta ampun
Pengguna Google,5,2026-01-06 05:50:17,Berkah 1000x,Positif,berkah x
Pengguna Google,1,2026-01-06 00:13:44,"sulit barkotnya susah sekali untuk di dapatkan, pas daftar di tolak mulu",Negatif,sulit barkotnya susah sekali dapat pas daftar tolak mulu
Pengguna Google,5,2026-01-05 23:24:29,praktis dan simple,Positif,praktis simple
Pengguna Google,1,2026-01-05 21:32:03,janga terapkan call center kalau ga di respon,Negatif,janga terap call center kalau tidak respon
Pengguna Google,1,2026-01-05 21:22:17,"laporan via apk my pertamina gak di respon dan kirim gmail juga gak di respon.. saya isi pertamax 27ribu transaksi gagal tapi saldo saya berkurang, nah petuga SPBU suruh isi lagi 27ribu pertamax baru berhasil transaksi nya, 27ribu yg gagal tidak balik lagi ke saldo saya, tolong lah edukasi dan cari solusinya",Negatif,lapor via aplikasi my pertamina gak respon kirim gmail juga gak respon saya isi pertamax ribu transaksi gagal tapi saldo saya kurang nah petuga spbu suruh isi lagi ribu pertamax baru hasil transaksi nya ribu gagal tidak balik lagi saldo saya tolong lah edukasi cari solusi
Pengguna Google,5,2026-01-05 21:20:25,mantap,Positif,mantap
Pengguna Google,5,2026-01-05 20:41:42,aplikasi Mypertamina sangat membantu dan mempermudah untuk pengisian bbm,Positif,aplikasi mypertamina sangat bantu mudah isi bbm
Pengguna Google,5,2026-01-05 20:16:42,"Dicoba dulu,sblm disebar...rasakan dl ..ok",Positif,coba dulusblm disebarrasakan dl ok
Pengguna Google,1,2026-01-05 19:46:53,"aplikasi rusak, tidak bisa daftar",Negatif,aplikasi rusak tidak bisa daftar
Pengguna Google,5,2026-01-05 19:20:51,Praktis. ga lama. ga harus nungguin kembalian.,Positif,praktis tidak lama tidak harus nungguin kembali
Pengguna Google,1,2026-01-05 18:49:03,"apk dongo susah bangat di apa apain nya , mau daftar susah salah nik mlu padahal udh bener , giliran udh bener harus pake safari, google update padahal udh update tr udah bisa data diri di tolak mulu , gajelas tod , udah paling bener pake shell . ntr di bales mimin membutuhkan data tambahan atau bisa hubungi 135 wkwk blok basi bobrok",Negatif,aplikasi dongo susah bangat apa apain nya mau daftar susah salah nik mlu padahal udh bener gilir udh bener harus pake safari google update padahal udh update tr udah bisa data diri tolak mulu gajelas tod udah paling bener pake shell ntr bales mimin butuh data tambah atau bisa hubung wkwk blok basi bobrok
Pengguna Google,5,2026-01-05 18:01:45,ngapa saya ngk bisa bukak my Pertamina subsidi.,Positif,ngapa saya ngk bisa bukak my pertamina subsidi
Pengguna Google,5,2026-01-05 16:51:28,oke,Positif,oke
Pengguna Google,5,2026-01-05 16:30:42,bagus,Positif,bagus
Pengguna Google,5,2026-01-05 16:00:59,mantaf,Positif,mantaf
Pengguna Google,1,2026-01-05 15:51:32,"APK SEKELAS BUMN , GAK ADA FITUR LIVE CHAT , KALAH SAMA SITUS SLOT FITURNYA 👎👎👎",Negatif,aplikasi kelas bumn gak ada fitur live chat kalah sama situs slot fiturnya
Pengguna Google,1,2026-01-05 14:09:17,"pakai gopay pembayaran,tapi e voucher di arahkan ke link aja..pantesan beli voucher bensin pakai point gojek driver tidak ada.dan voucher yang di beli tida bisa gunakan..sama saja nipu",Negatif,pakai gopay pembayarantapi e voucher arah link ajapantesan beli voucher bensin pakai point gojek driver tidak adad voucher beli tida bisa gunakansama saja nipu
Pengguna Google,5,2026-01-05 12:44:11,sangat penting,Positif,sangat penting
Pengguna Google,5,2026-01-05 11:07:08,saya berharap semua SPBU Pertamina semuanya bisa pembayaran pake my Pertamina karena masih ada yang belom bisa mksh,Positif,saya harap semua spbu pertamina semua bisa bayar pake my pertamina karena masih ada bom bisa mksh
Pengguna Google,5,2026-01-05 11:05:51,mantab,Positif,mantab
Pengguna Google,1,2026-01-05 09:43:01,daftarin kendaraan kok di tolak terus ..solusi nya apa dong kalo daftarin kendaraan di tolakk ngga ada keterangan atau solusii nya,Negatif,daftarin kendara kok tolak terus solusi nya apa dong kalo daftarin kendara tolakk ngga ada terang atau solusi nya
Pengguna Google,5,2026-01-05 07:02:03,isi pertamax turbo bikin performa mesin baik,Positif,isi pertamax turbo bikin performa mesin baik
Pengguna Google,1,2026-01-05 01:46:57,percuma setiap mau isi bbm pake app my pertamina blm tentu bisa kata operator spbu eror,Negatif,percuma tiap mau isi bbm pake app my pertamina blm tentu bisa kata operator spbu eror
Pengguna Google,1,2026-01-04 21:50:09,"kadang ngebug tolong perbaiki pas mau bayar qr lama bet loding nya buka yt buka apa lancar, nanti bintang 5 klo gak bakal lgi bermasalah",Negatif,kadang ngebug tolong baik pas mau bayar qr lama bet loding nya buka yt buka apa lancar nanti bintang klo gak bakal lgi masalah
Pengguna Google,1,2026-01-04 21:36:29,"setelah di update malah data hilang semua, ditambah untuk mendaftarnya pun susahnya minta ampun. bobrok.",Negatif,telah update malah data hilang semua tambah daftar pun susah minta ampun bobrok
Pengguna Google,1,2026-01-04 20:15:58,bukan mempermudah malah ribet minta ampun sumpah bikin barcode solar untuk tangan kedua susahnya minta ampun... banyak yang doain buruk ini mah,Negatif,bukan mudah malah ribet minta ampun sumpah bikin barcode solar tangan dua susah minta ampun banyak doain buruk mah
Pengguna Google,5,2026-01-04 19:39:46,pembayaran jadi lebih mudah,Positif,bayar jadi lebih mudah
Pengguna Google,5,2026-01-04 18:36:11,bagus,Positif,bagus
Pengguna Google,1,2026-01-04 17:28:04,"mau daftar BBM subsidi sulit padahal kendaraan satu""nya dan baru balik nama plat nomor baru tp katanya udah terpakai",Negatif,mau daftar bbm subsidi sulit padahal kendara satu baru balik nama plat nomor baru tp kata udah pakai
Pengguna Google,1,2026-01-04 16:18:44,aplikasi bobrokkkk,Negatif,aplikasi bobrokkkk
Pengguna Google,5,2026-01-04 14:29:53,lancar selalu..amiin ya Allah,Positif,lancar selaluamiin ya allah
Pengguna Google,1,2026-01-04 14:04:05,mending apus aja ni apk ga guna malah nyusahin,Negatif,mending apus aja ni aplikasi tidak guna malah nyusahin
Pengguna Google,5,2026-01-04 13:34:12,baik,Positif,baik
Pengguna Google,5,2026-01-04 11:50:51,bagus,Positif,bagus
Pengguna Google,5,2026-01-04 11:45:58,mantul Pertamina,Positif,mantul pertamina
Pengguna Google,5,2026-01-04 10:27:10,layanan bagus oke banget 🙏,Positif,layan bagus oke banget
Pengguna Google,1,2026-01-04 10:07:46,mau daftar barcode dicoba berulang kali nggak bisa bisa..niat nggak sih,Negatif,mau daftar barcode coba ulang kali nggak bisa bisaniat nggak sih
Pengguna Google,5,2026-01-04 08:54:40,lancar untuk penggunaan aplikasi ini,Positif,lancar guna aplikasi
Pengguna Google,1,2026-01-04 02:18:34,payment lewat bank apapun langsung kepotong tapi transaksi nya ga ada di pomnya udah 2 minggu lebih ga ada konfirmasi saldonya bakal kembali selalu dapet jawaban sedang dalam tanggapan terus mana nilainya 120 rb... saran aja nih buat yang bikin aplikasi... kalo ga bisa bayar pake bank mending di hapus aja udah banyak yang kejadian begini saldo kepotong tapi transaksi gagal,Negatif,payment lewat bank apa langsung potong tapi transaksi nya tidak ada pomnya udah minggu lebih tidak ada konfirmasi saldo bakal kembali selalu dapet jawab sedang dalam tanggap terus mana nilai rb saran aja nih buat bikin aplikasi kalo tidak bisa bayar pake bank mending hapus aja udah banyak jadi begini saldo potong tapi transaksi gagal
Pengguna Google,1,2026-01-03 23:03:28,I don't know what to say,Negatif,i dont know what to say
Pengguna Google,5,2026-01-03 22:54:12,keren,Positif,keren
Pengguna Google,1,2026-01-03 19:36:38,di aplikasi ada pertalite di pom bensin nya tidak ada jalur khusus nya,Negatif,aplikasi ada pertalite pom bensin nya tidak ada jalur khusus nya
Pengguna Google,5,2026-01-03 19:27:06,ok,Positif,ok
Pengguna Google,5,2026-01-03 18:44:21,ok,Positif,ok
Pengguna Google,5,2026-01-03 17:18:06,mantap,Positif,mantap
Pengguna Google,5,2026-01-03 16:09:31,"mantab, terimakaeih",Positif,mantab terimakaeih
Pengguna Google,1,2026-01-03 13:08:58,buat apa ada aplikasi ini kalo di spbunya aja mesih bilang belum bisa lucu 😂😂,Negatif,buat apa ada aplikasi kalo spbunya aja mesih bilang belum bisa lucu
Pengguna Google,1,2026-01-03 10:13:19,bobrok,Negatif,bobrok
Pengguna Google,5,2026-01-03 10:07:37,semoga bermanfaat,Positif,moga manfaat
Pengguna Google,1,2026-01-03 09:04:40,Daftar barcode aja ga bisa,Negatif,daftar barcode aja tidak bisa
Pengguna Google,1,2026-01-03 08:35:54,aplikasi gk guna,Negatif,aplikasi tidak guna
Pengguna Google,5,2026-01-03 08:33:04,oke,Positif,oke
Pengguna Google,5,2026-01-03 08:05:02,membantu bgt,Positif,bantu banget
Pengguna Google,1,2026-01-03 07:58:06,update nopol baru susahnya minta ampun. gagal 2 terus.,Negatif,update nopol baru susah minta ampun gagal terus
Pengguna Google,1,2026-01-03 00:21:53,"pas mau isi di spbu Pertamina, Dibilang katanya gabisa Qris, nah terus saya Pakai My Pertamina, saya top up 400 ribu untuk sekali isi, nah pas saya sudah selesai top up saldo sdh masuk, tetapi pas mau bayar (buka kamera) gabisa. Jujur agak Kecewa mohon kedepannya di Update aplikasi nya agar Pembayaran bisa dilakukan dengan gampang dan mohon Persebaran Qris di Spbu Pertamina di Sebarkan dengan Merata agar opsi pembayaran semakin banyak ga cuma My Pertamina/Tunai!!",Negatif,pas mau isi spbu pertamina bilang kata gabisa qris nah terus saya pakai my pertamina saya top up ribu sekali isi nah pas saya sudah selesai top up saldo sdh masuk tetapi pas mau bayar buka kamera gabisa jujur agak kecewa mohon depan update aplikasi nya agar bayar bisa laku gampang mohon sebar qris spbu pertamina sebar rata agar opsi bayar makin banyak tidak cuma my pertaminatunai
Pengguna Google,5,2026-01-02 22:44:26,baik,Positif,baik
Pengguna Google,1,2026-01-02 20:41:32,susah login,Negatif,susah login
Pengguna Google,4,2026-01-02 20:33:28,oke,Positif,oke
Pengguna Google,4,2026-01-02 19:44:32,"Sangat membantu dalam Transaksi di SPBU, tapi sayang saat Di ""UPDATE"" data jadi pada hilang, harus mulai dari awal lagi... 😩😩",Positif,sangat bantu dalam transaksi spbu tapi sayang saat update data jadi hilang harus mulai awal lagi
Pengguna Google,5,2026-01-02 19:16:15,baik,Positif,baik
Pengguna Google,1,2026-01-02 19:06:32,pembayaran tunai tidak berlaku di sebagian spbu,Negatif,bayar tunai tidak laku bagi spbu
Pengguna Google,1,2026-01-02 18:59:40,"aplikasi bumn tapi macam sampah kaga bisa login dengan kesalahan dibagian nomor handphone.. katanya format salah.. di email kaga dibalas ,trus mau ngadu kemana...?",Negatif,aplikasi bumn tapi macam sampah kaga bisa login salah bagi nomor handphone kata format salah email kaga balas trus mau ngadu mana
Pengguna Google,1,2026-01-02 18:40:42,"mbok ya klo mo rubah aturan ad sosialisasi dulu, gara"" plat msh hitam pas bikin barcode skrg ud ganti plat putih jd ga bs isi pertalite pdhl mobil sama dan no plat jg ga berubah......",Negatif,mbok ya klo mo rubah atur ad sosialisasi dulu gara plat msh hitam pas bikin barcode skrg ud ganti plat putih jd tidak bs isi pertalite pdhl mobil sama no plat jg tidak ubah
Pengguna Google,5,2026-01-02 18:35:39,Baik sekali,Positif,baik sekali
Pengguna Google,2,2026-01-02 17:30:38,baik,Negatif,baik
Pengguna Google,1,2026-01-02 17:09:30,"saya, tidak bisa mendaftarkan KTP Saya, untuk subsidi tepat tolong. bantuannya🙏🙏🙏 My Pertamina",Negatif,saya tidak bisa daftar ktp saya subsidi tepat tolong bantu my pertamina
Pengguna Google,1,2026-01-02 16:33:45,"barusan ngbrol sm petugas spbu, metode pembayaran yg lancar cuman bank mandiri sm e-wallet gopay, sisa ny sering error dan utk bank BNI blm ad yg cb ngisi bbm ny, kata ny error tsb krn sinyal kata IT ny. mhn pihak pertamina evaluasi betul, krn dg sistem my pertamina ini trutama pom yg menyediakan antrian motor khusus app sgt mmbantu skali",Negatif,barusan ngbrol sm tugas spbu metode bayar lancar cuman bank mandiri sm ewallet gopay sisa ny sering error utk bank bni blm ad cb ngisi bbm ny kata ny error tsb krn sinyal kata it ny mhn pihak pertamina evaluasi betul krn dg sistem my pertamina trutama pom sedia antri motor khusus app sgt mmbantu skali
Pengguna Google,1,2026-01-02 15:45:37,"Sistemnya bermasalah malah menyusahkan pengendara roda 4,sudah 3 mobil yang didaftarkan cuma 1 yang di verifikasi padahal identitas jelas,stnk jelas atas nama sendiri",Negatif,sistem masalah malah susah kendara roda sudah mobil daftar cuma verifikasi padahal identitas jelasstnk jelas atas nama sendiri
Pengguna Google,5,2026-01-02 14:37:02,barcode saya ga bisa d pake,Positif,barcode saya tidak bisa d pake
Pengguna Google,1,2026-01-02 14:18:58,"menyusahkan sudah berulangkali di daftarkan masih saja gagal barcode tidak bisa di ambil sudah lewat link, lewat apk tidak bisa di claim mempersulit costumer padahal di lapangan banyak yang isi lewat gelon",Negatif,susah sudah berulangkali daftar masih saja gagal barcode tidak bisa ambil sudah lewat link lewat aplikasi tidak bisa claim sulit costumer padahal lapang banyak isi lewat gelon
Pengguna Google,5,2026-01-02 13:46:09,terimakasih mypertamina,Positif,terimakasih mypertamina
Pengguna Google,5,2026-01-02 13:36:22,mantap sekali,Positif,mantap sekali
Pengguna Google,5,2026-01-02 11:43:43,barcode di blokir,Positif,barcode blokir
Pengguna Google,5,2026-01-02 10:11:30,ok,Positif,ok
Pengguna Google,5,2026-01-02 08:30:05,oke,Positif,oke
Pengguna Google,5,2026-01-02 07:41:21,mantap,Positif,mantap
Pengguna Google,1,2026-01-02 04:36:44,"kenapa ga bisa di pakai di spbu memakai ovo, gagal terus",Negatif,kenapa tidak bisa pakai spbu pakai ovo gagal terus
Pengguna Google,5,2026-01-01 20:49:18,saya dengan mudah mengupdate dan regestrasi mypertamina trimakasih,Positif,saya mudah mengupdate regestrasi mypertamina trimakasih
Pengguna Google,5,2026-01-01 19:50:49,mantaaap,Positif,mantaaap
Pengguna Google,1,2026-01-01 17:54:30,"verifikasi KTP yang selalu di tolak, katanya terindikasi editan .. Lawak 🤣🤣 .. padahal jelas2 tulisan dah jelas gak ada yg blurr .. huhuhu 🤭🤭🤭",Negatif,verifikasi ktp selalu tolak kata indikasi edit lawak padahal jelas tulis dah jelas gak ada blurr huhuhu
Pengguna Google,2,2026-01-01 17:49:02,"Saya baru saja membeli mobil bekas ketika saya mau mengisi minyak di Pertamina tidak bisa karena harus ada barcode, dan ketika saya mendaftar kode barcode gagal terus, dan ditulak terus ,lebih dari seminggu saya mencobanya tetap tidak bisa.",Negatif,saya baru saja beli mobil bekas ketika saya mau isi minyak pertamina tidak bisa karena harus ada barcode ketika saya daftar kode barcode gagal terus tulak terus lebih minggu saya coba tetap tidak bisa
Pengguna Google,1,2026-01-01 17:24:29,"evaluasi metode pembayaran bca one klik, udh mh ribet tiap transaksi hrs OTP dlu sm hari ini kata ptugas pom saldo konsumen terpotong tp g masuk ke rekening pom. jauh bgt sm via bank mandiri",Negatif,evaluasi metode bayar bca one klik udh mh ribet tiap transaksi hrs otp dlu sm hari kata ptugas pom saldo konsumen potong tp g masuk rekening pom jauh banget sm via bank mandiri
Pengguna Google,5,2026-01-01 17:22:19,ok,Positif,ok
Pengguna Google,5,2026-01-01 16:41:11,mantap,Positif,mantap
Pengguna Google,5,2026-01-01 16:09:26,oke,Positif,oke
Pengguna Google,4,2026-01-01 16:05:55,"hai admin my pertamina, tolong donk selain pin bisa pakai finger login",Positif,hai admin my pertamina tolong donk selain pin bisa pakai finger login
Pengguna Google,5,2026-01-01 15:23:10,ok sample,Positif,ok sample
Pengguna Google,5,2026-01-01 14:09:17,"applikasi sangat baik untuk beli BBM, dapat diskon lagi",Positif,applikasi sangat baik beli bbm dapat diskon lagi
Pengguna Google,5,2026-01-01 13:00:10,baru coba pake my Pertamina lancar.,Positif,baru coba pake my pertamina lancar
Pengguna Google,5,2026-01-01 12:23:09,baik dan praktis,Positif,baik praktis
Pengguna Google,5,2026-01-01 11:31:17,cocok nih pas bgt...kalo isi bensin ga bawa uang cash bisa bayar pake my pertamina,Positif,cocok nih pas bgtkalo isi bensin tidak bawa uang cash bisa bayar pake my pertamina
Pengguna Google,5,2026-01-01 10:27:29,lyar biasa pelayanannya,Positif,lyar biasa layan
Pengguna Google,5,2026-01-01 10:02:06,sip banget kl g bw uang cash,Positif,sip banget kl g bw uang cash
Pengguna Google,5,2026-01-01 09:17:30,mantap,Positif,mantap
Pengguna Google,1,2026-01-01 09:14:52,"Aplikasi gak jelas,, tidak bisa membuat qr susbsidi, alasan foto sama dengan yg sudah dimasukan. Korupsi aja semuanya",Negatif,aplikasi gak jelas tidak bisa buat qr susbsidi alas foto sama sudah masuk korupsi aja semua
Pengguna Google,2,2026-01-01 06:54:34,"minta tolong klo mau daftar barcode login nya dipermudah, reset nopol lama, login ribet",Negatif,minta tolong klo mau daftar barcode login nya mudah reset nopol lama login ribet
Pengguna Google,5,2026-01-01 06:43:55,"Admin yang baik hati, masukan konsumen nih. tolong kalo reset poin akhir desember, poin yang di dapat di desember jangan ikut reset dong. kan bisa close poin yang di dapat bulan november aja...",Positif,admin baik hati masuk konsumen nih tolong kalo reset poin akhir desember poin dapat desember jangan ikut reset dong kan bisa close poin dapat bulan november aja
Pengguna Google,5,2026-01-01 05:56:14,"aplikasinya sdh bagus dan membaik, dan untuk layanan PDSnya masih perlu ditingkatkan llagi",Positif,aplikasi sdh bagus baik layan pdsnya masih perlu tingkat llagi
Pengguna Google,5,2026-01-01 00:11:58,membantu banget. terimakasih,Positif,bantu banget terimakasih
Pengguna Google,1,2025-12-31 23:44:01,Aplikasi babi... bintang 1 pun gk cocok kau....pertamina indonesia bobrok,Negatif,aplikasi babi bintang pun tidak cocok kaupertamina indonesia bobrok
Pengguna Google,5,2025-12-31 22:28:45,Sangat Membantu Pembayaran,Positif,sangat bantu bayar
Pengguna Google,5,2025-12-31 21:23:01,nice,Positif,nice
Pengguna Google,5,2025-12-31 21:00:03,pelayanan ya sangat memuaskan,Positif,layan ya sangat muas
Pengguna Google,1,2025-12-31 18:52:48,Akun tiba tiba terblokir..🔥🔥,Negatif,akun tiba tiba blokir
Pengguna Google,1,2025-12-31 16:23:58,"minimal kalau mau nyusahin jangan nanggung nanggung,sekalian aja kosongin seluruh BBM di Indonesia,jadi tidak ada yang pake kendaraan bermotor lagi,mau daftar susahnya minta ampun,giliran ditolak kemudian dihapus harus nunggu 1×24 jam lagi!!!",Negatif,minimal kalau mau nyusahin jangan nanggung nanggungsekalian aja kosongin seluruh bbm indonesiajadi tidak ada pake kendara motor lagimau daftar susah minta ampungiliran tolak kemudian hapus harus nunggu jam lagi
Pengguna Google,4,2025-12-31 15:35:04,lumayan makan waktu yah,Positif,lumayan makan waktu yah
Pengguna Google,1,2025-12-31 14:10:23,"cs tolol, diauruh ganti posisi foto dan lokasi jg. disuruh platnya harus tertempel dengan sempurna harus dibaut. dll. apk gk bener sudah difoto sesuai arahan tapi tetap saja ditolak. buat emosi saja csnya. sudah berkali2 tlp cs 135 namun jawabannya sama. tidak ada solusi",Negatif,cs tolol diauruh ganti posisi foto lokasi jg suruh platnya harus tempel sempurna harus baut dll aplikasi tidak bener sudah foto sesuai arah tapi tetap saja tolak buat emosi saja csnya sudah kali tlp cs namun jawab sama tidak ada solusi
Pengguna Google,5,2025-12-31 14:06:25,sangat membantu kami,Positif,sangat bantu kami
Pengguna Google,5,2025-12-31 13:24:39,"mudah,menyenangkan.",Positif,mudahmenyenangkan
Pengguna Google,4,2025-12-31 12:49:56,bagus efisien tapi terkadang sering gangguan sewaktu mau isi bbm..tidak bisa disambungkan ke ovo,Positif,bagus efisien tapi terkadang sering ganggu waktu mau isi bbmtidak bisa sambung ovo
Pengguna Google,5,2025-12-31 09:42:35,bagus.berguna,Positif,bagusberguna
Pengguna Google,5,2025-12-31 08:47:33,ok,Positif,ok
Pengguna Google,5,2025-12-31 08:46:40,mantap,Positif,mantap
Pengguna Google,5,2025-12-31 08:07:16,lebih baik,Positif,lebih baik
Pengguna Google,5,2025-12-30 22:39:12,oke,Positif,oke
Pengguna Google,5,2025-12-30 20:58:31,banyakin Lagi voucher gratis BBM nya,Positif,banyakin lagi voucher gratis bbm nya
Pengguna Google,5,2025-12-30 20:40:10,pelayanan sangat ramah,Positif,layan sangat ramah
Pengguna Google,1,2025-12-30 20:27:53,kok saya mau buat barcode mobil truk 6 roda yg muncul 2 roda kok gini sih myPertamina,Negatif,kok saya mau buat barcode mobil truk roda muncul roda kok gin sih mypertamina
Pengguna Google,1,2025-12-30 19:48:03,"Setiap kali memperbaiki identitas diri untuk mendapatkan barcode, selalu tidak ada update/pemberitahuan dari aplikasi, sudah beberapa kali mencoba memperbaiki tetap saja tidak mendapatkan hasil yang diinginkan, bagaimana rakyat bisa percaya pada aplikasi banyak minusnya seperti ini",Negatif,tiap kali baik identitas diri dapat barcode selalu tidak ada updatepemberitahuan aplikasi sudah beberapa kali coba baik tetap saja tidak dapat hasil ingin bagaimana rakyat bisa percaya aplikasi banyak minus seperti
Pengguna Google,2,2025-12-30 19:09:28,makin kesini makin susah barcode my pertamina saya di blokir. mau memperbarui nya gimana kok gak bisa bisa,Negatif,makin kesini makin susah barcode my pertamina saya blokir mau baru nya gimana kok gak bisa bisa
Pengguna Google,1,2025-12-30 17:57:38,APLIKASI YANG SANGAT RIBET,Negatif,aplikasi sangat ribet
Pengguna Google,1,2025-12-30 17:51:11,"aplikasi gak mutu, Warna TNKB di STNK jelas PUTIH, Warna Plat nomor juga putih, verifikasinya di tolak.",Negatif,aplikasi gak mutu warna tnkb stnk jelas putih warna plat nomor juga putih verifikasi tolak
Pengguna Google,1,2025-12-30 17:02:44,"sekarang pendaftaran barcode nya Pertamina lebih lama, dan sering pending nya lama, kendaraan yang di tolak, tidak bisa langsung di edit , kenapa perlu foto BPKB ulang, dan KLO di hapus data yang di tolak kenapa harus menunggu 1 x 24 jam, padahal kendaraan milik sendiri",Negatif,sekarang daftar barcode nya pertamina lebih lama sering pending nya lama kendara tolak tidak bisa langsung edit kenapa perlu foto bpkb ulang klo hapus data tolak kenapa harus tunggu x jam padahal kendara milik sendiri
Pengguna Google,1,2025-12-30 17:00:35,faktanya di lapangan hampir semua SPBU menolak pengisian pertalite melalui aplikasi ini. JD aplikasi ini gak ada manfaatnya.,Negatif,fakta lapang hampir semua spbu tolak isi pertalite lalu aplikasi jd aplikasi gak ada manfaat
Pengguna Google,5,2025-12-30 16:52:11,sangat bagus sekali,Positif,sangat bagus sekali
Pengguna Google,1,2025-12-30 16:33:40,"Tidak bisa mengubah data diri dan tempat tinggal, pada kolom Kecamatan dan Kelurahan di Sulawesi Utara. Aplikasi gak jelas dan belum selesai !!!",Negatif,tidak bisa ubah data diri tempat tinggal kolom camat lurah sulawesi utara aplikasi gak jelas belum selesai
Pengguna Google,2,2025-12-30 15:31:06,ribet gk bisa daftar,Negatif,ribet tidak bisa daftar
Pengguna Google,5,2025-12-30 15:26:57,"Barcode mobil saya ilang beserta hp nya jadi lupa sandi email dan skrg ga ada yg bisa bantu urus2 😭 saya klo isi Bensin pake pertamax trs , ada yg bisa bantu ga ya ?? gimana cara nya harus kemana saya urus nya ??",Positif,barcode mobil saya ilang serta hp nya jadi lupa sandi email skrg tidak ada bisa bantu urus saya klo isi bensin pake pertamax trs ada bisa bantu tidak ya gimana cara nya harus mana saya urus nya
Pengguna Google,5,2025-12-30 15:17:27,top pelayanan nya,Positif,top layan nya
Pengguna Google,5,2025-12-30 14:34:03,Alhamdulillah ojol paskot terbantu terimakasih pak Arga,Positif,alhamdulillah ojol paskot bantu terimakasih pak arga
Pengguna Google,5,2025-12-30 13:31:18,ok,Positif,ok
Pengguna Google,5,2025-12-30 13:19:42,"Game nya banyak bug gak seru, mending main mobil lejen beng beng",Positif,game nya banyak bug gak seru mending main mobil lejen beng beng
Pengguna Google,5,2025-12-30 11:50:39,good job,Positif,good job
Pengguna Google,1,2025-12-30 11:27:59,aplikasi gak jelas. bikin barcode baru mobil ganti plat susahnya minta ampun. semakin kesini semakin dipersulit mau beli bbm aja. ini mau beli bukan minta,Negatif,aplikasi gak jelas bikin barcode baru mobil ganti plat susah minta ampun makin kesini makin sulit mau beli bbm aja mau beli bukan minta
Pengguna Google,5,2025-12-30 11:19:13,good job,Positif,good job
Pengguna Google,1,2025-12-30 11:15:43,"APLIKASI JELEK. SUDAH NGANTRI LAMA DI SPBU MALAH EROR PULA. KATANYA JARINGAN EROR. BUKA YOUTUBE, INSTAGRAM BAHKAN KOMENTAR INI AJA LANCAR JARINGAN ATAU APLIKASINYA YANG EROR",Negatif,aplikasi jelek sudah ngantri lama spbu malah eror pula kata jaring eror buka youtube instagram bahkan komentar aja lancar jaring atau aplikasi eror
Pengguna Google,1,2025-12-30 10:29:13,"mau daftar tapi di kolom kecamatan tidak bisa di buka, kalau sudah bisa di buka di kasih bintang 5",Negatif,mau daftar tapi kolom camat tidak bisa buka kalau sudah bisa buka kasih bintang
Pengguna Google,5,2025-12-30 09:25:15,done gaesss,Positif,done gaesss
Pengguna Google,1,2025-12-30 09:24:38,servernya jelek bgt,Negatif,servernya jelek banget
Pengguna Google,5,2025-12-30 09:11:39,"Bagus, dan memudahkan bertransaksi",Positif,bagus mudah transaksi
Pengguna Google,5,2025-12-30 08:21:04,sangat mudah dan praktis.,Positif,sangat mudah praktis
Pengguna Google,1,2025-12-30 06:22:04,gak ada promo menarik,Negatif,gak ada promo tarik
Pengguna Google,1,2025-12-29 22:55:26,mau updte plat nomor baru malah akun ke blokir aplikasi gak jelas,Negatif,mau updte plat nomor baru malah akun blokir aplikasi gak jelas
Pengguna Google,1,2025-12-29 22:01:15,"setelah balik nama mobil , dan pemulihan akun malah gak bisa. dateng pun ke SPBU pemerintah yang katanya bisa bantu tetap aja , ga ada solusi nya hapuskan Barcode gak guna mempersulit iya..",Negatif,telah balik nama mobil pulih akun malah gak bisa dateng pun spbu perintah kata bisa bantu tetap aja tidak ada solusi nya hapus barcode gak guna sulit iya
Pengguna Google,1,2025-12-29 21:17:23,Menyusahkan...disuruh update barcode baru...berulang diupdate selalu ditolak alasan foto kendaraan mirip dengan foto kendaraan sebelum nya... Respon email diawal cepat untuk langsung isi data komplain...lalu setelah itu nggak respon solusinya ..,Negatif,menyusahkandisuruh update barcode baruberulang diupdate selalu tolak alas foto kendara mirip foto kendara belum nya respon email awal cepat langsung isi data komplainlalu telah nggak respon solusi
Pengguna Google,1,2025-12-29 21:02:35,"data pelanggan bisa dipakai sembarangan, kebocoran data, wah ini oknum pertaminanya, tolong perbaiki kinerja pelayanannya, sangat buruk sekali",Negatif,data langgan bisa pakai sembarang bocor data wah oknum pertaminanya tolong baik kerja layan sangat buruk sekali
Pengguna Google,1,2025-12-29 20:56:23,tidak sesuai. mobil r4 jadi kendaraan r2,Negatif,tidak sesuai mobil r jadi kendara r
Pengguna Google,5,2025-12-29 20:24:47,mantap,Positif,mantap
Pengguna Google,5,2025-12-29 16:14:01,pom bensin 31 memang ok pelayanan nya,Positif,pom bensin memang ok layan nya
Pengguna Google,1,2025-12-29 16:03:09,menyusahkan masyarakat miskin,Negatif,susah masyarakat miskin
Pengguna Google,5,2025-12-29 15:18:04,baguusss,Positif,baguusss
Pengguna Google,1,2025-12-29 12:16:19,"kendaraan saya blm pernah daftar untuk barcode, tapi ketika mau daftar barcode dengan aplikasi ini tidak bisa, dengan alasan nomor kendaraan saya sudah terdaftar",Negatif,kendara saya blm pernah daftar barcode tapi ketika mau daftar barcode aplikasi tidak bisa alas nomor kendara saya sudah daftar
Pengguna Google,5,2025-12-29 10:29:08,mantap pertamina,Positif,mantap pertamina
Pengguna Google,5,2025-12-29 09:01:31,cepat dan ramah.,Positif,cepat ramah
Pengguna Google,4,2025-12-29 08:50:04,bagus ada kemajuan App nya,Positif,bagus ada maju app nya
Pengguna Google,5,2025-12-29 08:21:05,naice,Positif,naice
Pengguna Google,1,2025-12-29 08:03:27,aplikasi apa ini masak akun ke blokir nlp customer servicenya ngabisin pulsa Sampek 60rb tp g ada hasilnya tetep aja ke blokir,Negatif,aplikasi apa masak akun blokir nlp customer servicenya ngabisin pulsa sampek rb tp g ada hasil tetep aja blokir
Pengguna Google,5,2025-12-29 07:20:22,sangat membantu,Positif,sangat bantu
Pengguna Google,5,2025-12-29 06:21:56,oke,Positif,oke
Pengguna Google,4,2025-12-28 20:26:56,"Saya kecewa udh daftar subsidinya bisa keluar sendiri akunnya, mau reset paswod gk bisa2, suruh coba terus udh 2 minggu dicoba gk bisa2. bikin repot aja.",Positif,saya kecewa udh daftar subsidi bisa keluar sendiri akun mau reset paswod tidak bisa suruh coba terus udh minggu coba tidak bisa bikin repot aja
Pengguna Google,5,2025-12-28 19:34:45,sangat cepet isi bensin pakai apk ini tampa antri,Positif,sangat cepet isi bensin pakai aplikasi tampa antri
Pengguna Google,4,2025-12-28 19:07:14,"tambahin menu untuk ucollect donk dari patraniaga,untuk kota yang sudah tersedia ,buat bantu program recycle minyak bekas",Positif,tambahin menu ucollect donk patraniagauntuk kota sudah sedia buat bantu program recycle minyak bekas
Pengguna Google,1,2025-12-28 18:53:45,"update malah bug, mengecewakan",Negatif,update malah bug kecewa
Pengguna Google,5,2025-12-28 17:55:26,posko nataru di rest area Pasuruan 😍,Positif,posko nataru rest area pasuruan
Pengguna Google,5,2025-12-28 16:59:11,mantap,Positif,mantap
Pengguna Google,5,2025-12-28 14:33:19,memuaskan,Positif,muas
Pengguna Google,5,2025-12-28 14:09:39,mudah,Positif,mudah
Pengguna Google,5,2025-12-28 13:16:33,praktis,Positif,praktis
Pengguna Google,1,2025-12-28 13:13:29,"aplikasi ga guna, masa pindah hp login aku barcode gak ada !",Negatif,aplikasi tidak guna masa pindah hp login aku barcode gak ada
Pengguna Google,5,2025-12-28 12:09:08,oke mantaps,Positif,oke mantaps
Pengguna Google,2,2025-12-28 11:57:01,mau reset password pak,Negatif,mau reset password pak
Pengguna Google,4,2025-12-28 10:47:20,nice,Positif,nice
Pengguna Google,1,2025-12-28 10:35:52,aplikasi eror waktu digunakan harus mengulang beberapa jam lagi,Negatif,aplikasi eror waktu guna harus ulang beberapa jam lagi
Pengguna Google,1,2025-12-28 09:48:06,"baru juga mau pake, pas udah d pom udah beberapa pom mypertamina ngga bisa katanya, peruma ada juga",Negatif,baru juga mau pake pas udah d pom udah beberapa pom mypertamina ngga bisa kata uma ada juga
Pengguna Google,5,2025-12-28 09:46:32,jangan dapat rintangan,Positif,jangan dapat rintang
Pengguna Google,5,2025-12-28 09:08:45,ok dan simpel👍,Positif,ok simpel
Pengguna Google,1,2025-12-28 07:57:56,berulang ulang TDK bisa msuk padhL sudah ektp...maki n ribet aja pdahal belinya kontan,Negatif,ulang ulang tidak bisa msuk padhl sudah ektpmaki n ribet aja pdahal beli kontan
Pengguna Google,5,2025-12-28 07:32:11,ok,Positif,ok
Pengguna Google,1,2025-12-28 06:12:17,waktu no polisi sebelum dibalik nama bisa buat.setelah dibalik nama pengajuanditolak terus.susah amat mendingan pake swasta,Negatif,waktu no polisi belum balik nama bisa buatsetelah balik nama pengajuanditolak terussusah amat mending pake swasta
Pengguna Google,5,2025-12-27 20:12:41,mantap,Positif,mantap
Pengguna Google,4,2025-12-27 18:52:48,buruk pelayanan,Positif,buruk layan
Pengguna Google,5,2025-12-27 17:55:01,ok,Positif,ok
Pengguna Google,5,2025-12-27 16:31:13,mantul,Positif,mantul
Pengguna Google,5,2025-12-27 13:27:06,terbaik,Positif,baik
Pengguna Google,1,2025-12-27 12:20:05,repot gak bisa nakarin isi bbm n ribet harus cari uang kembalian,Negatif,repot gak bisa nakarin isi bbm n ribet harus cari uang kembali
Pengguna Google,2,2025-12-27 11:40:43,knpa tidak bisa daftar barcode atau kendaraan inii alasan gagal memproses permintaan terus,Negatif,knpa tidak bisa daftar barcode atau kendara ini alas gagal proses minta terus
Pengguna Google,1,2025-12-27 11:35:23,ga bisa registrasi aneh nih apk,Negatif,tidak bisa registrasi aneh nih aplikasi
Pengguna Google,5,2025-12-27 11:34:00,ok,Positif,ok
Pengguna Google,1,2025-12-27 09:25:54,ada beberapa yg membuat kaget bukan main.1. map pencari SPBU di aplikasi ini sungguh di luar nalar.titik SPBU lari smpai 50meter dr lokasi sebenar nya. 2.banyak SPBU yg belum siap dengn aplikasi pertamina.setiap mau bayar pakai QRis Pertamina bilng nya aplikasi nya LG error terus.sampai saat ini...tukar poin dan sebagai blm satu pun di tukar.krn alasan nya aplikasi nya error terus. ayo Pertamina...tinggkat kan terus sosialisasi khusus nya di seluruh SPBU.cari kan solusi nya.jgn diam Bae.,Negatif,ada beberapa buat kaget bukan main map cari spbu aplikasi sungguh luar nalartitik spbu lari smpai meter dr lokasi benar nya banyak spbu belum siap dengn aplikasi pertaminasetiap mau bayar pakai qris pertamina bilng nya aplikasi nya lg error terussampai saat initukar poin bagai blm satu pun tukarkrn alas nya aplikasi nya error terus ayo pertaminatinggkat kan terus sosialisasi khusus nya seluruh spbucari kan solusi nyajgn diam bae
Pengguna Google,5,2025-12-27 08:25:34,good job.. lanjutkan,Positif,good job lanjut
Pengguna Google,2,2025-12-27 08:13:51,"percuma pakai my pertamina, barcode, pertalite ngak pernah dapat,sudah ngantri lebih kurang 1 jam ujung ujungnya tidak dapat...",Negatif,percuma pakai my pertamina barcode pertalite ngak pernah dapatsudah ngantri lebih kurang jam ujung ujung tidak dapat
Pengguna Google,1,2025-12-27 08:08:41,Aplikasi ... spbu palembang banyak yg tidak menyediakan khusus my pertamina d gabung dengan tunai,Negatif,aplikasi spbu palembang banyak tidak sedia khusus my pertamina d gabung tunai
Pengguna Google,1,2025-12-27 03:22:58,"aplikasi yang sangat mempersulit, mau bikin barcode aja dipersulit ,,,,,,",Negatif,aplikasi sangat sulit mau bikin barcode aja sulit
Pengguna Google,5,2025-12-26 20:55:56,mantap,Positif,mantap
Pengguna Google,5,2025-12-26 19:21:05,sangat.....sangat.....sangat....membantu,Positif,sangatsangatsangatmembantu
Pengguna Google,5,2025-12-26 15:43:12,Pertamina semakin mantap,Positif,pertamina makin mantap
Pengguna Google,1,2025-12-26 14:51:53,banyak pom bensin Pertamina yg tidak bisa menggunakan pembayaran melalui my pertamina,Negatif,banyak pom bensin pertamina tidak bisa guna bayar lalu my pertamina
Pengguna Google,5,2025-12-26 13:33:32,semoga bisa sering ada promo dan undian,Positif,moga bisa sering ada promo undi
Pengguna Google,1,2025-12-26 13:32:19,aplikasi ga jelasssss,Negatif,aplikasi tidak jelasssss
Pengguna Google,5,2025-12-26 11:31:01,bagus,Positif,bagus
Pengguna Google,5,2025-12-26 10:56:13,jos jis,Positif,jos jis
Pengguna Google,1,2025-12-26 10:51:14,cerewet banget bawel pom pertamina depan adella pelayanannya. nggak bisa atau bisa coba dulu...Di kira ojol ora miskin semua yg tdk punya saldo gopay atau gmn...Takut pake vocher atau kupon aneh !!!,Negatif,cerewet banget bawel pom pertamina depan adella layan nggak bisa atau bisa coba duludi kira ojol ora miskin semua tidak punya saldo gopay atau gmntakut pake vocher atau kupon aneh
Pengguna Google,5,2025-12-26 09:49:49,aplikasinya udah bagus cuman sayang nya masih tidak bisa digunakan dibanyak SPBU dikota saya.,Positif,aplikasi udah bagus cuman sayang nya masih tidak bisa guna banyak spbu kota saya
Pengguna Google,1,2025-12-26 09:07:34,foto stnk dan kendaraan sudah sesuai arahan tetapi ditolak terus. pengajuan subsidi ribet.,Negatif,foto stnk kendara sudah sesuai arah tetapi tolak terus aju subsidi ribet
Pengguna Google,1,2025-12-26 08:27:24,sekarang susah mau akses masuk serasa di persulit menggunakan pin klem itu nggak tau itu pin dari mana,Negatif,sekarang susah mau akses masuk serasa sulit guna pin klem nggak tau pin mana
Pengguna Google,4,2025-12-26 06:46:57,"untuk kendaraan beli secend, cara buat kode qr nya bagaimana ya...?",Positif,kendara beli secend cara buat kode qr nya bagaimana ya
Pengguna Google,5,2025-12-25 20:45:43,sangat bagus,Positif,sangat bagus
Pengguna Google,5,2025-12-25 19:53:59,mantappp,Positif,mantappp
Pengguna Google,5,2025-12-25 19:30:44,bagus,Positif,bagus
Pengguna Google,5,2025-12-25 19:30:12,prosesnya cepat tinggal tap tap saja selesai.,Positif,proses cepat tinggal tap tap saja selesai
Pengguna Google,5,2025-12-25 19:15:19,kok ga bisa liat QR saya padahal sudah terdaftar subsidi,Positif,kok tidak bisa liat qr saya padahal sudah daftar subsidi
Pengguna Google,5,2025-12-25 18:11:47,semoga berdaya guna untuk kita semua,Positif,moga daya guna kita semua
Pengguna Google,5,2025-12-25 15:15:10,Terima kasih,Positif,terima kasih
Pengguna Google,5,2025-12-25 14:33:09,mantap membantu,Positif,mantap bantu
Pengguna Google,4,2025-12-25 12:25:27,tingkatkan,Positif,tingkat
Pengguna Google,1,2025-12-25 12:00:55,"jelek banget mypertamina. pecat saja kariawannya. masa stnk sama mobilnya bener, di tolak mulu padahal belom sampai 1 menit udah muncul notif verifikasi kendaraan anda di tolak. dengan alesan mobil tidak cocok dan stnk tidak cocok, lama lama gak jelas. mending dulu buatnya mudah, pecat saja kariawannya",Negatif,jelek banget mypertamina pecat saja kariawannya masa stnk sama mobil bener tolak mulu padahal bom sampai menit udah muncul notif verifikasi kendara anda tolak alesan mobil tidak cocok stnk tidak cocok lama lama gak jelas mending dulu buat mudah pecat saja kariawannya
Pengguna Google,5,2025-12-25 09:19:42,sangat membantu,Positif,sangat bantu
Pengguna Google,2,2025-12-25 08:57:49,knp barcode susah d dpat nunggu 14 hari,Negatif,knp barcode susah d dpat nunggu hari
Pengguna Google,2,2025-12-25 08:21:05,menfaftar selalu ditolak karna ktp terindikasi editan padahal foto secara lan gsung,Negatif,menfaftar selalu tolak karna ktp indikasi edit padahal foto cara lan gsung
Pengguna Google,5,2025-12-25 06:17:15,My Pertamina membantu saat Lansia lupa bawa Dompet.,Positif,my pertamina bantu saat lansia lupa bawa dompet
Pengguna Google,1,2025-12-24 22:07:59,Saya udah telfon k 135 karena sandi saya lupa tapi saya ga bisa meresetnya n coba daftar baru tapi no kendaraannya ga terdaftar,Negatif,saya udah telfon k karena sandi saya lupa tapi saya tidak bisa meresetnya n coba daftar baru tapi no kendara tidak daftar
Pengguna Google,1,2025-12-24 21:57:24,.byk SPBU lelet,Negatif,byk spbu lelet
Pengguna Google,4,2025-12-24 21:43:20,reset sandi nya lemot. gak bisa langsung di klik link nya. malah balik lagi ke aplikasi. suruh cek email terus.. smpe skrg belum bisa masuk akunnya..,Positif,reset sandi nya lot gak bisa langsung klik link nya malah balik lagi aplikasi suruh cek email terus smpe skrg belum bisa masuk akun
Pengguna Google,5,2025-12-24 20:48:25,terus berbenah dalam upaya meningkatkan pelayanan yg optimal kepadà masyarakat,Positif,terus benah dalam upaya tingkat layan optimal kepad masyarakat
Pengguna Google,1,2025-12-24 16:07:57,"mobil saya toyota calya, tapi tidak bisa bikin barcode, pengiriman gagal terus infonya",Negatif,mobil saya toyota calya tapi tidak bisa bikin barcode kirim gagal terus info
Pengguna Google,5,2025-12-24 16:04:37,"terimakasih my pertamina, kami jadi lebih mudah",Positif,terimakasih my pertamina kami jadi lebih mudah
Pengguna Google,1,2025-12-24 15:24:44,"lupa kata sandi, reset udh dikirim ke email tp diklik reset kata sandi, masih ga bisa juga payah",Negatif,lupa kata sandi reset udh kirim email tp klik reset kata sandi masih tidak bisa juga payah
Pengguna Google,5,2025-12-24 15:03:34,mantap,Positif,mantap
Pengguna Google,5,2025-12-24 14:17:04,sangat puas,Positif,sangat puas
Pengguna Google,5,2025-12-24 10:59:16,good,Positif,good
Pengguna Google,5,2025-12-24 10:26:39,mantap,Positif,mantap
Pengguna Google,5,2025-12-24 10:13:14,bagus dan cepat tidak sulot aplikasinya,Positif,bagus cepat tidak sulot aplikasi
Pengguna Google,5,2025-12-24 10:11:52,belum ada pengalaman karna barcode saya masih di blok,Positif,belum ada alam karna barcode saya masih blok
Pengguna Google,1,2025-12-24 09:09:51,"sering update mulu aplikasinya, point bisa ditukar tapi sampai sekarang hadiahnya ga datang datang sudah 2 bulan. ga ada menu tracking nya juga untuk penukaran point, udah transaksi banyak dapat point banyak pas ditukar barang ga datang, kayak zonk banget wkwkwkwk, pinter banget boongin pelanggan wkkwkw",Negatif,sering update mulu aplikasi point bisa tukar tapi sampai sekarang hadiah tidak datang datang sudah bulan tidak ada menu tracking nya juga tukar point udah transaksi banyak dapat point banyak pas tukar barang tidak datang kayak zonk banget wkwkwkwk pinter banget boongin langgan wkkwkw
Pengguna Google,1,2025-12-24 09:01:32,aplikasinya terlalu sering update tapi tetap tambah lemot lama buka nya dan gak bisa pakai data sendiri harus pakai wifi baru bagus,Negatif,aplikasi terlalu sering update tapi tetap tambah lot lama buka nya gak bisa pakai data sendiri harus pakai wifi baru bagus
Pengguna Google,5,2025-12-24 08:33:16,👍bagus,Positif,bagus
Pengguna Google,1,2025-12-24 07:45:34,"update aplikasi terus kaya pasti tiap minggu gajelas, setiap update harus login ulang, udah 3bulan begini ga becus. buat aplikasi bukan mempermudah malah bikin ""ada update lg ga ya"" persetan. gua login salah malah ke blokir, nelpon call center ngabisin pulsa doang ga solutif",Negatif,update aplikasi terus kaya pasti tiap minggu gajelas tiap update harus login ulang udah bulan begini tidak becus buat aplikasi bukan mudah malah bikin ada update lg tidak ya persetan gua login salah malah blokir nelpon call center ngabisin pulsa doang tidak solutif
Pengguna Google,5,2025-12-24 07:42:24,"Bagus juga berbagai keperluan mengunakan money Digital, tapi saya sebagai Driver jadi pointnya ngak nambah2 jadi belanjapun terbatas, karena tergantung Majikkan. semoga kedepannya Pertamina juga bisa membuka Bank/Koperasi Pertamina syariah, hingga produk2 asuransi yg bisa membantu hajat hidup orang banyak",Positif,bagus juga bagai perlu mengunakan money digital tapi saya bagai driver jadi point ngak nambah jadi belanja batas karena gantung majikkan moga depan pertamina juga bisa buka bankkoperasi pertamina syariah hingga produk asuransi bisa bantu hajat hidup orang banyak
Pengguna Google,5,2025-12-24 06:58:57,mantap banyak promo nya,Positif,mantap banyak promo nya
Pengguna Google,5,2025-12-24 06:42:27,Semoga semakin banyak promosinya...,Positif,moga makin banyak promosi
Pengguna Google,1,2025-12-24 00:23:16,habis ganti plat kok barkot gak bisa di gunakan masuk lagi gak bisa ribet bgt pemerintah mending pake sheel aja lah kualitas bagus daripada Pertamax,Negatif,habis ganti plat kok barkot gak bisa guna masuk lagi gak bisa ribet banget perintah mending pake sheel aja lah kualitas bagus daripada pertamax
Pengguna Google,5,2025-12-23 22:32:34,pertamina Semoga tambah jaya dan berkah🤲🏻🙏🏻,Positif,pertamina moga tambah jaya berkah
Pengguna Google,5,2025-12-23 22:23:43,sangat membantuh,Positif,sangat membantuh
Pengguna Google,5,2025-12-23 20:46:25,the best 🔥,Positif,the best
Pengguna Google,1,2025-12-23 18:39:34,susah banget lagi lagi masukan nik sudah berulang kali sampai lebih dari seratus kali tetap munculnya itu itu juga nik lagi nik lagi.,Negatif,susah banget lagi lagi masuk nik sudah ulang kali sampai lebih ratus kali tetap muncul juga nik lagi nik lagi
Pengguna Google,1,2025-12-23 18:25:42,tolong lahh diperbaiki sangat ga sesuai ekspetasi mau ganti plat nomer susahnya setengah mati payah,Negatif,tolong lahh baik sangat tidak sesuai ekspetasi mau ganti plat nomer susah tengah mati payah
Pengguna Google,5,2025-12-23 18:09:46,ok,Positif,ok
Pengguna Google,5,2025-12-23 18:08:46,good,Positif,good
Pengguna Google,5,2025-12-23 18:04:23,sangat baik,Positif,sangat baik
Pengguna Google,5,2025-12-23 16:10:11,subsidi pertalite membantu kepa,Positif,subsidi pertalite bantu kepa
Pengguna Google,1,2025-12-23 15:56:49,makin sulit,Negatif,makin sulit
Pengguna Google,1,2025-12-23 15:08:30,proses lambat saat pembayaran,Negatif,proses lambat saat bayar
Pengguna Google,5,2025-12-23 15:07:34,mantap,Positif,mantap
Pengguna Google,5,2025-12-23 14:41:16,ok,Positif,ok
Pengguna Google,1,2025-12-23 13:41:53,aplikasi sampah susah banget daftar kendaraan doang,Negatif,aplikasi sampah susah banget daftar kendara doang
Pengguna Google,1,2025-12-23 13:17:40,Applikasi bobrok. Tidak berguna. Nik dan passport atau email di ubah juga tetap saja ngak bisa login dgn alasan NIK dan password nya tdk sesuai. Sengaja mempersulit. Mungkin kalo buat tapi bayar barulah bisa masuk,Negatif,applikasi bobrok tidak guna nik passport atau email ubah juga tetap saja ngak bisa login alas nik password nya tidak sesuai sengaja sulit mungkin kalo buat tapi bayar baru bisa masuk
Pengguna Google,4,2025-12-23 13:16:05,tambahkan dana dong,Positif,tambah dana dong
Pengguna Google,5,2025-12-23 13:15:26,cepat,Positif,cepat
Pengguna Google,2,2025-12-23 12:59:42,kok mau masuk subsidi tepatnya nggak bisa terus.,Negatif,kok mau masuk subsidi tepat nggak bisa terus
Pengguna Google,2,2025-12-23 12:40:48,Saya tak bisa daftarkan kendaraan saya ke aplikasi ini. tolong segera diperbaiki.,Negatif,saya tak bisa daftar kendara saya aplikasi tolong segera baik
Pengguna Google,1,2025-12-23 12:28:07,"tolong nihh kenapa saya gak bisa memperbaiki NIK data diri di subsidi tepat, sudah coba melakukan perbaikan melalui google chrome dan aplikasi mypertamina tapi gak bisa masa mau ngisi bensin eceran terus capek banget",Negatif,tolong nihh kenapa saya gak bisa baik nik data diri subsidi tepat sudah coba laku baik lalu google chrome aplikasi mypertamina tapi gak bisa masa mau ngisi bensin ecer terus capek banget
Pengguna Google,5,2025-12-23 11:39:19,Sangat membantu dan memuaskan,Positif,sangat bantu muas
Pengguna Google,5,2025-12-23 10:49:40,bagus,Positif,bagus
Pengguna Google,2,2025-12-23 09:46:28,"saya 2 x mendpt barcode, 2 x pula di blokir pd hal jelas² mobil tua th.90 an.",Negatif,saya x mendpt barcode x pula blokir pd hal jelas mobil tua th an
Pengguna Google,5,2025-12-23 09:36:58,sangat mudah.,Positif,sangat mudah
Pengguna Google,1,2025-12-23 08:32:43,barcode kebloker cokkk gawe anyar angel cok,Negatif,barcode kebloker cokkk gawe anyar angel cok
Pengguna Google,1,2025-12-23 08:30:19,"aplikasi aneh, pengajuan pendaftaran selalu di tolak alasannya warna plat kendaraan berbeda dengan yg di STNK, padahal sdh jels2 warna di STNK warna Putih sedangkan di kendaraan sma warna putih, tp aplikasi mengagap tidak sesuai.",Negatif,aplikasi aneh aju daftar selalu tolak alas warna plat kendara beda stnk padahal sdh jels warna stnk warna putih sedang kendara sma warna putih tp aplikasi mengagap tidak sesuai
Pengguna Google,1,2025-12-23 08:27:31,seharusnya bisa memudahkan ini malah sangat menyusahkan bagi para sopir kok bisa barcode ke blokir buat lagi susah bukanya mempermudah malah mempersulit,Negatif,harus bisa mudah malah sangat susah bagi para sopir kok bisa barcode blokir buat lagi susah buka mudah malah sulit
Pengguna Google,1,2025-12-23 06:43:46,barcode saya tidak dapat digunakan mohon bantuannya agar dapat digunakan kembali,Negatif,barcode saya tidak dapat guna mohon bantu agar dapat guna kembali
Pengguna Google,5,2025-12-23 05:23:13,mantap,Positif,mantap
Pengguna Google,5,2025-12-23 01:26:51,bagus,Positif,bagus
Pengguna Google,1,2025-12-22 23:58:27,sulit,Negatif,sulit
Pengguna Google,4,2025-12-22 21:37:51,Ok sayangnya di beberapa tempat SPBU gak bisa dipakai...,Positif,ok sayang beberapa tempat spbu gak bisa pakai
Pengguna Google,5,2025-12-22 21:37:41,pelayan ramah memuaskan...,Positif,layan ramah muas
Pengguna Google,1,2025-12-22 21:24:07,"aplikasi sampah, log in aja susah banget",Negatif,aplikasi sampah log in aja susah banget
Pengguna Google,5,2025-12-22 21:13:04,bagus aja,Positif,bagus aja
Pengguna Google,1,2025-12-22 20:49:07,aplikasi sampah! semua proses di persulit padahal sesuai langkah-langkah pendaftaran barcode,Negatif,aplikasi sampah semua proses sulit padahal sesuai langkahlangkah daftar barcode
Pengguna Google,5,2025-12-22 18:00:07,mantap,Positif,mantap
Pengguna Google,1,2025-12-22 16:54:00,kadang antri yg panjang d spbu,Negatif,kadang antri panjang d spbu
Pengguna Google,5,2025-12-22 16:21:43,mantap,Positif,mantap
Pengguna Google,5,2025-12-22 15:53:02,ok,Positif,ok
Pengguna Google,5,2025-12-22 14:19:57,smantap,Positif,smantap
Pengguna Google,5,2025-12-22 14:10:59,Bagus,Positif,bagus
Pengguna Google,1,2025-12-22 14:10:04,Barcode subsidi tepat saya ga bisa d buka karena saya lupa sandi,Negatif,barcode subsidi tepat saya tidak bisa d buka karena saya lupa sandi
Pengguna Google,5,2025-12-22 13:47:30,berguna,Positif,guna
Pengguna Google,1,2025-12-22 13:40:55,kenapa yah sekarang agak susah daftar BBM subsidinya..padahal dari awal sudah di daftar skrg kok database tidak ditemukan,Negatif,kenapa yah sekarang agak susah daftar bbm subsidinyapadahal awal sudah daftar skrg kok database tidak temu
Pengguna Google,5,2025-12-22 13:10:14,good,Positif,good
Pengguna Google,1,2025-12-22 12:47:25,selalu tidak bisa isi bensin lewat pertamina Pertamina nggk becuss,Negatif,selalu tidak bisa isi bensin lewat pertamina pertamina nggk becuss
Pengguna Google,1,2025-12-22 12:27:25,aplikasi jelek sangat mempersulit,Negatif,aplikasi jelek sangat sulit
Pengguna Google,1,2025-12-22 12:11:20,tiap ngisi bensin kok update aplikasi trussss....,Negatif,tiap ngisi bensin kok update aplikasi trussss
Pengguna Google,5,2025-12-22 10:21:17,ok,Positif,ok
Pengguna Google,1,2025-12-22 10:17:04,aplikasi stupid login aja susah otp nggak wprnah masuk. nggak jelas,Negatif,aplikasi stupid login aja susah otp nggak wprnah masuk nggak jelas
Pengguna Google,5,2025-12-22 10:15:45,sering lelet,Positif,sering lelet
Pengguna Google,5,2025-12-22 09:54:35,ok mantap,Positif,ok mantap
Pengguna Google,5,2025-12-22 09:25:52,mantap..,Positif,mantap
Pengguna Google,1,2025-12-22 09:25:07,masalah saya tidak teratasi sama sekali uang 800rb raib masuk aplikasi tapi transaksi gagal akhirnya bayar 2x!!! sudah pengaduan sampai telfon berkali kali tapi uang tetap tidak kembali.,Negatif,masalah saya tidak atas sama sekali uang rb raib masuk aplikasi tapi transaksi gagal akhir bayar x sudah adu sampai telfon kali kali tapi uang tetap tidak kembali
Pengguna Google,4,2025-12-22 09:23:51,baik lancar aman untuk semua,Positif,baik lancar aman semua
Pengguna Google,5,2025-12-22 09:22:33,ok,Positif,ok
Pengguna Google,5,2025-12-22 08:51:18,ok,Positif,ok
Pengguna Google,5,2025-12-22 08:24:39,memudahkn sekali,Positif,memudahkn sekali
Pengguna Google,1,2025-12-22 07:30:25,nggak pernah dapet poin,Negatif,nggak pernah dapet poin
Pengguna Google,1,2025-12-22 07:18:44,ribet,Negatif,ribet
Pengguna Google,5,2025-12-22 06:09:15,bagus,Positif,bagus
Pengguna Google,1,2025-12-22 00:37:34,Aplikasi gak jelas... semua email yang didaftarkan dianggap sudah terdaftar... asik bolak balik daftar 1 pun gak pernah berhasil,Negatif,aplikasi gak jelas semua email daftar anggap sudah daftar asik bolak balik daftar pun gak pernah hasil
Pengguna Google,5,2025-12-21 23:13:35,ok,Positif,ok
Pengguna Google,1,2025-12-21 22:37:45,ampas saat dibutuhkan nge frezzz,Negatif,ampas saat butuh nge frezzz
Pengguna Google,5,2025-12-21 21:24:42,"selalu d perbarui trus aplikasinya, tolong dunk jangn d perbaruin trusss setiap kali buka perbarui 🤦‍♂️🤦‍♂️🤦‍♂️",Positif,selalu d baru trus aplikasi tolong dunk jangn d perbaruin trusss tiap kali buka baru
Pengguna Google,5,2025-12-21 20:09:19,my Pertamina ok,Positif,my pertamina ok
Pengguna Google,5,2025-12-21 19:29:49,baik,Positif,baik
Pengguna Google,1,2025-12-21 18:34:40,"pake akal lah hoi, servernya pun di korup",Negatif,pake akal lah hoi servernya pun korup
Pengguna Google,5,2025-12-21 17:58:23,baru coba pake ntr kasih ulasan lagi kalu dh lama pake.🫡🤭,Positif,baru coba pake ntr kasih ulas lagi kalu dh lama pake
Pengguna Google,5,2025-12-21 17:48:02,dangat memudahkan,Positif,dangat mudah
Pengguna Google,5,2025-12-21 16:16:14,❤️ semoga semakin maju dan memberikan kontribusi untuk masyarakat Indonesia,Positif,moga makin maju beri kontribusi masyarakat indonesia
Pengguna Google,1,2025-12-21 16:14:08,"Di SPBU Pertamina di jalan imam bonjol semarang dekat stasiun poncol semarang, masa pakai my pertamina isi bensin minimal 50 rb aturan dr mana itu, motor sy vario 110 biasa isi bensin pakai my pertamina cuman 2 liter, 20 rb,. kalo isi 50 rb yaa luber,. ga ngotak nih spbu d sini",Negatif,spbu pertamina jalan imam bonjol semarang dekat stasiun poncol semarang masa pakai my pertamina isi bensin minimal rb atur dr mana motor sy vario biasa isi bensin pakai my pertamina cuman liter rb kalo isi rb yaa luber tidak ngotak nih spbu d sini
Pengguna Google,5,2025-12-21 15:50:01,Semoga tahun ini dapet ps 5. Udah bertahun tahun ikutin event gapernah dapet. Aplikasinya sangat membantu sekali terima kasih 🙏,Positif,moga tahun dapet ps udah tahun tahun ikutin event gapernah dapet aplikasi sangat bantu sekali terima kasih
Pengguna Google,4,2025-12-21 14:37:20,sangat bagus dan membantu buat yg awam,Positif,sangat bagus bantu buat awam
Pengguna Google,1,2025-12-21 14:14:58,"aplikasi nyusahin rakyat, cih",Negatif,aplikasi nyusahin rakyat cih
Pengguna Google,1,2025-12-21 11:53:39,kurang baik aplikasinya ada yang mudah tapi di persulit,Negatif,kurang baik aplikasi ada mudah tapi sulit
Pengguna Google,1,2025-12-21 11:48:31,mobil sudah ganti plat.dulu plat warna hitam dan sekarang plat warna putih sudah menghapus data yang lama mau mendaftar ke yang baru knapa ditolak terus dengan bertuliskan foto stnk sama dengan yang terdaftar sebelum nya padal sudah ganti plat nomor dan warna plat putih mohon informasi nya@mypertamina,Negatif,mobil sudah ganti platdulu plat warna hitam sekarang plat warna putih sudah hapus data lama mau daftar baru knapa tolak terus tulis foto stnk sama daftar belum nya padal sudah ganti plat nomor warna plat putih mohon informasi nyamypertamina
Pengguna Google,1,2025-12-21 11:45:32,verfikasi lama amat tolong dipercepat,Negatif,verfikasi lama amat tolong cepat
Pengguna Google,5,2025-12-21 11:35:28,sangat mebantu,Positif,sangat mebantu
Pengguna Google,4,2025-12-21 11:08:53,baguss,Positif,baguss
Pengguna Google,4,2025-12-21 09:41:37,susah loadingnya,Positif,susah loadingnya
Pengguna Google,1,2025-12-21 09:38:31,sampah,Negatif,sampah
Pengguna Google,5,2025-12-21 09:26:51,susah mau daftarin kendaraan sendiri,Positif,susah mau daftarin kendara sendiri
Pengguna Google,4,2025-12-21 09:04:07,lho lho lho,Positif,lho lho lho
Pengguna Google,5,2025-12-21 08:32:49,excelent,Positif,excelent
Pengguna Google,5,2025-12-21 08:25:58,"good service, good jobs. thanks",Positif,good service good jobs thanks
Pengguna Google,5,2025-12-21 08:04:19,sangat bagus,Positif,sangat bagus
Pengguna Google,1,2025-12-21 07:13:27,susah daftar pas daftar d pertamina sekarang HP hilang jadi susah hapus dan mau daftar lagi jadi ribet,Negatif,susah daftar pas daftar d pertamina sekarang hp hilang jadi susah hapus mau daftar lagi jadi ribet
Pengguna Google,2,2025-12-21 07:08:56,app lelet bikin kesel dan emosi saat transaksi👎,Negatif,app lelet bikin kesel emosi saat transaksi
Pengguna Google,5,2025-12-21 07:07:43,Dg My Pertamina lebih mudah semuanya...,Positif,dg my pertamina lebih mudah semua
Pengguna Google,1,2025-12-21 06:03:55,"reset sandi eror Mulu. ku kira jaringan saya, pas udah pake wifi yg bener2 cepet masih sama AE gabisa di akses",Negatif,reset sandi eror mulu ku kira jaring saya pas udah pake wifi bener cepet masih sama ae gabisa akses
Pengguna Google,4,2025-12-21 04:49:36,ok,Positif,ok
Pengguna Google,1,2025-12-20 22:01:54,susah nya minta ampun dan masak sampe 14 hari baru verifikasi mana upload STNK susah nya minta ampun 😡😡,Negatif,susah nya minta ampun masak sampe hari baru verifikasi mana upload stnk susah nya minta ampun
Pengguna Google,5,2025-12-20 21:51:53,ok lah,Positif,ok lah
Pengguna Google,1,2025-12-20 21:17:41,"nambahin metode pembayaran kartu debit BNI sampe habis pulsa 50rb tapi terjadi kesalahan terus , tolong lah dicorrupt kah?",Negatif,nambahin metode bayar kartu debit bni sampe habis pulsa rb tapi jadi salah terus tolong lah dicorrupt kah
Pengguna Google,5,2025-12-20 21:03:49,oke banget,Positif,oke banget
Pengguna Google,1,2025-12-20 17:47:29,ruwet,Negatif,ruwet
Pengguna Google,4,2025-12-20 17:20:13,semoga bisa login pake gmail👍,Positif,moga bisa login pake gmail
Pengguna Google,2,2025-12-20 16:44:45,Update melulu capek deh,Negatif,update melulu capek deh
Pengguna Google,1,2025-12-20 16:43:24,updte trusssrrrr baru kemaren updte lagi.............,Negatif,updte trusssrrrr baru kemaren updte lagi
Pengguna Google,5,2025-12-20 16:36:31,dgn adanya barcode myPertamina.. ok serta mudah di gunakan,Positif,ada barcode mypertamina ok serta mudah guna
Pengguna Google,5,2025-12-20 16:09:34,oke bisa lanhsung isi,Positif,oke bisa lanhsung isi
Pengguna Google,1,2025-12-20 15:56:36,"kalo update tolong versi sebelumnya masih bisa di pakai, ini ribet njir mau bayar bensin malah minta update dulu. malah gk ada sinyalnabis ujan",Negatif,kalo update tolong versi belum masih bisa pakai ribet njir mau bayar bensin malah minta update dulu malah tidak ada sinyalnabis ujan
Pengguna Google,1,2025-12-20 15:28:43,"pertamina gak jelas udah ngikutin petunjuk untuk pendaftaran barcode malah selalu ditolak dengan alasan tidak jelas,rakyat udah susah jangan kalian bikin susah lagi,kami ini beli bukan mau gratisan jadi tolong jangan persulit kayak gini",Negatif,pertamina gak jelas udah ngikutin tunjuk daftar barcode malah selalu tolak alas tidak jelasrakyat udah susah jangan kalian bikin susah lagikami beli bukan mau gratis jadi tolong jangan sulit kayak gin
Pengguna Google,2,2025-12-20 15:24:03,"Bikin Barcode susahnya mintak ampun,habis ganti nomor plat barcode ke blokir .sampai saat ini masih belum bisa di bikin ulang",Negatif,bikin barcode susah mintak ampunhabis ganti nomor plat barcode blokir sampai saat masih belum bisa bikin ulang
Pengguna Google,5,2025-12-20 15:18:37,mantul .profesional,Positif,mantul profesional
Pengguna Google,4,2025-12-20 14:59:29,up grade terus,Positif,up grade terus
Pengguna Google,5,2025-12-20 14:29:59,oke,Positif,oke
Pengguna Google,5,2025-12-20 14:10:57,banyak informasi yg membantu,Positif,banyak informasi bantu
Pengguna Google,5,2025-12-20 14:10:11,bgus,Positif,bgus
Pengguna Google,4,2025-12-20 13:55:03,"Revisi bintang (*), dari *1 ke *4 karena metode pembayaran sudah lumayan beragam. Semoga ke depan, beli bbm subsidi juga dapat poin, meski sedikit.",Positif,revisi bintang karena metode bayar sudah lumayan agam moga depan beli bbm subsidi juga dapat poin meski sedikit
Pengguna Google,1,2025-12-20 13:42:29,tidak bisa update di mnaa saja,Negatif,tidak bisa update mnaa saja
Pengguna Google,5,2025-12-20 13:26:33,Bagus sekali.,Positif,bagus sekali
Pengguna Google,5,2025-12-20 12:36:52,good,Positif,good
Pengguna Google,5,2025-12-20 12:11:40,sangat membatu sekali,Positif,sangat batu sekali
Pengguna Google,5,2025-12-20 11:49:29,mohon aja dipercepat proses verifikasinya,Positif,mohon aja cepat proses verifikasi
Pengguna Google,5,2025-12-20 11:40:18,pelayanan Pertamina memang oke,Positif,layan pertamina memang oke
Pengguna Google,5,2025-12-20 11:01:48,good,Positif,good
Pengguna Google,4,2025-12-20 10:51:42,sempat kesulitan isi pertamax turbo,Positif,sempat sulit isi pertamax turbo
Pengguna Google,5,2025-12-20 10:51:36,"Bagus,20-12-2025",Positif,bagus
Pengguna Google,5,2025-12-20 10:44:50,MyPertamina selalu hebat baik pelayanan maupun ketersediaan BBM lancar saat berkendara dalam kota maupun keluar kota.,Positif,mypertamina selalu hebat baik layan maupun sedia bbm lancar saat kendara dalam kota maupun keluar kota
Pengguna Google,1,2025-12-20 10:33:29,aplikasinya belum siap tapi dipaksakan,Negatif,aplikasi belum siap tapi paksa
Pengguna Google,5,2025-12-20 10:33:00,terbaik,Positif,baik
Pengguna Google,5,2025-12-20 10:31:32,aplikasi yang sangat membantu saya dalam mengusi bbm,Positif,aplikasi sangat bantu saya dalam kus bbm
Pengguna Google,5,2025-12-20 10:27:28,semakin mudah dalam pengisian bbm tidak antrian,Positif,makin mudah dalam isi bbm tidak antri
Pengguna Google,1,2025-12-20 09:18:12,"entah karena server ato aplikasi yg belum siap untuk publik, intinya dari 100%, kesiapan aplikasi ini masih cuma 10%, jauh dari kata siap apalagi layak...",Negatif,entah karena server ato aplikasi belum siap publik inti kesiap aplikasi masih cuma jauh kata siap apalagi layak
Pengguna Google,5,2025-12-20 09:16:57,"ok , memudahkan",Positif,ok mudah
Pengguna Google,5,2025-12-20 09:05:07,oke,Positif,oke
Pengguna Google,1,2025-12-20 09:02:15,sering error disaat darurat,Negatif,sering error saat darurat
Pengguna Google,5,2025-12-20 08:11:26,good job,Positif,good job
Pengguna Google,1,2025-12-20 08:05:57,belum semua spbu melayani sistem pembayaran e wallet,Negatif,belum semua spbu layan sistem bayar e wallet
Pengguna Google,5,2025-12-20 08:01:55,mantap,Positif,mantap
Pengguna Google,5,2025-12-20 02:21:37,mantap,Positif,mantap
Pengguna Google,5,2025-12-20 00:44:04,mantulll,Positif,mantulll
Pengguna Google,5,2025-12-19 22:28:28,nunggu verifikasi 14 hari lebih barcode belum jgk dapet hadahh nunggu berapa hari lagi,Positif,nunggu verifikasi hari lebih barcode belum jgk dapet hadahh nunggu berapa hari lagi
Pengguna Google,1,2025-12-19 21:48:22,woy pnya saya GK bisa login parah bgt apk gak gina,Negatif,woy pnya saya tidak bisa login parah banget aplikasi gak gina
Pengguna Google,5,2025-12-19 20:05:21,oke,Positif,oke
Pengguna Google,1,2025-12-19 18:59:04,Barcode kok tiba tiba gk aktif...daftar ulang gk bisa...maksudnya apa aplikasi ini gk jelas.,Negatif,barcode kok tiba tiba tidak aktifdaftar ulang tidak bisamaksudnya apa aplikasi tidak jelas
Pengguna Google,1,2025-12-19 17:57:28,"setiap ke pom harus qris minimal 50 aneh nih, jaman udah canggih tapi peraturan kuno,",Negatif,tiap pom harus qris minimal aneh nih jaman udah canggih tapi atur kuno
Pengguna Google,1,2025-12-19 17:27:42,verifikasi lama banget tidak efektif,Negatif,verifikasi lama banget tidak efektif
Pengguna Google,5,2025-12-19 16:38:49,yang teraik,Positif,teraik
Pengguna Google,5,2025-12-19 16:34:25,good,Positif,good
Pengguna Google,1,2025-12-19 16:21:02,kenapa menunggu verifikasi kode barcode sangat lama banget ?,Negatif,kenapa tunggu verifikasi kode barcode sangat lama banget
Pengguna Google,5,2025-12-19 14:45:08,bayar lancar,Positif,bayar lancar
Pengguna Google,1,2025-12-19 14:31:42,"tolong perbaiki, saya tidak bisa video call 135",Negatif,tolong baik saya tidak bisa video call
Pengguna Google,5,2025-12-19 13:23:25,good job,Positif,good job
Pengguna Google,1,2025-12-19 11:10:36,"Setelah pembaruan aplikasi malah data hilang semua, mau masuk ke data kendaraan subsidi tepat tidak bisa.. Alhasil barcode subsidi tepat Hilang. Harusnya sih tersimpan di akun ya, kalau memang tidak bisa bikin aplikasi, update-an, ya serahkan ke yang ngerti, biar nggak nyusahin masyarakat seperti ini.",Negatif,telah baru aplikasi malah data hilang semua mau masuk data kendara subsidi tepat tidak bisa alhasil barcode subsidi tepat hilang harus sih simpan akun ya kalau memang tidak bisa bikin aplikasi updatean ya serah ngerti biar nggak nyusahin masyarakat seperti
Pengguna Google,5,2025-12-19 10:35:34,ok,Positif,ok
Pengguna Google,2,2025-12-19 10:27:52,"pelayanan keluhannya lama, chat admin harus nunggu 2 jam,, abis itu penjelasannya kurang jelas,, gak. bisa dipake qrnya,, mau upgrade gagal foto STNK,,,",Negatif,layan keluh lama chat admin harus nunggu jam abis jelas kurang jelas gak bisa dipake qrnya mau upgrade gagal foto stnk
Pengguna Google,5,2025-12-19 10:08:55,okey,Positif,okey
Pengguna Google,2,2025-12-19 09:41:27,"aplikasi loba nga logout sorangan,apk masih acak kadut siga nagara konoha,",Negatif,aplikasi loba nga logout soranganapk masih acak kadut siga nagara konoha
Pengguna Google,5,2025-12-19 08:31:14,ok,Positif,ok
Pengguna Google,5,2025-12-18 23:20:01,my pertamina mantap,Positif,my pertamina mantap
Pengguna Google,2,2025-12-18 22:40:28,"CS nya tuh berapa sih, setiap ada kendala hubungi CS ga pernah bisaa, antrean terlalu lama sering putus koneksi juga",Negatif,cs nya tuh berapa sih tiap ada kendala hubung cs tidak pernah bisaa antre terlalu lama sering putus koneksi juga
Pengguna Google,1,2025-12-18 21:45:47,"daftarnya susah banget gagal mulu, cuma mau isi bensin aja ribet gini",Negatif,daftar susah banget gagal mulu cuma mau isi bensin aja ribet gin
Pengguna Google,4,2025-12-18 21:05:43,"untuk total transaksi bulanan belum aktif, semoga cepat disempurnakan",Positif,total transaksi bulan belum aktif moga cepat sempurna
Pengguna Google,1,2025-12-18 20:18:25,aplikasi tergoblok yg pernah ada,Negatif,aplikasi goblok pernah ada
Pengguna Google,5,2025-12-18 19:35:50,mohon tuntunan dan bimbingan sukses selalu,Positif,mohon tuntun bimbing sukses selalu
Pengguna Google,2,2025-12-18 19:14:08,tolong di permudah untuk photo kendaraan dan STNK seperti dulu,Negatif,tolong mudah photo kendara stnk seperti dulu
Pengguna Google,1,2025-12-18 18:58:41,"barcode saya diblokir,gk jelas penanganan nya.",Negatif,barcode saya diblokirgk jelas tangan nya
Pengguna Google,5,2025-12-18 18:40:02,jaya selalu,Positif,jaya selalu
Pengguna Google,1,2025-12-18 18:35:27,Mau reset kata sandi masuk terus d PlayStore,Negatif,mau reset kata sandi masuk terus d playstore
Pengguna Google,1,2025-12-18 18:05:29,"sudah seratus kali verifikasi KTP tetap tidak bisa alasanya KTP tidak asli, di foto dri layar atau priny, padahal sudah jelas jwlas EKTP asli di tangan kita foto dgn frame yang sudah pas",Negatif,sudah ratus kali verifikasi ktp tetap tidak bisa alasanya ktp tidak asli foto dri layar atau priny padahal sudah jelas jwlas ektp asli tangan kita foto frame sudah pas
Pengguna Google,4,2025-12-18 18:01:58,saya pengguna my pertamina tiap isi bbm tetapi tidak semua spbu bisa terhubung/belom bisa memakai pembayaran elektronik,Positif,saya guna my pertamina tiap isi bbm tetapi tidak semua spbu bisa terhubungbelom bisa pakai bayar elektronik
Pengguna Google,5,2025-12-18 17:40:57,Bagus mudah di gunakan ga ribet,Positif,bagus mudah guna tidak ribet
Pengguna Google,4,2025-12-18 17:27:54,"cara dapet poin nya tuh gimana? 2x transaksi 0 poin. padahal keterangan dapet poin,beli bahan bakar lewat aplikasi.",Positif,cara dapet poin nya tuh gimana x transaksi poin padahal terang dapet poinbeli bahan bakar lewat aplikasi
Pengguna Google,1,2025-12-18 17:24:08,"QR Code diblokir, kirim sanggahan lewat email dengan berkas lengkap tapi tidak ada penanganan sudah 3 minggu lebih. Cuma dapat balasan template berkali-kali.",Negatif,qr code blokir kirim sanggah lewat email berkas lengkap tapi tidak ada tangan sudah minggu lebih cuma dapat balas template berkalikali
Pengguna Google,5,2025-12-18 17:07:09,sippp,Positif,sippp
Pengguna Google,1,2025-12-18 17:03:52,apk tolol udh punya akun dan dipake trus eh tiba tiba logout giliran mau login blng format nomernya salah udh minta reset pin via wa bisa tapi mau login lagi ga bisa blok,Negatif,aplikasi tolol udh punya akun dipake trus eh tiba tiba logout gilir mau login blng format nomernya salah udh minta reset pin via wa bisa tapi mau login lagi tidak bisa blok
Pengguna Google,5,2025-12-18 16:18:41,"is the best,",Positif,is the best
Pengguna Google,1,2025-12-18 15:19:31,"kenapa sih fitur fotonya di hp bagus malah pas di aplikasi malah blur, trus ditolak. padahal dari sistem nya sendiri yang blur",Negatif,kenapa sih fitur foto hp bagus malah pas aplikasi malah blur trus tolak padahal sistem nya sendiri blur
Pengguna Google,5,2025-12-18 15:16:52,exellent,Positif,exellent
Pengguna Google,5,2025-12-18 12:11:52,semakin baik....tingkatkan utk terhubung dg semua jenis pembayarab e money,Positif,makin baiktingkatkan utk hubung dg semua jenis pembayarab e money
Pengguna Google,5,2025-12-18 10:23:43,susah login,Positif,susah login
Pengguna Google,5,2025-12-18 10:10:39,ribet soal nya selalu harus perbaharii data ..,Positif,ribet soal nya selalu harus bahari data
Pengguna Google,5,2025-12-18 07:15:16,"pelayanan sangat cepat,termasuk aplikasinya,sangat praktis",Positif,layan sangat cepattermasuk aplikasinyasangat praktis
Pengguna Google,5,2025-12-18 05:36:44,pengin double poin,Positif,pengin double poin
Pengguna Google,1,2025-12-18 04:06:20,tidak bisa login,Negatif,tidak bisa login
Pengguna Google,1,2025-12-18 00:27:51,"sya tertipu, di aplikasi buka SPBU, pas sya ke lokasi ternyata tutup, tidak akurat",Negatif,sya tipu aplikasi buka spbu pas sya lokasi nyata tutup tidak akurat
Pengguna Google,5,2025-12-17 23:39:30,good,Positif,good
Pengguna Google,5,2025-12-17 21:35:46,Sangat baik,Positif,sangat baik
Pengguna Google,5,2025-12-17 19:05:21,tidak perlu antri lagii,Positif,tidak perlu antri lagi
Pengguna Google,5,2025-12-17 18:36:42,menyenangkan,Positif,senang
Pengguna Google,1,2025-12-17 18:19:21,"Mobil Habis Pajak 5tahun an,OTOMATIS ganti NOPOL BARU,Dan Barcord NOPOL Lama tidak bisa,teeusdaftar Lagi,Tapi Gagal terus..sangat menyusahkan rakyat..Solusinya gimana",Negatif,mobil habis pajak tahun anotomatis ganti nopol barudan barcord nopol lama tidak bisateeusdaftar lagitapi gagal terussangat susah rakyatsolusinya gimana
Pengguna Google,1,2025-12-17 17:15:00,Buka blokiran dipersulit. Padahal barcode solar dipake sendiri. Ga beli solar eh tbtb Kuota dah tinggal sedikit trs. Parahhhhh,Negatif,buka blokir sulit padahal barcode solar dipake sendiri tidak beli solar eh tbtb kuota dah tinggal sedikit trs parahhhhh
Pengguna Google,5,2025-12-17 17:02:02,ok,Positif,ok
Pengguna Google,1,2025-12-17 16:58:12,"susah pakai mypertamina,riset profil subsidi tepat aja susah,eror aplikasi nya........",Negatif,susah pakai mypertaminariset profil subsidi tepat aja susaheror aplikasi nya
Pengguna Google,5,2025-12-17 16:18:01,is good,Positif,is good
Pengguna Google,5,2025-12-17 16:17:58,pembayaran sangat mudah,Positif,bayar sangat mudah
Pengguna Google,5,2025-12-17 15:34:40,ok,Positif,ok
Pengguna Google,5,2025-12-17 13:51:22,mudah mendapatkan lokasi pom bensin,Positif,mudah dapat lokasi pom bensin
Pengguna Google,1,2025-12-17 13:25:38,"aplikasi tolol, error aja terus",Negatif,aplikasi tolol error aja terus
Pengguna Google,5,2025-12-17 13:04:20,is the best,Positif,is the best
Pengguna Google,1,2025-12-17 12:30:27,ga bisa log in. tertulis format salah,Negatif,tidak bisa log in tulis format salah
Pengguna Google,5,2025-12-17 12:11:31,Sangat bermanfaat untuk pengguna kendaraan roda dua sampai roda berapa pun karna gampang & praktis lah pemakaian mulai Pertamina nya 👍👍,Positif,sangat manfaat guna kendara roda dua sampai roda berapa pun karna gampang praktis lah pakai mulai pertamina nya
Pengguna Google,4,2025-12-17 11:19:27,"Saya baru pertama kali mau registrasi, tapi nomor handphone saya dinyatakan sudah terdaftar. Padahal saya belum pernah daftar. Bagaimana urusannya ini ?",Positif,saya baru pertama kali mau registrasi tapi nomor handphone saya nyata sudah daftar padahal saya belum pernah daftar bagaimana urus
Pengguna Google,2,2025-12-17 10:53:10,masa mau ganti kata Santi gak bisa bisa,Negatif,masa mau ganti kata santi gak bisa bisa
Pengguna Google,1,2025-12-17 06:07:01,"metode pembayaran lewat debit tiba tiba hilang, padahal mw proses ngisi. parah sih ini aplikasi.",Negatif,metode bayar lewat debit tiba tiba hilang padahal mw proses ngisi parah sih aplikasi
Pengguna Google,5,2025-12-17 05:12:29,masih kesulitan mendapatkan barcode,Positif,masih sulit dapat barcode
Pengguna Google,5,2025-12-16 22:58:28,baik,Positif,baik
Pengguna Google,5,2025-12-16 19:55:26,proses cepat dan mudah,Positif,proses cepat mudah
Pengguna Google,1,2025-12-16 19:23:48,ga ada aplikasi yg bener buatan pemerintah. selalu mempersulit! sudah pernah buat mau login kembali susahnya amit amit,Negatif,tidak ada aplikasi bener buat perintah selalu sulit sudah pernah buat mau login kembali susah amit amit
Pengguna Google,5,2025-12-16 19:05:25,"mantap,my pertamina saya SDH bisa menggunakan aplikasi ini,terima kasih atas bantuannya🙏🙏🙏",Positif,mantapmy pertamina saya sdh bisa guna aplikasi initerima kasih atas bantu
Pengguna Google,5,2025-12-16 18:58:16,belum bisa masuk,Positif,belum bisa masuk
Pengguna Google,5,2025-12-16 18:29:34,"Simpel, sangat direkomendadikan.",Positif,simpel sangat direkomendadikan
Pengguna Google,1,2025-12-16 17:14:22,"udah bagus bagus bikin Barcode malah di blok..pas di update di tolak,.... tolong lah Pakek O T K. .. klen,.. jgn Bikin susah orang aja tau nya Klen BJG",Negatif,udah bagus bagus bikin barcode malah blokpas update tolak tolong lah pakek o t k klen jgn bikin susah orang aja tau nya klen bjg
Pengguna Google,5,2025-12-16 16:28:51,"ok mantap, bisa bayar pake qris di pom pertamina. good job!",Positif,ok mantap bisa bayar pake qris pom pertamina good job
Pengguna Google,5,2025-12-16 16:10:27,punya sy GK bs dipakai lg. katanya harus di upgrade. setelah di upgrade ternyata TDK bs jg.. mohon bantuannya,Positif,punya sy tidak bs pakai lg kata harus upgrade telah upgrade nyata tidak bs jg mohon bantu
Pengguna Google,1,2025-12-16 15:21:42,daftar subsidi tepatnya aja sampe berhari2 belom kelar2 ini verifikasinya. kecewa banget sama pertaminanya,Negatif,daftar subsidi tepat aja sampe hari bom kelar verifikasi kecewa banget sama pertaminanya
Pengguna Google,1,2025-12-16 14:45:18,sudah perbaiki data tidak ada konfirmasi,Negatif,sudah baik data tidak ada konfirmasi
Pengguna Google,2,2025-12-16 13:57:21,baru daftar buat pin udah sukses terus buka barcode dimintai pin dimasukin pin.. pin salah...,Negatif,baru daftar buat pin udah sukses terus buka barcode minta pin dimasukin pin pin salah
Pengguna Google,5,2025-12-16 13:41:35,mantab,Positif,mantab
Pengguna Google,4,2025-12-16 13:40:49,"sdh bagus meski waktu itu agak lama, coba bisa dipercepat lagi",Positif,sdh bagus meski waktu agak lama coba bisa cepat lagi
Pengguna Google,5,2025-12-16 13:21:02,baik,Positif,baik
Pengguna Google,1,2025-12-16 12:22:59,"aplikasinya ringan tapi ribet, mau daftar/ update barcode gagal terus",Negatif,aplikasi ringan tapi ribet mau daftar update barcode gagal terus
Pengguna Google,1,2025-12-16 11:21:40,gk bisa didownload,Negatif,tidak bisa didownload
Pengguna Google,1,2025-12-16 10:40:40,"tidak bisa upload foto ktp di tanya ke call centre diminta upload ulang , sudah upload ratusan kali foto ktp tetap saja ditolak",Negatif,tidak bisa upload foto ktp tanya call centre minta upload ulang sudah upload ratus kali foto ktp tetap saja tolak
Pengguna Google,1,2025-12-16 10:29:27,"min kok ga bisa dftar barcode subsidi solar ya, selalu bermasalah terus",Negatif,min kok tidak bisa dftar barcode subsidi solar ya selalu masalah terus
Pengguna Google,1,2025-12-16 09:25:35,mempersulit masyarakat untuk ngisi BBM dan sangat susah untuk meregistrasi ulang nopol yg sudah terdaftar,Negatif,sulit masyarakat ngisi bbm sangat susah registrasi ulang nopol sudah daftar
Pengguna Google,5,2025-12-16 09:09:50,"Beberapa kali pembayaran sering gagal, padahal sudah dicoba beberapa e wallet.",Positif,beberapa kali bayar sering gagal padahal sudah coba beberapa e wallet
Pengguna Google,1,2025-12-16 09:07:48,"untuk mengganti password terjadi gangguan padahal lancar koneksi interner, dan meminta bantuan di call center tidak ada yg merespon tidak ada gunanya make nih apk",Negatif,ganti password jadi ganggu padahal lancar koneksi interner minta bantu call center tidak ada merespon tidak ada guna make nih aplikasi
Pengguna Google,1,2025-12-16 08:46:18,gak guna,Negatif,gak guna
Pengguna Google,5,2025-12-16 08:26:24,okey memudahkan,Positif,okey mudah
Pengguna Google,5,2025-12-16 08:13:58,membantu dalam bertransaksi digital,Positif,bantu dalam transaksi digital
Pengguna Google,1,2025-12-16 07:38:19,aplikasi tolong di perbaiki memalukan mau bayar mlh error!,Negatif,aplikasi tolong baik malu mau bayar mlh error
Pengguna Google,1,2025-12-16 07:19:20,untuk pihak Pertamina yang membuat aplikasi ini kenapa tidak semua pom bensin mau menerima pembayaran pakai aplikasi ini sudah beberapa kali saya mau isi Bbm di tolak katanya tidak bisa pembayaran pakai aplikasi padahal di kota tolong di perbaiki,Negatif,pihak pertamina buat aplikasi kenapa tidak semua pom bensin mau terima bayar pakai aplikasi sudah beberapa kali saya mau isi bbm tolak kata tidak bisa bayar pakai aplikasi padahal kota tolong baik
Pengguna Google,1,2025-12-16 06:15:41,"ini aplikasi cocok buat orang yang pake kendaraan oto dan motor, kita yang pake traktor mau isi solar benar2 rasa di persulit. mau bawa traktor jau. mau bawa jargen gak ada barkot. mau daftar di aplikasi traktor gak ada nomor pelat. benar- benar mempersulit kita yang rakyat kecil",Negatif,aplikasi cocok buat orang pake kendara oto motor kita pake traktor mau isi solar benar rasa sulit mau bawa traktor jau mau bawa jargen gak ada barkot mau daftar aplikasi traktor gak ada nomor pelat benar benar sulit kita rakyat kecil
Pengguna Google,5,2025-12-16 04:49:42,sukses selalu,Positif,sukses selalu
Pengguna Google,1,2025-12-16 02:32:25,"Aplikasi sangat ribet, tiba2 barcode saya tidak bisa dipakai, dan apk sangat ribet, menyusahkan....",Negatif,aplikasi sangat ribet tiba barcode saya tidak bisa pakai aplikasi sangat ribet susah
Pengguna Google,1,2025-12-15 23:30:24,"mending ga usah aja sistim kayak gini,mending liat kendaraan aja yg dipake isi BBM,yg beli BBM tetap yg lansir minyak yg bnyak dpt membeli,bisa untuk cari duit lgi,malah nambah bisnis baru buat mereka yg melansir bbm",Negatif,mending tidak usah aja sistim kayak ginimending liat kendara aja dipake isi bbmyg beli bbm tetap lansir minyak bnyak dpt membelibisa cari duit lgimalah nambah bisnis baru buat mereka lansir bbm
Pengguna Google,5,2025-12-15 23:14:47,bagus,Positif,bagus
Pengguna Google,5,2025-12-15 22:01:42,wow,Positif,wow
Pengguna Google,5,2025-12-15 21:28:50,barcode kak bisa di pake kenapa,Positif,barcode kak bisa pake kenapa
Pengguna Google,5,2025-12-15 21:28:29,baik,Positif,baik
Pengguna Google,1,2025-12-15 17:40:02,di update malah jadi gabisa login parah sistemnyaa 🤦🏻‍♂️🤦🏻‍♂️🤦🏻‍♂️,Negatif,update malah jadi gabisa login parah sistemnyaa
Pengguna Google,5,2025-12-15 16:49:18,sangat membantu,Positif,sangat bantu
Pengguna Google,1,2025-12-15 16:40:43,apk bangke... susah di akses. bikin ribet,Negatif,aplikasi bangke susah akses bikin ribet
Pengguna Google,1,2025-12-15 15:28:00,otp nya gak muncul-muncul jirrr🗿,Negatif,otp nya gak munculmuncul jirrr
Pengguna Google,1,2025-12-15 13:15:31,Sulit sekali mendaftarkan kendaraan untuk dapat barcode. sudah kirim email tetap saja tidak ada respon.,Negatif,sulit sekali daftar kendara dapat barcode sudah kirim email tetap saja tidak ada respon
Pengguna Google,1,2025-12-15 12:33:38,"aplikasinya tidak jelas,sebelumnya sudah daftar dan ada barcode.setelah 2 bulan di blokir.",Negatif,aplikasi tidak jelassebelumnya sudah daftar ada barcodesetelah bulan blokir
Pengguna Google,1,2025-12-15 12:18:04,Aplikasi BAHLUL,Negatif,aplikasi bahlul
Pengguna Google,5,2025-12-15 10:46:09,top,Positif,top
Pengguna Google,5,2025-12-15 10:34:30,mantap,Positif,mantap
Pengguna Google,5,2025-12-15 10:10:47,bagus,Positif,bagus
Pengguna Google,1,2025-12-15 10:07:17,"versi yg skrg malah bikin susah untuk pendaftaran barcodenya,lebih baik yg versi dulu lebih mudah,tolong dipermudah untuk pendaftaran barcodenya..photo semua dah benar di tolak terus",Negatif,versi skrg malah bikin susah daftar barcodenyalebih baik versi dulu lebih mudahtolong mudah daftar barcodenyaphoto semua dah benar tolak terus
Pengguna Google,2,2025-12-15 09:36:44,Beli minyak lancar,Negatif,beli minyak lancar
Pengguna Google,1,2025-12-15 08:44:38,"aplikasi nyusahin rakyat kayk bgini nih, barcode udh trdftar , hilang akun atau lupa akun dll, harusnya ada menu buat bisa d dftarin di akun yg baru padahal syarat stnk/bpkb ada smua , neger konoha sangaaat ribet",Negatif,aplikasi nyusahin rakyat kayk bgini nih barcode udh trdftar hilang akun atau lupa akun dll harus ada menu buat bisa d dftarin akun baru padahal syarat stnkbpkb ada smua neger konoha sangaaat ribet
Pengguna Google,5,2025-12-15 07:55:49,ini gimana caranya bikin barkode tapi mobil udah terdaftar....ko ngak ada pengajuannya....,Positif,gimana cara bikin barkode tapi mobil udah terdaftarko ngak ada aju
Pengguna Google,5,2025-12-15 07:14:48,mantap,Positif,mantap
Pengguna Google,5,2025-12-15 06:30:23,good,Positif,good
Pengguna Google,4,2025-12-15 02:34:52,lambat aplikasi nya. semoga lebih cepat loading nya,Positif,lambat aplikasi nya moga lebih cepat loading nya
Pengguna Google,5,2025-12-14 22:53:44,layanan cepat,Positif,layan cepat
Pengguna Google,1,2025-12-14 20:16:37,di SPBU ada yang ga bisa pke mypertamina,Negatif,spbu ada tidak bisa pke mypertamina
Pengguna Google,5,2025-12-14 17:31:03,sip oke punya Pertamina,Positif,sip oke punya pertamina
Pengguna Google,5,2025-12-14 17:23:47,mantap,Positif,mantap
Pengguna Google,1,2025-12-14 17:22:49,"barcode tidak terbaca, data kendaraan kosong d akun",Negatif,barcode tidak baca data kendara kosong d akun
Pengguna Google,5,2025-12-14 13:06:52,mantap,Positif,mantap
Pengguna Google,1,2025-12-14 12:44:05,gagal memproses terus padahal sudah oke semua,Negatif,gagal proses terus padahal sudah oke semua
Pengguna Google,1,2025-12-14 11:31:00,"call center pulsa di makan. data kendaraan tiba-tiba di hapus, mau daftar ulang kendaran di tolak karena kendaraan sudah pernah terdaftar. bertele-tele dan sangat merepotkan. kira kira di reson gak ni",Negatif,call center pulsa makan data kendara tibatiba hapus mau daftar ulang kendaran tolak karena kendara sudah pernah daftar berteletele sangat repot kira kira reson gak ni
Pengguna Google,5,2025-12-14 11:26:13,kenapa setiap saya mereset kata sandi selalu gagal di proses? karena saya mau login ke akun saya selalu gagal karena saya lupa pasword nya .,Positif,kenapa tiap saya mereset kata sandi selalu gagal proses karena saya mau login akun saya selalu gagal karena saya lupa pasword nya
Pengguna Google,5,2025-12-14 11:09:44,bagus,Positif,bagus
Pengguna Google,1,2025-12-14 10:48:59,"APLIKASI APA INI, BARCODE SAYA TIDAK AKTIV, SAAT REGIST ULANG, BOLAK BALIK SURUH RESET SANDI, MW DAFTAR ULANG MALAH NIK SUDAH DIGUNAKAN, DAN SETELAH LIHAT ULASAN PELANGGAN : MY PERTAMINA BILANG : MOHON MAAF ATAS KETIDAK NYAMANANNYA, MEMANG SANGAT TIDAK NYAMAN",Negatif,aplikasi apa barcode saya tidak aktiv saat regist ulang bolak balik suruh reset sandi mw daftar ulang malah nik sudah guna telah lihat ulas langgan my pertamina bilang mohon maaf atas tidak nyaman memang sangat tidak nyaman
Pengguna Google,5,2025-12-14 05:36:33,mungkin lebih bagus lagi membaca barcode karena.kadang susah membaca waktu di scan membeli pertamina.Trmksh,Positif,mungkin lebih bagus lagi baca barcode karenakadang susah baca waktu scan beli pertaminatrmksh
Pengguna Google,5,2025-12-14 01:57:48,mempermudah urusan,Positif,mudah urus
Pengguna Google,1,2025-12-13 22:34:33,"maksud nya gimana sih? perasaan udah bener login dengan format no tlfn, kok keterangan format salah! gimana nih developer nya? bahlil",Negatif,maksud nya gimana sih asa udah bener login format no tlfn kok terang format salah gimana nih developer nya bahlil
Pengguna Google,5,2025-12-13 20:42:48,ok,Positif,ok
Pengguna Google,5,2025-12-13 19:58:25,mantap,Positif,mantap
Pengguna Google,1,2025-12-13 18:45:13,saya tidak bisa menggunakan aplikasi my Pertamina lg karena minta di perbaharui.. sunggu membingungkan kenapa harus mempersulit pelangan sementara oknum yg Tampa aplikasih masih bisa leluasa mengisi Minyak subsidi nya..😭,Negatif,saya tidak bisa guna aplikasi my pertamina lg karena minta baharu sunggu bingung kenapa harus sulit pelang sementara oknum tampa aplikasih masih bisa leluasa isi minyak subsidi nya
Pengguna Google,5,2025-12-13 17:58:51,sangat membantu deh... pokonya manfaatkan dengan adanya MyPertamina👍👍,Positif,sangat bantu deh poko manfaat ada mypertamina
Pengguna Google,1,2025-12-13 16:59:26,aplikasinya kebanyakan eror,Negatif,aplikasi banyak eror
Pengguna Google,1,2025-12-13 16:39:34,"aplikasi gak jelas. mau daftar, dibilang ktp mirip dengan ktp yg daftar sebelum nya. padahal ini pertama saya daftar. mau komplain gak jelas kemana, di wa pun tidak ada respon. parah aplikasi nya",Negatif,aplikasi gak jelas mau daftar bilang ktp mirip ktp daftar belum nya padahal pertama saya daftar mau komplain gak jelas mana wa pun tidak ada respon parah aplikasi nya
Pengguna Google,2,2025-12-13 15:27:53,pertalite di campur etanol.. bikin motor rusak dan hancur mesin nya... 😭😭,Negatif,pertalite campur etanol bikin motor rusak hancur mesin nya
Pengguna Google,1,2025-12-13 13:46:10,barcode yang sekarang baru jadi belum buat isi bbm sudah terblokir. Jangan bikin peraturan rumit!,Negatif,barcode sekarang baru jadi belum buat isi bbm sudah blokir jangan bikin atur rumit
Pengguna Google,5,2025-12-13 13:34:21,aplikasi keren. sangat bermanfaat,Positif,aplikasi keren sangat manfaat
Pengguna Google,5,2025-12-13 12:22:29,kok saya di persulitkan saat buat bar qode ya mohon di verifikasi duluh dong datanya,Positif,kok saya sulit saat buat bar qode ya mohon verifikasi duluh dong data
Pengguna Google,5,2025-12-13 11:41:38,mantap,Positif,mantap
Pengguna Google,5,2025-12-13 10:58:10,sayangnya beli pertalite nggak bisa pakai my Pertamina apa beda pom bensin beda,Positif,sayang beli pertalite nggak bisa pakai my pertamina apa beda pom bensin beda
Pengguna Google,4,2025-12-13 10:57:50,top,Positif,top
Pengguna Google,1,2025-12-13 10:30:06,"kenapa dexlite dan pertamina dex gk ada di bandar lampung sdh hampir 2 minggu, sudah 1 minggu. saya buat disini biar kalian notice, di tag sosmed pertamina dan mypertamin pun gk direspon",Negatif,kenapa dexlite pertamina dex tidak ada bandar lampung sdh hampir minggu sudah minggu saya buat sini biar kalian notice tag sosmed pertamina mypertamin pun tidak direspon
Pengguna Google,5,2025-12-13 10:25:44,mayan,Positif,mayan
Pengguna Google,1,2025-12-13 09:37:25,bayar d SPBU my pertama saya eror d coba beberapa kali sudah 15 menit,Negatif,bayar d spbu my pertama saya eror d coba beberapa kali sudah menit
Pengguna Google,1,2025-12-13 07:13:39,aplikasi ribet daftar subsidi buat QR error mulu!,Negatif,aplikasi ribet daftar subsidi buat qr error mulu
Pengguna Google,1,2025-12-13 07:00:22,sangat sulit untuk login kembali apabila lupa email dan password. alangkah lebih baiknya kalau di permudah dengan login pakai plat nomor kendaraan. semoga admin bisa mempertimbangkannya. Terima Kasih,Negatif,sangat sulit login kembali apabila lupa email password alangkah lebih baik kalau mudah login pakai plat nomor kendara moga admin bisa timbang terima kasih
Pengguna Google,4,2025-12-13 06:25:40,agak lambat,Positif,agak lambat
Pengguna Google,5,2025-12-12 22:49:22,Gak bgus,Positif,gak bgus
Pengguna Google,5,2025-12-12 22:41:11,"Lebih cepat, simple, mudah membayar dng MyPertamina. Thank you MyPertamina.",Positif,lebih cepat simple mudah bayar dng mypertamina thank you mypertamina
Pengguna Google,5,2025-12-12 21:07:23,terimakasih,Positif,terimakasih
Pengguna Google,1,2025-12-12 20:15:43,"QR code tidak bisa di gunakan, info orang spbu disuruh update lagi. sudah di update suruh daftar lagi, pas daftar g bisa bisa. minta tolong dong sistem pertamina di perbaiki lagi 😕",Negatif,qr code tidak bisa guna info orang spbu suruh update lagi sudah update suruh daftar lagi pas daftar g bisa bisa minta tolong dong sistem pertamina baik lagi
Pengguna Google,1,2025-12-12 19:10:56,terlalu banyak password yang harus di ingat...,Negatif,terlalu banyak password harus ingat
Pengguna Google,5,2025-12-12 18:37:38,sangat sangat Menyenangkan 😊,Positif,sangat sangat senang
Pengguna Google,1,2025-12-12 18:18:20,aplikasi nyusahin rakyat!,Negatif,aplikasi nyusahin rakyat
Pengguna Google,5,2025-12-12 18:10:36,bagus,Positif,bagus
Pengguna Google,1,2025-12-12 18:03:24,Kenapa kalau isi Pertamax92 terasa lebih boros (lebih cepat habis) dengan jarak tempuh yang sama ya? Beda jika saya isi dengan BP-92 atau Shell Super 92 masih terasa iritnya. Saya harap Pertamina bisa meningkatkan kualitas bahan bakarnya.,Negatif,kenapa kalau isi pertamax asa lebih boros lebih cepat habis jarak tempuh sama ya beda jika saya isi bp atau shell super masih asa irit saya harap pertamina bisa tingkat kualitas bahan bakar
Pengguna Google,1,2025-12-12 18:02:36,Akun saya tidak bisa digunakan kan lagi mau registrasi akun baru malah nggak bisa,Negatif,akun saya tidak bisa guna kan lagi mau registrasi akun baru malah nggak bisa
Pengguna Google,5,2025-12-12 16:49:30,Ok terima kasih,Positif,ok terima kasih
Pengguna Google,5,2025-12-12 16:32:49,good,Positif,good
Pengguna Google,5,2025-12-12 16:00:46,semoga My Pertamina semakin baik,Positif,moga my pertamina makin baik
Pengguna Google,1,2025-12-12 15:24:55,"LAYANAN APAAN MASA MAU CHAT ADMIN AJA PAKE NOMOR ANTRIAN, UDAH GITU NUNGGU NYA LAMA BANGAT. UDAH TUKAR POIN TAPI GA ADA TUH BARANG YG DI KIRIM. UDAH 1 BULAN GA DI KIRIM. PAYAH",Negatif,layan apa masa mau chat admin aja pake nomor antri udah gitu nunggu nya lama bangat udah tukar poin tapi tidak ada tuh barang kirim udah bulan tidak kirim payah
Pengguna Google,2,2025-12-12 14:42:50,masih banyak SPBU yg belum bisa menggunakan aplikasi ini kadang eror karyawan nya belum paham teknologi masa kalah sama warung Madura yg Sudh menerapkan pembayaran digital,Negatif,masih banyak spbu belum bisa guna aplikasi kadang eror karyawan nya belum paham teknologi masa kalah sama warung madura sudh terap bayar digital
Pengguna Google,5,2025-12-12 13:52:00,sangat bagus sekali,Positif,sangat bagus sekali
Pengguna Google,1,2025-12-12 13:43:54,"Barcode saya dihapus dengan alasan yang tidak masuk akal, saya coba daftar kembali aplikasi selalu error terus",Negatif,barcode saya hapus alas tidak masuk akal saya coba daftar kembali aplikasi selalu error terus
Pengguna Google,5,2025-12-12 13:16:41,bagus sangat membantu,Positif,bagus sangat bantu
Pengguna Google,5,2025-12-12 13:02:55,bagus,Positif,bagus
Pengguna Google,5,2025-12-12 12:32:57,mantap,Positif,mantap
Pengguna Google,5,2025-12-12 11:57:26,my Pertamina memang oke,Positif,my pertamina memang oke
Pengguna Google,5,2025-12-12 11:48:13,memudarkan dalam pembelian BBM,Positif,pudar dalam beli bbm
Pengguna Google,5,2025-12-12 11:47:03,adaptasi dengan teknologi cukup bagus,Positif,adaptasi teknologi cukup bagus
Pengguna Google,5,2025-12-12 11:24:17,baik,Positif,baik
Pengguna Google,1,2025-12-12 11:01:35,"aplikasi aneh, buat barcode aja macam mau minta uang negara rumit nya, bolak balik disruh reset tapi balasan ny Nik tidak sesuai terus,,hapus aja aplikasi ini ga ad guna ny juga..",Negatif,aplikasi aneh buat barcode aja macam mau minta uang negara rumit nya bolak balik disruh reset tapi balas ny nik tidak sesuai terushapus aja aplikasi tidak ad guna ny juga
Pengguna Google,5,2025-12-12 10:35:20,terima kasih mbk ines cantik spbu cekareng yg telah membanntu,Positif,terima kasih mbk ines cantik spbu cekareng telah membanntu
Pengguna Google,1,2025-12-12 09:44:44,"5 kali penolakan saat pendaftaran kendaraan Untuk mendapatkan barcode, tdk jelas perintah nya juga balasan E-mail nya, kecewa. apalagi harus masuk Web baru bisa ajukan banding trus.",Negatif,kali tolak saat daftar kendara dapat barcode tidak jelas perintah nya juga balas email nya kecewa apalagi harus masuk web baru bisa aju banding trus
Pengguna Google,5,2025-12-12 09:39:04,kadang lama tunggu konfirmasi pembayaran.. sisanya good applikasi,Positif,kadang lama tunggu konfirmasi bayar sisa good applikasi
Pengguna Google,1,2025-12-12 09:18:08,gak jelas lu,Negatif,gak jelas lu
Pengguna Google,4,2025-12-12 08:20:51,ok,Positif,ok
Pengguna Google,5,2025-12-12 07:27:28,lumayanlah,Positif,lumayan
Pengguna Google,1,2025-12-12 07:26:50,"bapak kepala BUMN yang terhormat.., saya sudah buat registrasi barcode subsidi.., sebelumnya sudah punya & kebetulan ganti pajak dan plat nomor juga berubah otomatis ganti juga.., setelah saya ganti kok nunggu sampai 14 hari... kan terlalu lama verivikasi, harusnya 1 hari sudah cukup pak.., sesuai atau tidak kan langsung tolak dan suruh di uploud ulang dengan benar.., saran dan masukan saya jangan nunggu sampai 14 hari.., kelamaan pak",Negatif,bapak kepala bumn hormat saya sudah buat registrasi barcode subsidi belum sudah punya betul ganti pajak plat nomor juga ubah otomatis ganti juga telah saya ganti kok nunggu sampai hari kan terlalu lama verivikasi harus hari sudah cukup pak sesuai atau tidak kan langsung tolak suruh uploud ulang benar saran masuk saya jangan nunggu sampai hari lama pak
Pengguna Google,1,2025-12-12 06:56:06,"metode pembelian E Voucher hanya bisa pakai Linkaja, tambah metode pembayaran yang lain dong",Negatif,metode beli e voucher hanya bisa pakai linkaja tambah metode bayar lain dong
Pengguna Google,1,2025-12-12 01:00:27,"dapat poin apa yang mau ditukar stok habis, pernah tukar oli harus ambil kemana tidak tersedia di SPBU kalah jauh lah kualitas sama swasta. dari pelayanan operator aja kelihatan jelas kalah jauh disaat antri panjang banyak pompa kosong tapi yang jalan cuma beberapa terus pompa yang lain buat apa?? mikir kalau punya usaha mah jangan diam aja kalau banyak yang kritik cari solusi 💨",Negatif,dapat poin apa mau tukar stok habis pernah tukar oli harus ambil mana tidak sedia spbu kalah jauh lah kualitas sama swasta layan operator aja lihat jelas kalah jauh saat antri panjang banyak pompa kosong tapi jalan cuma beberapa terus pompa lain buat apa mikir kalau punya usaha mah jangan diam aja kalau banyak kritik cari solusi
Pengguna Google,5,2025-12-11 22:24:28,bagus,Positif,bagus
Pengguna Google,1,2025-12-11 21:58:33,"saya diminta update ktika mau isi BBM d Pertamina, ktika udh beres malah gbsa login, biasanya login pake email atau no hp. malah dibilang format salah",Negatif,saya minta update ktika mau isi bbm d pertamina ktika udh beres malah gbsa login biasa login pake email atau no hp malah bilang format salah
Pengguna Google,4,2025-12-11 21:42:02,setiap mau ngisi past mintak pembahuran trs..,Positif,tiap mau ngisi past mintak pembahuran trs
Pengguna Google,1,2025-12-11 21:39:41,verifikasi email-nya ngeselin.,Negatif,verifikasi email ngeselin
Pengguna Google,4,2025-12-11 19:46:12,"sy memasukkan mobil ke 3 tdk bisa karena STN belum jadi di satlantas,hanya pajak yang ada trim,sekarang STN sudah ada tapi sy masukkan masih kesulitan,gimana jln.keluarnya.",Positif,sy masuk mobil tidak bisa karena stn belum jadi satlantashanya pajak ada trimsekarang stn sudah ada tapi sy masuk masih kesulitangimana jlnkeluarnya
Pengguna Google,1,2025-12-11 19:29:05,SUSAH TIDAH BISA DI AKSES PENGUNA BARU,Negatif,susah tidah bisa akses penguna baru
Pengguna Google,2,2025-12-11 19:22:52,QR hnya jd ladang pungli bagi pegawai spbu.yg tdk punya QR hnya akn d isikn 10Ltr tp klo mau ngasih 5-10rb akn d kasih full.blm lg QR rawan d copy olh spbu nakal ntk d gunakan wkt jual bbm malam2 berskala besar.1 orang bs sampai 1000Ltr.akhir nya 2 QR saya trblokir krn di anggap pelangsir.,Negatif,qr hnya jd ladang pungli bagi pegawai spbuyg tidak punya qr hnya akn d isikn ltr tp klo mau ngasih rb akn d kasih fullblm lg qr rawan d copy olh spbu nakal ntk d guna wkt jual bbm malam skala besar orang bs sampai ltrakhir nya qr saya trblokir krn anggap langsir
Pengguna Google,5,2025-12-11 18:10:37,sangat mempermudah dan bermanfaat,Positif,sangat mudah manfaat
Pengguna Google,5,2025-12-11 18:00:19,dengan aplikasi ini kita di permudah untuk pembelian bahan bakar subsidi,Positif,aplikasi kita mudah beli bahan bakar subsidi
Pengguna Google,5,2025-12-11 16:55:21,butuh riset kata sandi,Positif,butuh riset kata sandi
Pengguna Google,5,2025-12-11 16:45:24,Saya sangat puas dengan pelayanan setiap kali saya beli BBM terutama pom yang berdekatan dengan tempat tinggal saya di Lenteng Agung Jagakarsa,Positif,saya sangat puas layan tiap kali saya beli bbm utama pom dekat tempat tinggal saya lenteng agung jagakarsa
Pengguna Google,5,2025-12-11 16:38:05,ok,Positif,ok
Pengguna Google,5,2025-12-11 16:36:37,ok,Positif,ok
Pengguna Google,1,2025-12-11 16:36:28,aplikasi gk jelas lelet.,Negatif,aplikasi tidak jelas lelet
Pengguna Google,1,2025-12-11 16:10:10,aplikasi bikin emosi,Negatif,aplikasi bikin emosi
Pengguna Google,1,2025-12-11 15:00:13,tidak bisa tampilkan sisa kuota BBM.,Negatif,tidak bisa tampil sisa kuota bbm
Pengguna Google,5,2025-12-11 14:26:03,oke,Positif,oke
Pengguna Google,5,2025-12-11 14:18:02,keren,Positif,keren
Pengguna Google,1,2025-12-11 13:34:19,susah banget buat daftar doang. payah nih apk dan adm pertaminanya,Negatif,susah banget buat daftar doang payah nih aplikasi adm pertaminanya
Pengguna Google,5,2025-12-11 13:03:05,baik bgt..bener2 diarahkan cara pemakainya dispbu m.yamin medan..recomended pegawainya baik n ramah..,Positif,baik bgtbener arah cara maka dispbu myamin medanrecomended pegawai baik n ramah
Pengguna Google,1,2025-12-11 12:36:58,verifikasi email lama,Negatif,verifikasi email lama
Pengguna Google,5,2025-12-11 11:53:11,siip,Positif,siip
Pengguna Google,5,2025-12-11 11:50:36,"tolong tingkatkanblg disetiap SPBU bisa pakai my pertamina, dan perbaiki juga pada saat scan barcode my pertamina tidak lemot membacanya. terimakasih.",Positif,tolong tingkatkanblg tiap spbu bisa pakai my pertamina baik juga saat scan barcode my pertamina tidak lot baca terimakasih
Pengguna Google,1,2025-12-11 11:45:41,"makin kesini makin dipersulit, sistem aneh, fomo bikin aplikasi, otp lama masuk, AI yang ngasal ngecap KTP, bilang editan, gimana mau ngedit? itu difoto realtime, kecuali upload dari galeri",Negatif,makin kesini makin sulit sistem aneh fomo bikin aplikasi otp lama masuk ai ngasal ngecap ktp bilang edit gimana mau ngedit foto realtime kecuali upload galeri
Pengguna Google,1,2025-12-11 11:43:09,"kode verifikasi ke email tidak muncul padahal alamat email sudah benar, sekalinya muncul 15 menit kemudian ketika waktu tunggu input kode sudah habis, mohon bantuannya min",Negatif,kode verifikasi email tidak muncul padahal alamat email sudah benar sekali muncul menit kemudian ketika waktu tunggu input kode sudah habis mohon bantu min
Pengguna Google,5,2025-12-11 10:48:44,ok,Positif,ok
Pengguna Google,5,2025-12-11 09:57:05,sangat memudahkan saat pengisian pertalite di SPBU manapun,Positif,sangat mudah saat isi pertalite spbu mana
Pengguna Google,5,2025-12-11 09:22:37,bgus ski my pertamina,Positif,bgus ski my pertamina
Pengguna Google,1,2025-12-11 09:07:22,aplikasinya buruk,Negatif,aplikasi buruk
Pengguna Google,1,2025-12-11 09:05:35,perlu otp. otp baru masuk 1 jam kemudian otp udah tidak berlaku kebobrokan apa lagi ini? buat aplikasi aja mempersulit,Negatif,perlu otp otp baru masuk jam kemudian otp udah tidak laku bobrok apa lagi buat aplikasi aja sulit
Pengguna Google,5,2025-12-11 08:43:51,bagus,Positif,bagus
Pengguna Google,1,2025-12-11 08:19:44,gagal twrus dan apk totlol,Negatif,gagal twrus aplikasi totlol
Pengguna Google,2,2025-12-11 08:16:20,lambat banget untuk mendapatkan kode otp nya. parah banget..,Negatif,lambat banget dapat kode otp nya parah banget
Pengguna Google,5,2025-12-11 08:07:30,mantap,Positif,mantap
Pengguna Google,1,2025-12-11 08:05:31,"Aplikasi yg sangat menguras emosi, udah dicoba berulang2 malahan data ditolak2, pake data baru juga NIK dan STNK tdk sesuai, bukanya mempermudah malah tambah ruwet, sperti ijazah sono....maaf anda hanya dapat 1 bintang saja",Negatif,aplikasi sangat uras emosi udah coba ulang malah data tolak pake data baru juga nik stnk tidak sesuai buka mudah malah tambah ruwet sperti ijazah sonomaaf anda hanya dapat bintang saja
Pengguna Google,1,2025-12-11 07:28:52,OTP NYA LAMA PAKE BANGET KALI UNTUK MASUK KE EMAIL,Negatif,otp nya lama pake banget kali masuk email
Pengguna Google,5,2025-12-11 07:07:00,bagus,Positif,bagus
Pengguna Google,1,2025-12-11 06:33:24,"kode otp buka login doang dikirim 8 jam setelahnya, seburuk itu kah handle aplikasi ginian?",Negatif,kode otp buka login doang kirim jam telah buruk kah handle aplikasi ginian
Pengguna Google,5,2025-12-11 06:19:07,ok,Positif,ok
Pengguna Google,1,2025-12-11 06:14:08,aplikasi gethuk kirim KODE OTP aja lama bgt kayak cari pasangan hidup🤧aplikasi jelek,Negatif,aplikasi gethuk kirim kode otp aja lama banget kayak cari pasang hidupaplikasi jelek
Pengguna Google,1,2025-12-11 06:13:53,lucu sih.. mobil angkutan barangnya ada STNK ada tapi pas isi solar ga bs cuma karena barcodenya gagal daftar terus. aplikasi bukannya mempermudah malah bikin ribet. harusnya yg wajib punya aplikasi itu dari si pihak SPBU. jadi si pihak SPBU cukup misal input nopol yang ada di STNK kalo masuk kategori subsidi yudh boleh diisi.. kalo yang skrgkan malah di salah gunakan dan dijual belikan barcode sama oknum.. aneehh,Negatif,lucu sih mobil angkut barang ada stnk ada tapi pas isi solar tidak bs cuma karena barcodenya gagal daftar terus aplikasi bukan mudah malah bikin ribet harus wajib punya aplikasi si pihak spbu jadi si pihak spbu cukup misal input nopol ada stnk kalo masuk kategori subsidi yudh boleh isi kalo skrgkan malah salah guna jual belikan barcode sama oknum aneehh
Pengguna Google,2,2025-12-11 05:46:15,"sebelumnya sy mendapat subsidi tepat biosolar dan kendaran pick up th 2001 akan tetapi setelah di upgrade pengajuan sy selalu di tolak trus alasan di minta dateng ke samsat, uda dateng dan berusaha mengurus kembali hasilnya masih nihil di tolak, sy terpaksa dr juni sampai sekarang memakai dexlite bayangkan berapa uang yg hrs sy kluarkan setiap kali sy mengoprasikam pick up mobil tua itu, di apk mypertamina, untuk cc melalui VC ta bs chat dg nadya ta bs uda msukin email OTP ta dkrm, perbaikilah!!",Negatif,belum sy dapat subsidi tepat biosolar kendaran pick up th akan tetapi telah upgrade aju sy selalu tolak trus alas minta dateng samsat uda dateng usaha urus kembali hasil masih nihil tolak sy paksa dr juni sampai sekarang pakai dexlite bayang berapa uang hrs sy kluarkan tiap kali sy mengoprasikam pick up mobil tua aplikasi mypertamina cc lalu vc ta bs chat dg nadya ta bs uda msukin email otp ta dkrm baik
Pengguna Google,1,2025-12-11 05:42:42,banyak error,Negatif,banyak error
Pengguna Google,4,2025-12-11 05:15:13,"tolong untuk pengembang uplikasi, email otp lama banget buat masuknya keburu kaldaluarsa .. masa mita minta kemudian 5 jam kemudian baru masuk ..dikirim melalui WA pun sama.. selebihnya bagus .. trimakasih pertamina",Positif,tolong kembang uplikasi email otp lama banget buat masuk keburu kaldaluarsa masa mita minta kemudian jam kemudian baru masuk kirim lalu wa pun sama lebih bagus trimakasih pertamina
Pengguna Google,5,2025-12-11 04:19:48,kren,Positif,kren
Pengguna Google,1,2025-12-11 02:47:44,sangat baik,Negatif,sangat baik
Pengguna Google,1,2025-12-11 01:53:16,"masa kode OTP nya hanya berlaku 1menit sementara saya menerima kode OTP 1jam kemudian otomatis gk bisa digunakan, minta kode ulang selalu di terima terlambat. bagaimana kode OTP bisa digunakan. tolonglah diperbaiki. pertamax susah dicari pertalet harus pakai barkode terus kami harus beli pakai apa. sama saja bohong kan",Negatif,masa kode otp nya hanya laku menit sementara saya terima kode otp jam kemudian otomatis tidak bisa guna minta kode ulang selalu terima lambat bagaimana kode otp bisa guna tolong baik pertamax susah cari pertalet harus pakai barkode terus kami harus beli pakai apa sama saja bohong kan
Pengguna Google,1,2025-12-11 00:58:12,"download kode barcode nya harus masukin otp,tapi otp nya lambat masuk nya,toling perbaikin lagi sistem nya",Negatif,download kode barcode nya harus masukin otptapi otp nya lambat masuk nyatoling perbaikin lagi sistem nya
Pengguna Google,1,2025-12-10 23:27:43,"keluh kesah WNI, BUMN dikelola macam anak terbelakang, woii Pertamina menguasai hajat hidup orang banyak nyusahin orang banyak. kode otp baru masuk 2-3 jam an, barcode tak permanen , Webny pun forceclose muluk..hidup cuma sekali jadi WNI.",Negatif,keluh kesah wni bumn kelola macam anak belakang woii pertamina kuasa hajat hidup orang banyak nyusahin orang banyak kode otp baru masuk jam an barcode tak permanen webny pun forceclose mulukhidup cuma sekali jadi wni
Pengguna Google,1,2025-12-10 22:51:41,sistem bosok ra satset nyok munyok,Negatif,sistem bosok ra satset nyok munyok
Pengguna Google,1,2025-12-10 22:14:29,respon kode otpnya sangat lambat,Negatif,respon kode otpnya sangat lambat
Pengguna Google,5,2025-12-10 21:26:23,praktis,Positif,praktis
Pengguna Google,5,2025-12-10 20:24:25,pertamina semakin mantap wae,Positif,pertamina makin mantap wae
Pengguna Google,5,2025-12-10 20:03:01,enak ga perlu ngantri,Positif,enak tidak perlu ngantri
Pengguna Google,5,2025-12-10 19:35:50,ok... sayang Pertamina harus melakukan perbaikan server dikarenakan kok bisa klo hujan kok SPBU trouble jadi ga bisa ISi bensin... 🤔🤔 jaman apa ya ini?,Positif,ok sayang pertamina harus laku baik server karena kok bisa klo hujan kok spbu trouble jadi tidak bisa isi bensin jaman apa ya
Pengguna Google,5,2025-12-10 19:20:36,satset disaat buru buru,Positif,satset saat buru buru
Pengguna Google,1,2025-12-10 19:09:45,"Di Indonesia doang mau beli bensin bukan nyolong tp di persulit taik, verifikasi email ga nongol2...kelas BUMN kek gini...mau kesebelah malah di sabotase..maunya kek gmn pertamina?",Negatif,indonesia doang mau beli bensin bukan nyolong tp sulit taik verifikasi email tidak nongolkelas bumn kek ginimau belah malah sabotasemaunya kek gmn pertamina
Pengguna Google,1,2025-12-10 19:08:06,ini aplikasi apa bikin susah aja kode otp gk ada masuk - masuk. mau daftar aja susah,Negatif,aplikasi apa bikin susah aja kode otp tidak ada masuk masuk mau daftar aja susah
Pengguna Google,1,2025-12-10 19:07:00,"parah banget. . konfirmasi lupa kata sandi tidak segera di kirim. iseng coba buka Gmail lagi, eh ternyata selang beberapa jam baru ada kotak masuk terkait konfirmasi sandi baru",Negatif,parah banget konfirmasi lupa kata sandi tidak segera kirim iseng coba buka gmail lagi eh nyata selang beberapa jam baru ada kotak masuk kait konfirmasi sandi baru
Pengguna Google,2,2025-12-10 17:25:00,kenapa waktu pengiriman otp ke email kok ga ke kirim kirim ya,Negatif,kenapa waktu kirim otp email kok tidak kirim kirim ya
Pengguna Google,1,2025-12-10 17:08:10,apa lah ini aplikasi BUMN gk bagus amat pindah akun sama lupa sandi ribet banget,Negatif,apa lah aplikasi bumn tidak bagus amat pindah akun sama lupa sandi ribet banget
Pengguna Google,1,2025-12-10 16:58:05,"bikin repot bikin riweuh,, mau isi minyak aja ribet,, subsidi tepat apanya,, mau daftar repot, otp ngak ada respond,, call centre ngak ngasih solusi, cuma nyuruh sabar, alasan sistem perbaikan, tunggu saja, kl ngak nanti malam besok, terus aja gitu.. mau isi pertamax sama pertamax turbo, malah habis di spbu, ngak tau kapan ada lagi... mohon perbaikan.. jgn liat sebelnya, tapi jadiin perbaikan biar amanah..",Negatif,bikin repot bikin riweuh mau isi minyak aja ribet subsidi tepat apa mau daftar repot otp ngak ada respond call centre ngak ngasih solusi cuma nyuruh sabar alas sistem baik tunggu saja kl ngak nanti malam besok terus aja gitu mau isi pertamax sama pertamax turbo malah habis spbu ngak tau kapan ada lagi mohon baik jgn liat sebel tapi jadiin baik biar amanah
Pengguna Google,1,2025-12-10 16:54:53,"format nomor telepon salah terus, bagaimana inii",Negatif,format nomor telepon salah terus bagaimana ini
Pengguna Google,1,2025-12-10 16:37:28,"update mulu, terlalu sering update hingga mengganggu saat melakukan pembayaran via my pertamina",Negatif,update mulu terlalu sering update hingga ganggu saat laku bayar via my pertamina
Pengguna Google,1,2025-12-10 15:11:42,tidak dapat menerima kode OTP dari Gmail. sudah pilih opsi bantuan hingga kirim pesan tapi tidak ada respon sama sekali,Negatif,tidak dapat terima kode otp gmail sudah pilih opsi bantu hingga kirim pesan tapi tidak ada respon sama sekali
Pengguna Google,1,2025-12-10 15:01:25,"aplikasi ga ada guna,,mw daftar subsidi pertalite susah minta ampun",Negatif,aplikasi tidak ada gunamw daftar subsidi pertalite susah minta ampun
Pengguna Google,5,2025-12-10 14:58:57,sangat membantu kita dalam pembayaran,Positif,sangat bantu kita dalam bayar
Pengguna Google,1,2025-12-10 14:53:53,"aplikasi tidak berguna, main bayar di spbu baru bisa",Negatif,aplikasi tidak guna main bayar spbu baru bisa
Pengguna Google,5,2025-12-10 14:49:18,mantap,Positif,mantap
Pengguna Google,5,2025-12-10 13:58:20,selama ini tidak ada kendala,Positif,lama tidak ada kendala
Pengguna Google,1,2025-12-10 13:37:18,verifikasi email otpnya gak masuk2 aplikasi cacat parah,Negatif,verifikasi email otpnya gak masuk aplikasi cacat parah
Pengguna Google,5,2025-12-10 13:32:53,ok sip,Positif,ok sip
Pengguna Google,5,2025-12-10 13:23:23,sedikit ribet karena harus pakai OTP,Positif,sedikit ribet karena harus pakai otp
Pengguna Google,4,2025-12-10 12:55:09,semoga semakin baik,Positif,moga makin baik
Pengguna Google,1,2025-12-10 12:12:40,aplikasi ttaiii mau ferifikasi email bilang nya link di kirim ke email nyatabya nggak ada ttaiii,Negatif,aplikasi ttaiii mau ferifikasi email bilang nya link kirim email nyatabya nggak ada ttaiii
Pengguna Google,1,2025-12-10 11:32:46,uang saya hilang Rp.500.000 di maypertamina hati hati buat kalian yag mengunakan maypertamina,Negatif,uang saya hilang rp maypertamina hati hati buat kalian yag mengunakan maypertamina
Pengguna Google,5,2025-12-10 11:03:03,Kenapa Susah Login Ulang untuk Subsidi Tepat di My Pertamina ? Kenapa Kode Verifikasi Tidak Dikirimkan k Email Padahal Perintahnya Suruh Cek 6 Kode Verifikasi di Email ?? Kenapa Pertamina Tidak Respon ??,Positif,kenapa susah login ulang subsidi tepat my pertamina kenapa kode verifikasi tidak kirim k email padahal perintah suruh cek kode verifikasi email kenapa pertamina tidak respon
Pengguna Google,5,2025-12-10 10:29:08,mantap aja,Positif,mantap aja
Pengguna Google,2,2025-12-10 10:12:34,setiap saya mau mebayar d spbu qris sbpu selalu tidak dikenal bagaimana tolong dibantu,Negatif,tiap saya mau mebayar d spbu qris sbpu selalu tidak kenal bagaimana tolong bantu
Pengguna Google,5,2025-12-10 09:44:15,trims my pertamina buat acara kemarin selasa 9 des 2025 d pertamina samping Moll SMS bersama driver lady... trims buat souvenir nya sy setia dg pertamax... semoga poin2 setiap transaksi memberi kepuasan buat kami pelanggan pertamina 👍👍👍,Positif,trims my pertamina buat acara kemarin selasa des d pertamina samping moll sms sama driver lady trims buat souvenir nya sy setia dg pertamax moga poin tiap transaksi beri puas buat kami langgan pertamina
Pengguna Google,1,2025-12-10 08:55:50,aplikasi sangat susah di gunakan,Negatif,aplikasi sangat susah guna
Pengguna Google,1,2025-12-10 08:52:45,katanya 500 perliter tertanggal 10/12/2025 nyatanya bohong lah,Negatif,kata liter tanggal nyata bohong lah
Pengguna Google,1,2025-12-10 08:20:43,jelek,Negatif,jelek
Pengguna Google,5,2025-12-10 08:16:20,luar biasa,Positif,luar biasa
Pengguna Google,4,2025-12-10 08:08:06,saya tdk dapat2 email OTP ke email sudah berpuluh kali coba. itu kenapa ya?,Positif,saya tidak dapat email otp email sudah puluh kali coba kenapa ya
Pengguna Google,5,2025-12-10 08:00:13,Tingkat terus pelayanannya. Terimakasih,Positif,tingkat terus layan terimakasih
Pengguna Google,4,2025-12-10 07:51:00,cukup informatif produknya,Positif,cukup informatif produk
Pengguna Google,1,2025-12-10 07:43:40,"untuk mndptkan subsidi sngat2 susah brpa kali mndaftar brp kali ditolak walau dilain2 hp , mhon permudah 🙏",Negatif,mndptkan subsidi sngat susah brpa kali mndaftar brp kali tolak walau lain hp mhon mudah
Pengguna Google,5,2025-12-10 07:29:58,kita bisa beli 1 strip 10 liter harga manut 😀😀😀😀,Positif,kita bisa beli strip liter harga manut
Pengguna Google,5,2025-12-10 07:08:33,mandukung,Positif,mandukung
Pengguna Google,5,2025-12-10 04:30:09,mantap bro,Positif,mantap bro
Pengguna Google,5,2025-12-10 04:25:37,thanks pertama,Positif,thanks pertama
Pengguna Google,5,2025-12-10 01:45:18,kenapa kadang tidak bisa skend barcode seperti gangguan jaringan,Positif,kenapa kadang tidak bisa skend barcode seperti ganggu jaring
Pengguna Google,2,2025-12-09 23:18:51,barcode di mesin EDC di pom knp suka ngeblur ya?ini yg bikin lama scan sama bikin antre panjang beda sama barcode qris yg satset tolong di perbaiki,Negatif,barcode mesin edc pom knp suka ngeblur yaini bikin lama scan sama bikin antre panjang beda sama barcode qris satset tolong baik
Pengguna Google,1,2025-12-09 22:37:07,saya sudah bolak balik cetak ulang stnk foto stnk sudah jelas tapi di tolak mulu sudah 7 kali percobaan saya tunggu selama 5 hari tidak sampai 5 hari sehari saja langsung di tolak alasannya foto stnk tidak jelas bahan bakar tidak terbaca apalah sudah jelas jelas rapi dan terlihat padahal cetakan baru TOLONG DI Perbaiki DONG INI NAMANYA MEMPERSULIT,Negatif,saya sudah bolak balik cetak ulang stnk foto stnk sudah jelas tapi tolak mulu sudah kali coba saya tunggu lama hari tidak sampai hari hari saja langsung tolak alas foto stnk tidak jelas bahan bakar tidak baca apa sudah jelas jelas rapi lihat padahal cetak baru tolong baik dong nama sulit
Pengguna Google,5,2025-12-09 21:44:25,baik,Positif,baik
Pengguna Google,5,2025-12-09 21:38:54,"bagus bermanfaat transaksi di spbu, ada promo",Positif,bagus manfaat transaksi spbu ada promo
Pengguna Google,5,2025-12-09 20:35:12,mantap. dan mudah di pergunakan,Positif,mantap mudah guna
Pengguna Google,4,2025-12-09 20:03:31,sangat membantu kami aplikasi ini,Positif,sangat bantu kami aplikasi
Pengguna Google,1,2025-12-09 18:49:26,lambat,Negatif,lambat
Pengguna Google,4,2025-12-09 18:09:44,apakah bisa melihat riwayat pembelian bahan bakar subsidi?,Positif,apakah bisa lihat riwayat beli bahan bakar subsidi
Pengguna Google,1,2025-12-09 17:40:08,Aplikasi Bapuk,Negatif,aplikasi bapuk
Pengguna Google,5,2025-12-09 16:14:09,memuaskan,Positif,muas
Pengguna Google,1,2025-12-09 16:12:54,mempersulit rakyat,Negatif,sulit rakyat
Pengguna Google,5,2025-12-09 15:56:50,bagus dan cepet,Positif,bagus cepet
Pengguna Google,5,2025-12-09 14:56:59,kemudahan transaksi,Positif,mudah transaksi
Pengguna Google,1,2025-12-09 14:30:17,"Mohon bantuan nya, sudah 2 hari saya mendaftarkan kendaraan saya tetapi selalu di tolak dengan alasan STNK telah di blacklist. Saat saya menghubungi via video call selalu loading tanpa pernah terhubung sama sekali.",Negatif,mohon bantu nya sudah hari saya daftar kendara saya tetapi selalu tolak alas stnk telah blacklist saat saya hubung via video call selalu loading tanpa pernah hubung sama sekali
Pengguna Google,5,2025-12-09 14:20:35,"awal daftar agak susah utk verifikasi, tp pnggunaan cukup mudah. banyak promo2 asik",Positif,awal daftar agak susah utk verifikasi tp pnggunaan cukup mudah banyak promo asik
Pengguna Google,4,2025-12-09 13:18:31,mantap,Positif,mantap
Pengguna Google,5,2025-12-09 12:31:30,memudahkan,Positif,mudah
Pengguna Google,5,2025-12-09 12:10:35,ok,Positif,ok
Pengguna Google,1,2025-12-09 12:08:31,"kenapa selalu gagal? sudah sebulan daftar ga bisa2, verifikasi data diri ditolak, ektp tidak asli. apanya y tdak asli, saya foto langsung dr ktp.. app paling konyol sedunia. saya beli bbm bukan mau minta.",Negatif,kenapa selalu gagal sudah bulan daftar tidak bisa verifikasi data diri tolak ektp tidak asli apa y tdak asli saya foto langsung dr ktp app paling konyol dunia saya beli bbm bukan mau minta
Pengguna Google,5,2025-12-09 11:36:17,Memberi kemudahan bertransaksi,Positif,beri mudah transaksi
Pengguna Google,5,2025-12-09 11:26:21,ok,Positif,ok
Pengguna Google,5,2025-12-09 11:12:43,goooddd,Positif,goooddd
Pengguna Google,1,2025-12-09 09:50:36,tidak bisa mendaftarkan kendaraan. ribet,Negatif,tidak bisa daftar kendara ribet
Pengguna Google,5,2025-12-09 09:42:05,ada perubahan bagus👍🫰 jangan memusingkan masyarakat,Positif,ada ubah bagus jangan pusing masyarakat
Pengguna Google,5,2025-12-09 09:14:36,"Aplikasi sangat membantu dlm pengisian bbm, ada gimmik promo2x juga",Positif,aplikasi sangat bantu dlm isi bbm ada gimmik promox juga
Pengguna Google,5,2025-12-09 09:00:37,aplikasi sangat mudah,Positif,aplikasi sangat mudah
Pengguna Google,5,2025-12-09 08:38:41,ok,Positif,ok
Pengguna Google,1,2025-12-09 08:33:02,"barcode tidak bisa, daftar akun baru dengan nik baru untuk dapatkan barcode dipersulit dengan proses pendaftaran, dengan alasan no NIK tidak sesuai dwngan foto KTP, padahal sudah benar. mengecewakan. gak jelas!",Negatif,barcode tidak bisa daftar akun baru nik baru dapat barcode sulit proses daftar alas no nik tidak sesuai dwngan foto ktp padahal sudah benar kecewa gak jelas
Pengguna Google,5,2025-12-09 08:30:05,"informasi cepat, aplikasi mudah dipahami 👍",Positif,informasi cepat aplikasi mudah paham
Pengguna Google,1,2025-12-09 07:24:25,Menyusahkan daftar subsidi Tepat,Negatif,susah daftar subsidi tepat
Pengguna Google,4,2025-12-09 07:18:00,"sesudah di update beberapa bln lalu,sekarang mypertamina gak bisa lihat riwayat tempat spbu nya.padahal itu sngat membantu,apalagi kalau mobil rentalan yg gak ada gps nya.jadi kita bisa lihat mobil kita ada di mana2 nya.",Positif,sudah update beberapa bln lalusekarang mypertamina gak bisa lihat riwayat tempat spbu nyapadahal sngat membantuapalagi kalau mobil rental gak ada gps nyajadi kita bisa lihat mobil kita ada mana nya
Pengguna Google,1,2025-12-09 02:15:55,gagal memproses,Negatif,gagal proses
Pengguna Google,1,2025-12-09 01:45:39,"buruk banget, mostly di setiap pertamina bahkan hampir seluruh pom yang saya datangi gabisa pake, padahal harusnya aplikasi ini bisa mempermudah pembayaran buat yang tidak pegang cash, dan hanya terpampang banner my pertamina di jalur motor tapi gabisa dipakai, tolong coba diperbaiki sistem yang begini, kalau begini terus gimana negara mau maju kalau manajemen nya masih berantakan dan terus berlaku seperti itu",Negatif,buruk banget mostly tiap pertamina bahkan hampir seluruh pom saya datang gabisa pake padahal harus aplikasi bisa mudah bayar buat tidak pegang cash hanya pampang banner my pertamina jalur motor tapi gabisa pakai tolong coba baik sistem begini kalau begini terus gimana negara mau maju kalau manajemen nya masih beranta terus laku seperti
Pengguna Google,5,2025-12-08 22:03:27,sebenernya bagus tapi masalah nya bikin barcode mobil ganti plat nomor saja susah minta ampun sampek dibawakan BPKB asli tetep gak bisa ini rata2 keluhan sopir truk benar dan nyata dilapangan,Positif,sebenernya bagus tapi masalah nya bikin barcode mobil ganti plat nomor saja susah minta ampun sampek bawa bpkb asli tetep gak bisa rata keluh sopir truk benar nyata lapang
Pengguna Google,1,2025-12-08 20:45:39,masih tidak bisa meupload stnk dan kendaraan walupun sdh di hapus cache dan di restrat. lewat website pun harus pakai kamera depan. apakah tidak ada menu upload dari galery biar mempermudah. mohon solusinya,Negatif,masih tidak bisa meupload stnk kendara walupun sdh hapus cache restrat lewat website pun harus pakai kamera depan apakah tidak ada menu upload galery biar mudah mohon solusi
Pengguna Google,1,2025-12-08 18:43:44,Aplikasi gak berguna gak bisa dipake,Negatif,aplikasi gak guna gak bisa dipake
Pengguna Google,1,2025-12-08 17:49:40,"verifikasi harus menunggu 14 hari, lama banget",Negatif,verifikasi harus tunggu hari lama banget
Pengguna Google,1,2025-12-08 17:18:27,"daftar akun subsidi susah ribet, masa foto KTP asli dianggap editan masuk aplikasi nya lama banget pokoknya sistemnya kacauuuuuuu",Negatif,daftar akun subsidi susah ribet masa foto ktp asli anggap edit masuk aplikasi nya lama banget pokok sistem kacauuuuuuu
Pengguna Google,5,2025-12-08 17:08:00,SPBU yg memiliki layanan pembelian BBM menggunakan app mypertamina sangat membantu pelanggan dalam mengurangi antrian sperti pelanggan yg TDK pakai app mypertamina seperti contoh SPBU jl Bantul.. semoga SPBU yg Laen BS mencontoh.. maju trus mypertamina..,Positif,spbu milik layan beli bbm guna app mypertamina sangat bantu langgan dalam kurang antri sperti langgan tidak pakai app mypertamina seperti contoh spbu jl bantul moga spbu laen bs contoh maju trus mypertamina
Pengguna Google,4,2025-12-08 16:27:51,ingin log in tapi format no handphone salah terus,Positif,ingin log in tapi format no handphone salah terus
Pengguna Google,5,2025-12-08 14:17:04,penggunaannya memudahkan,Positif,guna mudah
Pengguna Google,1,2025-12-08 13:52:05,aplikasi nyusahin. verifikasi lama banget. qr merah terus di scan,Negatif,aplikasi nyusahin verifikasi lama banget qr merah terus scan
Pengguna Google,1,2025-12-08 12:15:31,"Pertamina beban negara, aplikasi tidak jelas, sering error🤮",Negatif,pertamina beban negara aplikasi tidak jelas sering error
Pengguna Google,2,2025-12-08 11:16:32,coba buat fitur untuk pelanggan bisa memantau ketersediaan bahan bakar di spbu. jadi pelanggan bisa tahu di spbu A misalnya ada stok bbm atau sedang kosong,Negatif,coba buat fitur langgan bisa pantau sedia bahan bakar spbu jadi langgan bisa tahu spbu a misal ada stok bbm atau sedang kosong
Pengguna Google,1,2025-12-08 11:12:26,sangat buruk. aplikasi susah mendaftarkan kendaraan banyak gagal.,Negatif,sangat buruk aplikasi susah daftar kendara banyak gagal
Pengguna Google,4,2025-12-08 09:07:42,Siip,Positif,siip
Pengguna Google,1,2025-12-08 08:52:30,"Lama gak buka aplikasi ini karena qr code udah diskrinsut, pas buka app data kendaraan malah ilang. Mau daftar lagi gak bisa. Gak berharap jawaban admin, paling disuruh DM ke ig atau call center lainnya. Admin gak guna.",Negatif,lama gak buka aplikasi karena qr code udah diskrinsut pas buka app data kendara malah ilang mau daftar lagi gak bisa gak harap jawab admin paling suruh dm ig atau call center lain admin gak guna
Pengguna Google,1,2025-12-08 07:44:55,Percuma ada aplikasi untuk motor disemua SPBU Pertamina mesti beli rp. 50.000 khusus pengendara roda 2 pembelian pertalite sedangkan motor saya honda beat yang max pengisiannya rp. 30.000,Negatif,percuma ada aplikasi motor semua spbu pertamina mesti beli rp khusus kendara roda beli pertalite sedang motor saya honda beat max isi rp
Pengguna Google,5,2025-12-08 07:01:39,Baru Mau ngasih Bintang Lima kalau aplikasinya bisa download Bukti Pembelian 🙏,Positif,baru mau ngasih bintang lima kalau aplikasi bisa download bukti beli
Pengguna Google,1,2025-12-08 02:59:04,"udah berkali-kali daftar bikin barcode Solor jawaban nya tidak sesuai terus, kenapa sih Pertamina tuh bisanya nyusahin rakyat saja saya mau beli bukan minta tolong",Negatif,udah berkalikali daftar bikin barcode solor jawab nya tidak sesuai terus kenapa sih pertamina tuh bisa nyusahin rakyat saja saya mau beli bukan minta tolong
Pengguna Google,5,2025-12-07 21:50:44,baik baik sekali,Positif,baik baik sekali
Pengguna Google,5,2025-12-07 21:47:47,my pertamina memudahkan kita untuk transaksi,Positif,my pertamina mudah kita transaksi
Pengguna Google,5,2025-12-07 21:16:54,terbaik no 1,Positif,baik no
Pengguna Google,5,2025-12-07 20:59:11,"ok, kenapa saya tidak bisa akses k subsidi tepat? mohon bantuannya,,,",Positif,ok kenapa saya tidak bisa akses k subsidi tepat mohon bantu
Pengguna Google,5,2025-12-07 19:20:10,Keren dan Aman,Positif,keren aman
Pengguna Google,1,2025-12-07 19:19:29,kenapa Niknya salah terus,Negatif,kenapa nik salah terus
Pengguna Google,1,2025-12-07 18:37:57,tidak bisa registrasi karena alasan KTP EDITAN. KTP SAYA ASLI. YANG PALSU ADA DI SOLO,Negatif,tidak bisa registrasi karena alas ktp edit ktp saya asli palsu ada solo
Pengguna Google,1,2025-12-07 18:31:57,ini aplikasi rusak bikin barcode aja rusak trus,Negatif,aplikasi rusak bikin barcode aja rusak trus
Pengguna Google,5,2025-12-07 17:51:06,mantap,Positif,mantap
Pengguna Google,5,2025-12-07 15:31:20,mantap,Positif,mantap
Pengguna Google,1,2025-12-07 14:50:27,Aplikasi Anda ditutup paksa karena kesalahan penunjuk nol (null pointer exception).,Negatif,aplikasi anda tutup paksa karena salah tunjuk nol null pointer exception
Pengguna Google,2,2025-12-07 12:47:35,"Maaf Untuk cs bagian chat error terus sudah nunggu no urut eeeh malah nambah bukan ngurangi no urut. via email juga sama kagak di balas2, perbaiki lagi pelayanan nya",Negatif,maaf cs bagi chat error terus sudah nunggu no urut eeeh malah nambah bukan ngurangi no urut via email juga sama kagak balas baik lagi layan nya
Pengguna Google,5,2025-12-07 12:43:35,excellent,Positif,excellent
Pengguna Google,1,2025-12-07 11:48:27,"tolong segera kembalikan uang saya. saya beli BBM (pertalit) pakai aplikasi ini. transaksi 2 kali tapi yg diproses cuma 1 kali. dan saldo saya juga terpotong 2 kali. tidak ada keterangan gagal pada mesin EDC. bukti² transaksi sudah saya sampaikan di email pengaduan mypertamina 136 dan sudah berkali-kali. kejadian tgl 30/11/25 saya langsung melapor ke petugas SPBU dan keesokan harinya saya mengirim email disuruh nunggu 3x24 jam, setelah 3x24 jam saya mengirimkan email lagi belum juga selesai.",Negatif,tolong segera kembali uang saya saya beli bbm pertalit pakai aplikasi transaksi kali tapi proses cuma kali saldo saya juga potong kali tidak ada terang gagal mesin edc bukti transaksi sudah saya sampai email adu mypertamina sudah berkalikali jadi tgl saya langsung lapor tugas spbu esok hari saya kirim email suruh nunggu x jam telah x jam saya kirim email lagi belum juga selesai
Pengguna Google,5,2025-12-07 10:58:00,ok,Positif,ok
Pengguna Google,5,2025-12-07 10:12:03,Praktis,Positif,praktis
Pengguna Google,1,2025-12-07 09:22:44,1. pembatasan kuota menghambat produktivitas angkutan barang. 2. aplikasi My pertamina justru memberikan peluang penyalah gunaan subsidi bio-solar,Negatif,batas kuota hambat produktivitas angkut barang aplikasi my pertamina justru beri peluang salah guna subsidi biosolar
Pengguna Google,4,2025-12-07 08:36:44,ok,Positif,ok
Pengguna Google,5,2025-12-07 07:12:33,Mantap,Positif,mantap
Pengguna Google,1,2025-12-07 06:33:01,aplikasi bosok,Negatif,aplikasi bosok
Pengguna Google,1,2025-12-07 06:29:44,bikin ribet masyarakat desa yng gk bisa buat barkode,Negatif,bikin ribet masyarakat desa yng tidak bisa buat barkode
Pengguna Google,5,2025-12-07 01:47:48,mantap,Positif,mantap
Pengguna Google,1,2025-12-06 23:50:28,"apa ini mau beli aja susah bgt, aplikasi apaan ini taii aplikasi banyak bug ribet, sekelas pertamina kaya gini",Negatif,apa mau beli aja susah banget aplikasi apa taii aplikasi banyak bug ribet kelas pertamina kaya gin
Pengguna Google,5,2025-12-06 22:15:37,bagus pake go pay pembayaran langsung bisa gak terhambat,Positif,bagus pake go pay bayar langsung bisa gak hambat
Pengguna Google,5,2025-12-06 21:58:41,baik,Positif,baik
Pengguna Google,5,2025-12-06 21:02:34,ok bagus mudah dan untung,Positif,ok bagus mudah untung
Pengguna Google,2,2025-12-06 20:31:36,ko saya gx bisa buka barcode sya ya min,Negatif,ko saya gx bisa buka barcode sya ya min
Pengguna Google,5,2025-12-06 19:13:13,sangat membantu,Positif,sangat bantu
Pengguna Google,5,2025-12-06 17:27:07,terimakasih sangat membantu,Positif,terimakasih sangat bantu
Pengguna Google,5,2025-12-06 15:32:39,sangat membantu,Positif,sangat bantu
Pengguna Google,5,2025-12-06 14:27:27,oke,Positif,oke
Pengguna Google,5,2025-12-06 14:13:33,Bagus,Positif,bagus
Pengguna Google,4,2025-12-06 13:07:47,verifikasi kendaraan yang sudah di daftar Lambat verifikasi,Positif,verifikasi kendara sudah daftar lambat verifikasi
Pengguna Google,5,2025-12-06 12:05:23,Terima kasih pertamina,Positif,terima kasih pertamina
Pengguna Google,5,2025-12-06 11:51:17,mantap,Positif,mantap
Pengguna Google,4,2025-12-06 11:42:49,"sya tukar poin dngn 3 produk di merchantdise poin, udah 3bln berlalu smpe skrang blum dikirim². hrusnya ada opsi pelcakan pketny udah smpe mana gtu, ini mh boro² malah gk nympe²..",Positif,sya tukar poin dngn produk merchantdise poin udah bln lalu smpe skrang blum kirim hrusnya ada opsi pelcakan pketny udah smpe mana gtu mh boro malah tidak nympe
Pengguna Google,1,2025-12-06 10:48:35,merepotkan,Negatif,repot
Pengguna Google,5,2025-12-06 10:41:58,"tidak repot cari uang tunai,dan kembalian 👍",Positif,tidak repot cari uang tunaidan kembali
Pengguna Google,4,2025-12-06 09:56:19,"sangat repot,jika ada alternatif lain di coba.",Positif,sangat repotjika ada alternatif lain coba
Pengguna Google,1,2025-12-06 09:29:08,Brengsek ni Aplikasi Busuk.. Registrasi Data Pribadi sudah terdaftar tapi saat mau masuk Gagal MemProses. diulangi trs yak kek gitu Mulu smpe HP lowbat. mlh Nyampah. mw Komplain ga bs. Tim IT nya blm di bayar utk Biaya Pemeliharaan Aplikasi nya yak.??,Negatif,brengsek ni aplikasi busuk registrasi data pribadi sudah daftar tapi saat mau masuk gagal proses ulang trs yak kek gitu mulu smpe hp lowbat mlh nyampah mw komplain tidak bs tim it nya blm bayar utk biaya pelihara aplikasi nya yak
Pengguna Google,1,2025-12-06 07:46:05,ini bagaimana saya tidak bisa masuk. tidak bisa pemulihan email aneh,Negatif,bagaimana saya tidak bisa masuk tidak bisa pulih email aneh
Pengguna Google,1,2025-12-06 07:42:28,"aplikasi paling buruk , upload foto KTP gak bisa-bisa, alasanya foto KTP gak asli",Negatif,aplikasi paling buruk upload foto ktp gak bisabisa alasanya foto ktp gak asli
Pengguna Google,1,2025-12-06 07:17:00,apk gak jelas,Negatif,aplikasi gak jelas
Pengguna Google,1,2025-12-06 06:25:09,"Tolong ya diperbaiki data area untuk subsidi tepatnya sy daftar tapi tidak ada nama desa saya gmna sih sedangkan desa tetangga muncul, nggak beres nih, Pertamina tolong perbaiki secepatnya di provinsi maluku kabupaten seram bagian Barat kecamatan Huamual seharusnya ada 5 desa tetapi hanya ada 3 desa sj, dan desa kami tidak muncul, tolong cepat diperbaiki, kerja gmna ni",Negatif,tolong ya baik data area subsidi tepat sy daftar tapi tidak ada nama desa saya gmna sih sedang desa tetangga muncul nggak beres nih pertamina tolong baik cepat provinsi malu kabupaten seram bagi barat camat huamual harus ada desa tetapi hanya ada desa sj desa kami tidak muncul tolong cepat baik kerja gmna ni
Pengguna Google,4,2025-12-06 06:05:51,saya merasa kesulitan status saya buruh supir dengan nopol AG 8047 UH belum ada setahun Bargot saya selalu hilang di perbarui eh malah keblokir gak bisa ngisi saya minta tolong dengan sangat apa yang pernah saya daftarkan tolong di hapus dan di cabut karena saya sudah gak kerja bawa mobil nopol itu semua saya merasa kesulitan dengan barcot yang gak bisa digunakan trimakasih,Positif,saya rasa sulit status saya buruh supir nopol ag uh belum ada tahun bargot saya selalu hilang baru eh malah blokir gak bisa ngisi saya minta tolong sangat apa pernah saya daftar tolong hapus cabut karena saya sudah gak kerja bawa mobil nopol semua saya rasa sulit barcot gak bisa guna trimakasih
Pengguna Google,1,2025-12-06 01:56:50,kenapa pengajuan bikin barcode lama sekali? sudah 5hari dr tanggal pengajuan subsidi bbm masih saja menunggu verivikasi. sebelumnya kendaraan sy sudah terdaftar tp kenapa tiba2 ga bisa di gunakan? kata petugas spbu suruh bikin barcode lagi tp prosesnya sangat lambat serta bertele tele. menyulitkan konsumen. harga naik terus pelayanan gak keurus.,Negatif,kenapa aju bikin barcode lama sekali sudah hari dr tanggal aju subsidi bbm masih saja tunggu verivikasi belum kendara sy sudah daftar tp kenapa tiba tidak bisa guna kata tugas spbu suruh bikin barcode lagi tp proses sangat lambat serta tele tele sulit konsumen harga naik terus layan gak urus
Pengguna Google,5,2025-12-05 19:59:51,"setelah sekian lama,saya suruh upgrade dan tidak bisa Upgrade nya",Positif,telah sekian lamasaya suruh upgrade tidak bisa upgrade nya
Pengguna Google,1,2025-12-05 18:34:18,tidak bisa login padahal nomor sudah benar pin juga benar,Negatif,tidak bisa login padahal nomor sudah benar pin juga benar
Pengguna Google,5,2025-12-05 17:51:52,baik,Positif,baik
Pengguna Google,5,2025-12-05 17:25:48,"mantap,keren simpel,gaul aplikasi👍✊",Positif,mantapkeren simpelgaul aplikasi
Pengguna Google,5,2025-12-05 17:15:18,layanan plus plus...mantap,Positif,layan plus plusmantap
Pengguna Google,1,2025-12-05 14:47:55,mau daftar bbm subsidi gagal terus suruh coba lagi terus kenapa sih,Negatif,mau daftar bbm subsidi gagal terus suruh coba lagi terus kenapa sih
Pengguna Google,1,2025-12-05 13:45:21,"metode pembayaran ditingkatkan lagi. udah berapa tahun metode pembayaran masih gitu² aja. sekarang app payment makin banyak contoh shopee pay, dana, seabank dll",Negatif,metode bayar tingkat lagi udah berapa tahun metode bayar masih gitu aja sekarang app payment makin banyak contoh shopee pay dana seabank dll
Pengguna Google,5,2025-12-05 13:39:24,good,Positif,good
Pengguna Google,5,2025-12-05 13:21:16,oke,Positif,oke
Pengguna Google,4,2025-12-05 13:13:41,OK,Positif,ok
Pengguna Google,1,2025-12-05 13:04:17,"baru 2 bln udh keblokir, mau aktifkan LG susah",Negatif,baru bln udh blokir mau aktif lg susah
Pengguna Google,1,2025-12-05 12:40:27,"tolong di hapus aja gx guna banget terlalu rumit buat masyarakat yg membutuhkan,, aplikasi slow respon & banyak yang tidak berfungsi",Negatif,tolong hapus aja gx guna banget terlalu rumit buat masyarakat butuh aplikasi slow respon banyak tidak fungsi
Pengguna Google,5,2025-12-05 12:29:39,telkomsel agak susah,Positif,telkomsel agak susah
Pengguna Google,5,2025-12-05 12:01:16,"mudah digunakan, terimakasih",Positif,mudah guna terimakasih
Pengguna Google,1,2025-12-05 09:24:38,bikib ruwetyy,Negatif,bikib ruwetyy
Pengguna Google,5,2025-12-05 08:51:40,bagus... tingkatkan...,Positif,bagus tingkat
Pengguna Google,5,2025-12-05 06:01:04,dengerrin musik lebih simpel,Positif,dengerrin musik lebih simpel
Pengguna Google,1,2025-12-04 23:57:00,makin kesini makin sulit.. udah coba daftar berkali kali tidak bisa karna alasan foto langsung stnk dan unit tidak seperti dulu tidak harus memoto stnk dan unit. makin ribet,Negatif,makin kesini makin sulit udah coba daftar kali kali tidak bisa karna alas foto langsung stnk unit tidak seperti dulu tidak harus moto stnk unit makin ribet
Pengguna Google,1,2025-12-04 21:48:14,nunggu verifikasi barcode subsidi harus 14 hari ??? lambat banget petugas nya,Negatif,nunggu verifikasi barcode subsidi harus hari lambat banget tugas nya
Pengguna Google,1,2025-12-04 20:40:14,susah banget untuk daftarin mobil banyak alasan giliran minta bantuan petugas malah di suruh bayar 200Rb apalah pungli ini namanya mempersulit saja pertamina ini banyak petugas korup,Negatif,susah banget daftarin mobil banyak alas gilir minta bantu tugas malah suruh bayar rb apa pungli nama sulit saja pertamina banyak tugas korup
Pengguna Google,5,2025-12-04 19:21:46,ok,Positif,ok
Pengguna Google,1,2025-12-04 18:33:23,"malah jadi sulit di buat barkode mya pertamina ni,barkot minta ugred,tapi di daftar tdk bisa...minta hapus data lama malah tdk bisa,lempar sana lempar sini mobil saya dan yg lain banyak terkendala tdk bisa ngisi bbm pertalite,klu gtu hapus saja lah bbm subsidih nya,biar dak usa pakai subsidi..malah mobil2 mewah pakai yg subsidi tdk mentaati aturan",Negatif,malah jadi sulit buat barkode mya pertamina nibarkot minta ugredtapi daftar tidak bisaminta hapus data lama malah tidak bisalempar sana lempar sini mobil saya lain banyak kendala tidak bisa ngisi bbm pertaliteklu gtu hapus saja lah bbm subsidih nyabiar dak usa pakai subsidimalah mobil mewah pakai subsidi tidak taat atur
Pengguna Google,4,2025-12-04 16:21:03,Tingkatkan terus pelayanan prima,Positif,tingkat terus layan prima
Pengguna Google,1,2025-12-04 14:16:07,my pertamina sangat mempersulit kendaraan tidak di temukan,Negatif,my pertamina sangat sulit kendara tidak temu
Pengguna Google,1,2025-12-04 13:31:33,"data kendaraan saya tiba2 hilang, barcode tidak bisa dipakai. call centre hanya minta maaf saja,katanya mungkin nik/kendaraan nya sudah didaftarkan orang lain. kok bisa..?",Negatif,data kendara saya tiba hilang barcode tidak bisa pakai call centre hanya minta maaf sajakatanya mungkin nikkendaraan nya sudah daftar orang lain kok bisa
Pengguna Google,4,2025-12-04 11:31:08,aplikasi selalu lag saat mau pengisian,Positif,aplikasi selalu lag saat mau isi
Pengguna Google,1,2025-12-04 11:02:36,susaah nyaa,Negatif,susaah nyaa
Pengguna Google,1,2025-12-04 10:40:06,gabisa di pakai,Negatif,gabisa pakai
Pengguna Google,4,2025-12-04 10:26:01,"minta tolong lah, kenapa tiba tiba barcode sy d blokir, tapi sdh 5 kali eprbaikan d tolak terus, kerjaan saya jan gak cuma fotoin kendaraan dan atnk terus, saya sdh 5 kali telpon CS memang oelayanan CSnya memuaskan, tapi apakah masalah data kendaraan ditolak tidak bisa diselesaikan dlm 1 hari? sy sdh mengikuti yg diminta CS tpi by sistem nolak terus. d sumut gak bsa saya beli pertamax jga gada, kan gak lucu sy sdh antri 2km gak dpt BBM eprkara barcode 😌 sudah teratasi, terumakasih untuk CS Budi",Positif,minta tolong lah kenapa tiba tiba barcode sy d blokir tapi sdh kali eprbaikan d tolak terus kerja saya jan gak cuma fotoin kendara atnk terus saya sdh kali telpon cs memang oelayanan csnya muas tapi apakah masalah data kendara tolak tidak bisa selesai dlm hari sy sdh ikut minta cs tpi by sistem nolak terus d sumut gak bsa saya beli pertamax jga gada kan gak lucu sy sdh antri km gak dpt bbm eprkara barcode sudah atas terumakasih cs budi
Pengguna Google,5,2025-12-04 09:47:05,memudahkan,Positif,mudah
Pengguna Google,1,2025-12-04 09:39:46,"aplikasi nya aneh, harus download aplikasi LinK dulu baru bisa bayar pake qris. engga vocer bbm",Negatif,aplikasi nya aneh harus download aplikasi link dulu baru bisa bayar pake qris engga vocer bbm
Pengguna Google,1,2025-12-04 09:26:13,"sekelas Pertamina, aplikasi hancur, ngabisin waktu, bikin emosi, darah tinggi naik, urusan input data gak kelar2..",Negatif,kelas pertamina aplikasi hancur ngabisin waktu bikin emosi darah tinggi naik urus input data gak kelar
Pengguna Google,1,2025-12-04 08:14:11,sudah memperbaiki data kendaraan 2 kali tetap saja di tolak .. mau nya apa? beli solar saja di persulit,Negatif,sudah baik data kendara kali tetap saja tolak mau nya apa beli solar saja sulit
Pengguna Google,5,2025-12-04 07:59:20,good,Positif,good
Pengguna Google,4,2025-12-04 07:43:34,"Menonaktifkan Barcode di daerah Bencana boleh saja, namun ini bisa Menambah Bencana diatas Bencana. banyak orang yang mengambil keuntungan dari hal tersebut. Oknum² berulang kali ikut antrian, menyebabkan Memanjangnya antrian. terjadilah Panic Buying. dan beberpa SPBU tidak membedakan antrian Umum VS Antrian BBM Subsidi.",Positif,nonaktif barcode daerah bencana boleh saja namun bisa tambah bencana atas bencana banyak orang ambil untung hal sebut oknum ulang kali ikut antri sebab panjang antri jadi panic buying beberpa spbu tidak beda antri umum vs antri bbm subsidi
Pengguna Google,5,2025-12-04 01:23:20,mantap,Positif,mantap
Pengguna Google,5,2025-12-03 23:29:09,mantap,Positif,mantap
Pengguna Google,5,2025-12-03 21:53:06,untuk memperbaharui kok mengedit nama gak bisa,Positif,baharu kok edit nama gak bisa
Pengguna Google,5,2025-12-03 21:25:18,Barcode Mobil saya Tidak bisa digunakan kembali.. info petugas SpBU barcodenya harus di Update tapi saya masih belum bisa mengaksesnya.. dan memperbaikinya mohon bantuannya Terima kasih,Positif,barcode mobil saya tidak bisa guna kembali info tugas spbu barcodenya harus update tapi saya masih belum bisa akses baik mohon bantu terima kasih
Pengguna Google,1,2025-12-03 21:23:26,"bikin akun aja di persulit, stop pake apk lagi, nyusahin aja, padahal orang ngisi bensin juga di bayar kok, bukan gratiss, hapus aja apk nya, ga guna",Negatif,bikin akun aja sulit stop pake aplikasi lagi nyusahin aja padahal orang ngisi bensin juga bayar kok bukan gratiss hapus aja aplikasi nya tidak guna
Pengguna Google,5,2025-12-03 21:01:53,Not Bad👍,Positif,not bad
Pengguna Google,4,2025-12-03 20:33:05,Membuat masyarakat kecil tambah susah!,Positif,buat masyarakat kecil tambah susah
Pengguna Google,1,2025-12-03 20:27:28,Mau Regis aja ga bisa,Negatif,mau regis aja tidak bisa
Pengguna Google,1,2025-12-03 20:26:07,"tidak bisa registrasi dan tidak berguna, ada yang sama?",Negatif,tidak bisa registrasi tidak guna ada sama
Pengguna Google,5,2025-12-03 19:36:52,layanan reset sandi,Positif,layan reset sandi
Pengguna Google,1,2025-12-03 17:03:58,aplikasi yg gak bisa membantu apa apa.....sulit untuk mendaftar sulit untuk akses yg lain juga......benar2 tidak membantu masyarakat kecil....ini malah mempersulit,Negatif,aplikasi gak bisa bantu apa apasulit daftar sulit akses lain jugabenar tidak bantu masyarakat kecilini malah sulit
Pengguna Google,5,2025-12-03 16:55:40,keren abis,Positif,keren abis
Pengguna Google,5,2025-12-03 16:24:49,aplikasi yang Praktis dan paling bagus untuk pembayaran melalui my Pertamina.,Positif,aplikasi praktis paling bagus bayar lalu my pertamina
Pengguna Google,2,2025-12-03 15:40:45,"server error terus, padahal hanya kirim berkas pengaduan, mau di app ataupun di web sama saja coba beberapa saat tp udah 2 hari gitu terus, ini di buatin app tp harus kesana kesini dan bayar juga ngurusnya, saya kira app mempermudah dalam pelayanan tp ternyata sama saja,",Negatif,server error terus padahal hanya kirim berkas adu mau app atau web sama saja coba beberapa saat tp udah hari gitu terus buatin app tp harus kesana kesini bayar juga ngurusnya saya kira app mudah dalam layan tp nyata sama saja
Pengguna Google,1,2025-12-03 14:58:02,"bikin barcode gagal terus dengan alasan STNK tidak sesuai, padahal sesuai semua dan taat sudah kontak ig dan email ga ada balasan gunakan fitur apk my pertamina chat nadia, antrian tinggal dikit ketendang keluar mulu gimana sih ribet banget",Negatif,bikin barcode gagal terus alas stnk tidak sesuai padahal sesuai semua taat sudah kontak ig email tidak ada balas guna fitur aplikasi my pertamina chat nadia antri tinggal dikit tendang keluar mulu gimana sih ribet banget
Pengguna Google,5,2025-12-03 14:38:35,sangat membantu tapi saat ini barcode Pertamina saya diblokir,Positif,sangat bantu tapi saat barcode pertamina saya blokir
Pengguna Google,5,2025-12-03 14:20:46,mantap,Positif,mantap
Pengguna Google,5,2025-12-03 13:37:24,mantap.....makasih petugas yang ramah,Positif,mantapmakasih tugas ramah
Pengguna Google,5,2025-12-03 11:13:53,Tidak Rama bintang 🌟,Positif,tidak rama bintang
Pengguna Google,2,2025-12-03 09:47:28,bagai mana cara mengaktifkan barcode yg eror,Negatif,bagai mana cara aktif barcode eror
Pengguna Google,1,2025-12-03 08:04:49,"Menyusahkan dan ribet...Ini bukan memakmurkan Masyarakat, yp sengsarakan masyarakatnya...",Negatif,susah ribetini bukan makmur masyarakat yp sengsara masyarakat
Pengguna Google,5,2025-12-03 07:41:27,bagus,Positif,bagus
Pengguna Google,5,2025-12-03 07:27:45,ok,Positif,ok
Pengguna Google,1,2025-12-03 07:04:11,sangat puas layanan,Negatif,sangat puas layan
Pengguna Google,5,2025-12-03 06:02:55,pelayanan cepat dan ramah,Positif,layan cepat ramah
Pengguna Google,5,2025-12-02 21:11:39,mantap,Positif,mantap
Pengguna Google,5,2025-12-02 20:40:13,bagus,Positif,bagus
Pengguna Google,1,2025-12-02 20:01:08,"ktp saya dibilang editan, ktp ortu dibilang tidak terlihat jelas. gimana ini sulit bgt pengajuan subsidinya",Negatif,ktp saya bilang edit ktp ortu bilang tidak lihat jelas gimana sulit banget aju subsidi
Pengguna Google,5,2025-12-02 17:39:44,aplikasi ini sangat membantu. trima kasih my Pertamina,Positif,aplikasi sangat bantu trima kasih my pertamina
Pengguna Google,1,2025-12-02 17:15:54,Bolak balek verifikasi di buat di tolak apa maksudnya semakin buruk pelayana Pertamina,Negatif,bolak balek verifikasi buat tolak apa maksud makin buruk pelayana pertamina
Pengguna Google,1,2025-12-02 16:13:08,aplikasi gak guna mwnyusahkan,Negatif,aplikasi gak guna mwnyusahkan
Pengguna Google,1,2025-12-02 15:29:47,rudet,Negatif,rudet
Pengguna Google,1,2025-12-02 15:04:53,"mendaftar subsidi ditolak alasan foto STNK tidak sesuai. email ke call center lengkap dgn data pendukung jawaban templet tidak solutif, berbalas email yang jawab operator beda2, masalah tidak terselesaikan",Negatif,daftar subsidi tolak alas foto stnk tidak sesuai email call center lengkap data dukung jawab templet tidak solutif balas email jawab operator beda masalah tidak selesai
Pengguna Google,5,2025-12-02 14:36:52,membantu,Positif,bantu
Pengguna Google,1,2025-12-02 14:15:27,ngirim otp aja susah.. sampe percobaan 5x yang di kasih abis. aplikasi aneh.. percuma pakai aplikasi klo ujung2 nya menyusahkan juga.,Negatif,ngirim otp aja susah sampe coba x kasih abis aplikasi aneh percuma pakai aplikasi klo ujung nya susah juga
Pengguna Google,5,2025-12-02 13:43:41,ko sekrng nunggu verifikasi lama bgt ya ga Kya dlu cuma beberapa menit udah beres ini mau dipke barcode nya blm di ACC juga,Positif,ko sekrng nunggu verifikasi lama banget ya tidak kya dlu cuma beberapa menit udah beres mau dipke barcode nya blm acc juga
Pengguna Google,5,2025-12-02 13:41:49,sangat bermanfaat sekali,Positif,sangat manfaat sekali
Pengguna Google,1,2025-12-02 12:16:54,di SPBU udah gak bisa pake qris. hahah bilang aja ni apps gak laku. kalah sama qris. udah gitu pembayaran minimal 50k. uncenn uasemmm terus kalau bisa kenapa gak lewat qris aja. nyusahin amattttt. aelahhh,Negatif,spbu udah gak bisa pake qris hahah bilang aja ni apps gak laku kalah sama qris udah gitu bayar minimal k uncenn uasemmm terus kalau bisa kenapa gak lewat qris aja nyusahin amattttt aelahhh
Pengguna Google,5,2025-12-02 12:08:58,"transaksi di SPBU sangat mudah, terima kasih",Positif,transaksi spbu sangat mudah terima kasih
Pengguna Google,5,2025-12-02 12:08:21,sangat membantu,Positif,sangat bantu
Pengguna Google,5,2025-12-02 10:08:47,"Utk sekelas app mypertamina Verifikasi akun nya kok bisa lama bgt, baru tahap pendaftaran aj sdh dipersulit, mohon dibenahi app nya. Trims.",Positif,utk kelas app mypertamina verifikasi akun nya kok bisa lama banget baru tahap daftar aj sdh sulit mohon benah app nya trims
Pengguna Google,5,2025-12-02 07:33:30,keren,Positif,keren
Pengguna Google,5,2025-12-02 02:06:31,verifikasi kartu my pertamina yg sdh habis masa berlaku,Positif,verifikasi kartu my pertamina sdh habis masa laku
Pengguna Google,1,2025-12-02 00:45:55,jangan mau tukar poin my pertamina karna gak akan di kirim,Negatif,jangan mau tukar poin my pertamina karna gak akan kirim
Pengguna Google,1,2025-12-01 21:24:56,"barcode tina"" ga bisa di gunakan, dasar aplikasi menyusahkan rakyat jadi nya, mau beli lho kita bukan mau minta minyak...",Negatif,barcode tina tidak bisa guna dasar aplikasi susah rakyat jadi nya mau beli lho kita bukan mau minta minyak
Pengguna Google,5,2025-12-01 20:24:55,bagus,Positif,bagus
Pengguna Google,1,2025-12-01 19:55:12,tidak bs berfungsi dgn baik. menyusahkan kami. login gagal trs. entah letak salahnya dmn,Negatif,tidak bs fungsi baik susah kami login gagal trs entah letak salah dmn
Pengguna Google,5,2025-12-01 19:32:59,untu bbm non subsidi jenis solar diperuntukan untuk penggilingan padi bagaiman prosedur nya mohon di jelaskan,Positif,untu bbm non subsidi jenis solar untuk giling padi bagaiman prosedur nya mohon jelas
Pengguna Google,1,2025-12-01 18:55:37,"Notifikasi Menganggu, Suara Notifikasi kayak telfon, tpi pesan menganggu",Negatif,notifikasi menganggu suara notifikasi kayak telfon tpi pesan menganggu
Pengguna Google,1,2025-12-01 18:21:38,apk cacat ladang koruup,Negatif,aplikasi cacat ladang koruup
Pengguna Google,1,2025-12-01 17:20:53,Mempersulit pengisian bensin karna ada expired barcode,Negatif,sulit isi bensin karna ada expired barcode
Pengguna Google,5,2025-12-01 17:17:53,mantab,Positif,mantab
Pengguna Google,1,2025-12-01 17:13:26,"di tolak verifikasi dengan alasan ""KTP EDITAN"" padahal yang ngeluarin ktpnya disdukcapil wkwkwk. aneh memang aplikasi salah satu danantara yang satu ini",Negatif,tolak verifikasi alas ktp edit padahal ngeluarin ktpnya disdukcapil wkwkwk aneh memang aplikasi salah satu danantara satu
Pengguna Google,5,2025-12-01 16:55:27,Banyak bonus,Positif,banyak bonus
Pengguna Google,5,2025-12-01 14:55:02,qualitasnya di perbaiki ya,Positif,qualitasnya baik ya
Pengguna Google,5,2025-12-01 13:12:11,Barkotnya mintak diperbaharui bagai mn caranya.,Positif,barkotnya mintak baharu bagai mn cara
Pengguna Google,1,2025-12-01 13:00:04,tambah unit buat bkin barcode nya nga d proses suruh nunggu 14 hari,Negatif,tambah unit buat bkin barcode nya nga d proses suruh nunggu hari
Pengguna Google,1,2025-12-01 12:50:51,SELALU BERHENTI 👎👎👎👎,Negatif,selalu henti
Pengguna Google,1,2025-12-01 12:28:29,"tim verif untuk dapat qr-code subsidi tepat jangan pake AI bos. ktp dikata kagak asli, bujuug bikin skck. lamar gawe dll bisa. laah daftar lau mental bae, perbaiki tim verif ny dong. yg butuh jadi sulit",Negatif,tim verif dapat qrcode subsidi tepat jangan pake ai bos ktp kata kagak asli bujuug bikin skck lamar gawe dll bisa laah daftar lau mental bae baik tim verif ny dong butuh jadi sulit
Pengguna Google,5,2025-12-01 12:18:29,gampang pengaplikasian nya,Positif,gampang aplikasi nya
Pengguna Google,4,2025-12-01 11:43:21,Selalu gagal dalam embed KTP.,Positif,selalu gagal dalam embed ktp
Pengguna Google,1,2025-12-01 11:12:14,Jelek muter muter doang,Negatif,jelek muter muter doang
Pengguna Google,1,2025-12-01 10:38:33,"Apa manfaatny my Pertamina ini digunakan scr tdk bs digunakan! SUBSIDI itu diHAPUSkan aja,beri hrga nyata & untung,buktinya mahal pun minyak toh tetap dibeli. untung Rakyat untung Pertamina Untung Pajakbuat negara,jk untungny buat negara di KORUPSI Para KORUPTOR Lgsg kenakan hukuman PANCUNG.Jgn masyarakat diSalah²in dgn minyak subsidi,dgn adanya bisnis di bbm umkm banyak masyarakat mdapatkan usaha mandiri tnpa mbebani pemerintah minta BLT.Guna apk ini seharusnya reward krn BUMN ini BISNIS!",Negatif,apa manfaatny my pertamina guna scr tidak bs guna subsidi hapus ajaberi hrga nyata untungbuktinya mahal pun minyak toh tetap beli untung rakyat untung pertamina untung pajakbuat negarajk untungny buat negara korupsi para koruptor lgsg kena hukum pancungjgn masyarakat disalahin minyak subsididgn ada bisnis bbm umkm banyak masyarakat mdapatkan usaha mandiri tnpa mbebani perintah minta bltguna aplikasi harus reward krn bumn bisnis
Pengguna Google,5,2025-12-01 08:45:13,"Terima Kasih, Kepada Petugas Pertamina, yang membantu mengaktifkan dan daftar ulang di MyPertamina. Saran tolong perbaiki sistem yg selama ini masih banyak kendala teknis. Semoga aplikasi in tambah lancar dan mempermudah bagi user.",Positif,terima kasih kepada tugas pertamina bantu aktif daftar ulang mypertamina saran tolong baik sistem lama masih banyak kendala teknis moga aplikasi in tambah lancar mudah bagi user
Pengguna Google,1,2025-12-01 07:29:39,makin kesini makin ngak jelas pengajuan formilir buat dapet Qr malah ditolak bpkb asli woy nomer rangka sama cuman kalok nopol kan emang ikut yang pertama hadeh susah kalok yang pegang kendali anak gen z drama semua isinya mah,Negatif,makin kesini makin ngak jelas aju formilir buat dapet qr malah tolak bpkb asli woy nomer rangka sama cuman kalok nopol kan emang ikut pertama hadeh susah kalok pegang kendali anak gen z drama semua isi mah
Pengguna Google,1,2025-12-01 06:21:54,"Daftar bbm subsidi isian sdh bener di coba lebih dari 15x keluar notif isian dan data ktp tidak bener, buta apa yg ngoreksi biar bener gimana caranya kok di persulit begini",Negatif,daftar bbm subsidi isi sdh bener coba lebih x keluar notif isi data ktp tidak bener buta apa ngoreksi biar bener gimana cara kok sulit begini
Pengguna Google,5,2025-12-01 05:00:34,mudah beli bbm,Positif,mudah beli bbm
Pengguna Google,4,2025-11-30 23:20:28,susah didownload,Positif,susah didownload
Pengguna Google,2,2025-11-30 22:57:40,saya sudah berkali xx xx xx daptar subsidi gagal alasan e KTP padahal e KTP saya jelas aktif mohon bantuan nya,Negatif,saya sudah kali xx xx xx daptar subsidi gagal alas e ktp padahal e ktp saya jelas aktif mohon bantu nya
Pengguna Google,1,2025-11-30 22:14:15,"ribet banget pas foto KTP, mau daftar BBM subsidi susahnya kamera burem pas di deketin saat melakukan foto KTP, gagal daftar terus",Negatif,ribet banget pas foto ktp mau daftar bbm subsidi susah kamera burem pas deketin saat laku foto ktp gagal daftar terus
Pengguna Google,1,2025-11-30 21:20:52,IT magang titah nyieun aplikasi ya gini ga jelas,Negatif,it magang titah nyieun aplikasi ya gin tidak jelas
Pengguna Google,1,2025-11-30 20:59:21,Saya membeli kendaraan bekas dan ternyata QR tersebut sudah terblokir oleh pemilik kendaraan sebelumnya. dan datanya sudah dihapus oleh pemilik lama di akun subsidi tepatnya. Namun mengapa ketika saya sebagai pemilik baru ingin menjadi penerima manfaat subsidi tepat tidak bisa dan harus melakukan sanggah dengan persyaratan ýg sangat menyulitkan serta memakan waktu dan kurang profesional diera saat ini.,Negatif,saya beli kendara bekas nyata qr sebut sudah blokir oleh milik kendara belum data sudah hapus oleh milik lama akun subsidi tepat namun mengapa ketika saya bagai milik baru ingin jadi terima manfaat subsidi tepat tidak bisa harus laku sanggah syarat g sangat sulit serta makan waktu kurang profesional era saat
Pengguna Google,1,2025-11-30 20:20:20,kenapa tiba2 barcode tidak terbaca dipom setelan diperbarui no kendaraan tidak terdaftar 😭😭😭,Negatif,kenapa tiba barcode tidak baca dipom setel baru no kendara tidak daftar
Pengguna Google,5,2025-11-30 20:12:36,"cara gunakan vocer ya gimana sih,kok petugas nya belum bisa???",Positif,cara guna vocer ya gimana sihkok tugas nya belum bisa
Pengguna Google,1,2025-11-30 19:19:19,"Kenapa Pertamax Turbo di Kota Balikpapan Provinsi Kalimantan Timur jadi langka banget, kualitas pertamax biasa mesin cpt panas",Negatif,kenapa pertamax turbo kota balikpapan provinsi kalimantan timur jadi langka banget kualitas pertamax biasa mesin cpt panas
Pengguna Google,1,2025-11-30 18:46:37,aplikasi tidak berjalan semestinya.. menu reset pasword bermasalah,Negatif,aplikasi tidak jalan mesti menu reset pasword masalah
Pengguna Google,4,2025-11-30 18:10:12,Setelh di perbarui eror terus gimana ini,Positif,setelh baru eror terus gimana
Pengguna Google,5,2025-11-30 16:55:12,sangat baik dan membantu,Positif,sangat baik bantu
Pengguna Google,1,2025-11-30 16:32:58,data sudah diperbaiki tp bolak balik di tolak. email utk menyampaikan keluhannya tp tidak di respon. mohon dong di kasih solusinya....,Negatif,data sudah baik tp bolak balik tolak email utk sampai keluh tp tidak respon mohon dong kasih solusi
Pengguna Google,2,2025-11-30 16:30:55,pendaftarannya yg sangat susah,Negatif,daftar sangat susah
Pengguna Google,1,2025-11-30 16:01:08,"layanan call center ngaco, udah antre dari 58 udah ke 22 masa balik ke 47. abis ke 47 ga gerak sama sekali mau ngadu masalah subsidi tepat guna, tolong bantuannya",Negatif,layan call center ngaco udah antre udah masa balik abis tidak gerak sama sekali mau ngadu masalah subsidi tepat guna tolong bantu
Pengguna Google,5,2025-11-30 15:35:55,manta ok,Positif,manta ok
Pengguna Google,5,2025-11-30 15:34:29,sangat nermanfaat dan mudah digunakan,Positif,sangat nermanfaat mudah guna
Pengguna Google,5,2025-11-30 15:17:35,terkadang antri panjang,Positif,terkadang antri panjang
Pengguna Google,5,2025-11-30 15:15:46,ok,Positif,ok
Pengguna Google,5,2025-11-30 14:45:52,bagus,Positif,bagus
Pengguna Google,5,2025-11-30 13:07:05,Okeh,Positif,okeh
Pengguna Google,1,2025-11-30 13:06:44,"mohon bantuannya, saya sudah lebih 5 kali daftar tapi foto STNK dinyatakan buram, padahal saya fotonya um sudah terlihat jelas. mohon solusinya, kami hanya masyarakat biasa, terimakasih 🙏",Negatif,mohon bantu saya sudah lebih kali daftar tapi foto stnk nyata buram padahal saya foto um sudah lihat jelas mohon solusi kami hanya masyarakat biasa terimakasih
Pengguna Google,1,2025-11-30 11:44:50,"aplikasi paling tolol menurut saya, ini aplikasi yang memberikan pelayanan subsidi bagi masyarakat, tetapi proses pendaftaran subsidi tepat nya sangat ribet dan menyusahkan masyarakat, berulang kali di coba, mulai dari NIK tidak bisa, No HP sudah terdaftar dan lain2 padahal kita belum pernah mendaftarkan subsidi tepat ..",Negatif,aplikasi paling tolol turut saya aplikasi beri layan subsidi bagi masyarakat tetapi proses daftar subsidi tepat nya sangat ribet susah masyarakat ulang kali coba mulai nik tidak bisa no hp sudah daftar lain padahal kita belum pernah daftar subsidi tepat
Pengguna Google,1,2025-11-30 11:37:06,aplikasinya menyusahkan!!! ngeribetin orangtua yang gaptek! bolak balik telpon call center. sekali nelpon 20rebu!!,Negatif,aplikasi susah ngeribetin orangtua gaptek bolak balik telpon call center sekali nelpon rebu
Pengguna Google,1,2025-11-30 10:26:29,saya gak bisa terus ke subsidi tepat Krn kata ada masalah coba berapa saat terus itu aja. kemarin sudah ada barcode cuma tiba2 diputus ini mau daftar lagi kok aplikasinya bermasalah terus.ohon di perbaiki kalau sudah di perbaikin nanti saya ganti bintang. terimakasih,Negatif,saya gak bisa terus subsidi tepat krn kata ada masalah coba berapa saat terus aja kemarin sudah ada barcode cuma tiba putus mau daftar lagi kok aplikasi masalah terusohon baik kalau sudah perbaikin nanti saya ganti bintang terimakasih
Pengguna Google,1,2025-11-30 10:17:07,"serba lelet, terlalu banyak bug",Negatif,serba lelet terlalu banyak bug
Pengguna Google,5,2025-11-30 09:52:45,sangat membantu,Positif,sangat bantu
Pengguna Google,5,2025-11-30 09:09:07,"tolong dong pihak Pertamina untuk kinerja aplikasi nya di optimalkan lagi, masak saya link email reset kata sandi lama baget di kirimnya+ ada yg tidak terkirim juga 🗿",Positif,tolong dong pihak pertamina kerja aplikasi nya optimal lagi masak saya link email reset kata sandi lama baget kirim ada tidak kirim juga
Pengguna Google,1,2025-11-30 06:56:09,update terus,Negatif,update terus
Pengguna Google,5,2025-11-30 06:07:32,kerem,Positif,rem
Pengguna Google,1,2025-11-30 03:08:23,pelayanan SPBU kaliseger gak ramah sama sekali... di karenakan pelayan SPBU nya judes tidak mau memberi 3s dan cenderung mengabaikan kepentingan pembeli dengan cara di suruh menunggu tanpa keterangan jelas,Negatif,layan spbu kaliseger gak ramah sama sekali karena layan spbu nya judes tidak mau beri s cenderung abai penting beli cara suruh tunggu tanpa terang jelas
Pengguna Google,5,2025-11-29 22:57:06,oke sip,Positif,oke sip
Pengguna Google,1,2025-11-29 22:46:48,kenapa gak bisa didownload barcode nya gak seperti aplikasi yg lama bisa download barcode,Negatif,kenapa gak bisa didownload barcode nya gak seperti aplikasi lama bisa download barcode
Pengguna Google,1,2025-11-29 21:20:52,aplikasinya crash terus payaj,Negatif,aplikasi crash terus payaj
Pengguna Google,5,2025-11-29 20:39:57,Oke,Positif,oke
Pengguna Google,5,2025-11-29 19:52:33,nungguin promo2 nya,Positif,nungguin promo nya
Pengguna Google,5,2025-11-29 19:15:03,sangatlah baik,Positif,sangat baik
Pengguna Google,1,2025-11-29 18:06:09,gk bisa masuk.. dh masukin nmor mlh format salah,Negatif,tidak bisa masuk dh masukin nmor mlh format salah
Pengguna Google,5,2025-11-29 15:02:16,"mantap, daftar 2 hari aja sdh terbit barcodenya",Positif,mantap daftar hari aja sdh terbit barcodenya
Pengguna Google,1,2025-11-29 14:04:26,Sudah puluhan kali sya daftarkan kendaraan saya tapi selalu gagal saat foto terakhir kendaraan. Aplikasi selalu kembali ke awal.,Negatif,sudah puluh kali sya daftar kendara saya tapi selalu gagal saat foto akhir kendara aplikasi selalu kembali awal
Pengguna Google,5,2025-11-29 12:30:56,ok,Positif,ok
Pengguna Google,5,2025-11-29 11:00:55,sangat membantu,Positif,sangat bantu
Pengguna Google,5,2025-11-29 10:02:13,sukses dan berhasil,Positif,sukses hasil
Pengguna Google,4,2025-11-29 09:46:51,"ramah,",Positif,ramah
Pengguna Google,1,2025-11-29 08:41:57,"Ribet sumpah... data barcode kendaraan lama hilang saat update,.",Negatif,ribet sumpah data barcode kendara lama hilang saat update
Pengguna Google,5,2025-11-29 08:21:38,mudah pemakaiannya dengan pakai cetak barcode pun bisa,Positif,mudah pakai pakai cetak barcode pun bisa
Pengguna Google,5,2025-11-29 06:36:38,okey,Positif,okey
Pengguna Google,1,2025-11-29 06:30:56,aplikasi gagal kok di gunakan sekelas Pertamina parah2,Negatif,aplikasi gagal kok guna kelas pertamina parah
Pengguna Google,5,2025-11-29 05:54:27,OK,Positif,ok
Pengguna Google,5,2025-11-29 05:01:25,bagus cuma saya blom ngerti kegunaan nya!,Positif,bagus cuma saya blom ngerti guna nya
Pengguna Google,1,2025-11-29 03:09:39,"aplikasi ini sangat buruk sekali,anggaran pembuatan nya nggak main² tapi hasilnya aplikasi sampah,mungkin terlalu banyak praktik korupsi didalam pembuatan aplikasinya",Negatif,aplikasi sangat buruk sekalianggaran buat nya nggak main tapi hasil aplikasi sampahmungkin terlalu banyak praktik korupsi dalam buat aplikasi
Pengguna Google,1,2025-11-29 00:48:14,kok gak bisa masuk masuk mah daftar,Negatif,kok gak bisa masuk masuk mah daftar
Pengguna Google,1,2025-11-29 00:29:25,aplikasi mempersulit rakyat. mau beli bbm aj hrs pake aplikasi pdhl bukan mau ngutang. kebijakan yg mengecewakan rakyat,Negatif,aplikasi sulit rakyat mau beli bbm aj hrs pake aplikasi pdhl bukan mau ngutang bijak kecewa rakyat
Pengguna Google,1,2025-11-29 00:04:29,sistem yang bodoh barcode tiba-tiba minta update udah gitu lama prosesnya isinya orang pintar tapi pada bodoh,Negatif,sistem bodoh barcode tibatiba minta update udah gitu lama proses isi orang pintar tapi bodoh
Pengguna Google,5,2025-11-28 21:05:52,bagus,Positif,bagus
Pengguna Google,5,2025-11-28 20:18:50,"Best of the best, pelayanan MyPertamina",Positif,best of the best layan mypertamina
Pengguna Google,1,2025-11-28 18:38:56,"verivikasi nya terlalu lama, mohon untuk diperbaiki cara kerja nya, no telpon juga tidak bisa dihubungi",Negatif,verivikasi nya terlalu lama mohon baik cara kerja nya no telpon juga tidak bisa hubung
Pengguna Google,5,2025-11-28 17:17:31,baik,Positif,baik
Pengguna Google,5,2025-11-28 16:14:00,bagus,Positif,bagus
Pengguna Google,1,2025-11-28 15:57:44,"kenapa barcode saya jadi tidak aktif lagi, di daftarkan ulang sudah tapi ditolak dengan alasan foto stnk tidak sesuai padahal sudah bayar dan print via E samsat, masih di bilang tidak sesuai, padahal kan bisa di cek via sambara malah tertera barcode dari e samsat, benar2 aplikasi yang sama sekali tidak bisa diandalkan.",Negatif,kenapa barcode saya jadi tidak aktif lagi daftar ulang sudah tapi tolak alas foto stnk tidak sesuai padahal sudah bayar print via e samsat masih bilang tidak sesuai padahal kan bisa cek via sambara malah tera barcode e samsat benar aplikasi sama sekali tidak bisa andal
Pengguna Google,5,2025-11-28 15:44:24,"jika subsidi ingin tepat, seharusnya dibatasi bayar tunai.",Positif,jika subsidi ingin tepat harus batas bayar tunai
Pengguna Google,1,2025-11-28 15:24:02,oke,Negatif,oke
Pengguna Google,1,2025-11-28 15:09:31,bikin barcode sulit verivikasi. di tambah barcode selalu terdeksi sudah di pakai sedangkan unit tidak ngisi atau sedang jalan,Negatif,bikin barcode sulit verivikasi tambah barcode selalu terdeksi sudah pakai sedang unit tidak ngisi atau sedang jalan
Pengguna Google,1,2025-11-28 13:40:35,"Seharusnya udah banyak bintang 1 begini pemerintah ambil tindakan, berarti aplikasinya sangat tidak bagus malah menambah susah masyarakat apalagi masyarakat awam...",Negatif,harus udah banyak bintang begini perintah ambil tindak arti aplikasi sangat tidak bagus malah tambah susah masyarakat apalagi masyarakat awam
Pengguna Google,5,2025-11-28 13:23:28,terimakasih,Positif,terimakasih
Pengguna Google,5,2025-11-28 12:16:08,mantap,Positif,mantap
Pengguna Google,5,2025-11-28 12:14:53,bagus👍,Positif,bagus
Pengguna Google,5,2025-11-28 11:31:16,baik,Positif,baik
Pengguna Google,1,2025-11-28 11:18:56,kenapa setelah update akun saya malah terblokir?,Negatif,kenapa telah update akun saya malah blokir
Pengguna Google,5,2025-11-28 09:17:03,mantap...,Positif,mantap
Pengguna Google,1,2025-11-28 08:54:02,"segitu dululah,.kecewa tidak dapat menggunakan,tidak bisa merubah data sendiri.buat pelancar oknum,sudah di salah gunakan yang pembuat barcode duluan.KECEWA",Negatif,segitu dululahkecewa tidak dapat menggunakantidak bisa rubah data sendiribuat pelancar oknumsudah salah guna buat barcode duluankecewa
Pengguna Google,1,2025-11-28 08:20:25,barcode kadaluarsa didaftarkan ulang gagal terus ... info solusi,Negatif,barcode kadaluarsa daftar ulang gagal terus info solusi
Pengguna Google,5,2025-11-28 07:14:06,aplikasinya banyak membantu,Positif,aplikasi banyak bantu
Pengguna Google,1,2025-11-28 06:26:57,selalu keluar pada saat foto stnk dan fisik kendaraan mobil,Negatif,selalu keluar saat foto stnk fisik kendara mobil
Pengguna Google,1,2025-11-27 23:10:22,"udah barcode gak permanen, daftar ulang verifikasinya lamaaaa..... mau isi kelengkapan data ada kolom tertentu gak bisa diisi....aplikasinya cuma bikin susah😡😡",Negatif,udah barcode gak permanen daftar ulang verifikasi lamaaaa mau isi lengkap data ada kolom tentu gak bisa diisiaplikasinya cuma bikin susah
Pengguna Google,1,2025-11-27 21:46:17,"kalau sudah mengisi foto STNK selanjutnya mau foto kendaraan, ketika di klik kolom foto kendaraan otomatis keluar dan kembali ke awal begitu dan selalu begitu email jga gk di balas semua pegawai BUMN begitu lemot dalam melayani masyarakat",Negatif,kalau sudah isi foto stnk lanjut mau foto kendara ketika klik kolom foto kendara otomatis keluar kembali awal begitu selalu begitu email jga tidak balas semua pegawai bumn begitu lot dalam layan masyarakat
Pengguna Google,2,2025-11-27 20:06:20,sampai sekarang blm bisa ku abdet lagi kQR kR ku semenjak persi baru,Negatif,sampai sekarang blm bisa ku abdet lagi kqr kr ku semenjak pers baru
Pengguna Google,1,2025-11-27 19:39:09,"lebih susah, daftar tidak bisa, lengkapi profil juga error terus",Negatif,lebih susah daftar tidak bisa lengkap profil juga error terus
Pengguna Google,1,2025-11-27 19:35:24,"berkali kali verifikasi udah jelas foto nya ttp ga di setujuin. gimana solusi nya, nopol sudah terdaftar tp barcode tidak ada? dipikir dulu kalo mau ada perubahan sistem, minimal ada announcement nya kek. jngn tbtb pas mau isi bensin barcode malah ga bisa di pakai. mau mempermudah atau mempersulit?. malah makin bikin peminat pertamina turun!",Negatif,kali kali verifikasi udah jelas foto nya ttp tidak setujuin gimana solusi nya nopol sudah daftar tp barcode tidak ada pikir dulu kalo mau ada ubah sistem minimal ada announcement nya kek jngn tbtb pas mau isi bensin barcode malah tidak bisa pakai mau mudah atau sulit malah makin bikin minat pertamina turun
Pengguna Google,5,2025-11-27 17:36:26,kalo hp hilang dan akun may pertami Ikin akun baru pakai nik lama bisa tidak ya,Positif,kalo hp hilang akun may tam ikin akun baru pakai nik lama bisa tidak ya
Pengguna Google,5,2025-11-27 16:23:41,pembayaran mudah,Positif,bayar mudah
Pengguna Google,5,2025-11-27 16:09:23,mantap,Positif,mantap
Pengguna Google,5,2025-11-27 14:19:27,baik,Positif,baik
Pengguna Google,5,2025-11-27 13:15:41,barcode gue error cuy ..,Positif,barcode gue error cuy
Pengguna Google,1,2025-11-27 13:02:38,aplikasi ga berguna.. cuma disuruh daftar doang.. tp ga pernah d proses.. pdhl data sama prosedure sudah sesuai.. daftar tunggu sedang di proses.. daftar lg tunggu sedang di proses.. gtu aja sampe kiamat..,Negatif,aplikasi tidak guna cuma suruh daftar doang tp tidak pernah d proses pdhl data sama prosedure sudah sesuai daftar tunggu sedang proses daftar lg tunggu sedang proses gtu aja sampe kiamat
Pengguna Google,1,2025-11-27 12:45:18,sudah daftar ko balik lagi kan rudet mana lagi jalan dlll,Negatif,sudah daftar ko balik lagi kan rudet mana lagi jalan dlll
Pengguna Google,4,2025-11-27 12:37:35,coba jelaskan kenapa sekarang untuk banding kendaraan bekas yg ngak di berikan qrcode susah sebelum d perbaharui oke oke aja kenapa sekarang makin ngak membantu yahh,Positif,coba jelas kenapa sekarang banding kendara bekas ngak ikan qrcode susah belum d baharu oke oke aja kenapa sekarang makin ngak bantu yahh
Pengguna Google,5,2025-11-27 11:52:45,sekarang pakai aplikasi nggak antri lagi beli BBM,Positif,sekarang pakai aplikasi nggak antri lagi beli bbm
Pengguna Google,1,2025-11-27 10:35:13,"aplikasi bobrok. pendaftaran kendaraan sulit. chat dengan petugas, udah capek antri, malah mental ke nomor jauh",Negatif,aplikasi bobrok daftar kendara sulit chat tugas udah capek antri malah mental nomor jauh
Pengguna Google,5,2025-11-27 10:26:43,ok,Positif,ok
Pengguna Google,5,2025-11-27 10:04:48,Nah mantap akhirnya bisa pake lagi direct debitnya.,Positif,nah mantap akhir bisa pake lagi direct debit
Pengguna Google,5,2025-11-27 09:44:54,"ini kenapa verifikasi jadi tambah lama ya, ga kaya sebelum""nya",Positif,kenapa verifikasi jadi tambah lama ya tidak kaya belum
Pengguna Google,5,2025-11-27 08:20:49,"sudah beberapa kali transaksi lewat my pertamina nggak dapat poin .ini yg rusak aplikasi nya apa gimana ,perlu penjelasan....?",Positif,sudah beberapa kali transaksi lewat my pertamina nggak dapat poin rusak aplikasi nya apa gimana perlu jelas
Pengguna Google,5,2025-11-27 07:59:39,ok,Positif,ok
Pengguna Google,1,2025-11-27 07:42:16,"Barcode tiba-tiba ga bisa dipakai. Katanya suruh bikin barcode baru. Mau login ga bisa, katanya akun terblokir. Giliran bisa login & udah ngisi data, dibilang kendaraan tidak terdaftar. Padahal jaringan lancar dan data diri sudah sesuai. Bikin aplikasi doang jago, giliran bermasalah cuma bisa ngasih solusi clear cache sama restart HP 👎🏻👎🏻👎🏻",Negatif,barcode tibatiba tidak bisa pakai kata suruh bikin barcode baru mau login tidak bisa kata akun blokir gilir bisa login udah ngisi data bilang kendara tidak daftar padahal jaring lancar data diri sudah sesuai bikin aplikasi doang jago gilir masalah cuma bisa ngasih solusi clear cache sama restart hp
Pengguna Google,5,2025-11-27 06:56:09,Mantaabbb,Positif,mantaabbb
Pengguna Google,1,2025-11-27 04:48:37,"transaksi tgl 25 desember, tanggal 1 januari poinnya udah gak berlaku. reward macam apa ini? biasanya brand apapun ngasih durasi berdasar tgl masuk poin. ini malah dipukul rata 31 desember. aneh",Negatif,transaksi tgl desember tanggal januari poin udah gak laku reward macam apa biasa brand apa ngasih durasi dasar tgl masuk poin malah pukul rata desember aneh
Pengguna Google,4,2025-11-26 23:09:25,tombol download barcode nya kok gak ada ya?,Positif,tombol download barcode nya kok gak ada ya
Pengguna Google,1,2025-11-26 22:00:56,"Daftar dari sekian lama pengajuan di tolak Mulu, pengajuan udah 3xganti hp takut hasil foto ngga bagus, plat F 1420 Ha padahal foto STNK dan mobil tampak depan dan nomor polisi sudah ok . jika sudah di ACC baru ganti reting",Negatif,daftar sekian lama aju tolak mulu aju udah xganti hp takut hasil foto ngga bagus plat f ha padahal foto stnk mobil tampak depan nomor polisi sudah ok jika sudah acc baru ganti reting
Pengguna Google,5,2025-11-26 21:15:57,mantab,Positif,mantab
Pengguna Google,5,2025-11-26 21:10:16,okey,Positif,okey
Pengguna Google,1,2025-11-26 19:25:30,DAFTAR SUSAH. VERIFIKASI KTP SELALU GAGAL,Negatif,daftar susah verifikasi ktp selalu gagal
Pengguna Google,1,2025-11-26 19:22:50,"up date malah tolak,,,isi tetangga aja lah,,,",Negatif,up date malah tolakisi tetangga aja lah
Pengguna Google,1,2025-11-26 18:22:02,"aplikasi gk jelas, logout sendiri data kendaraan malah hilang, perbaikan sampai sekarang belum ada, perbarui kata sandi via email nya gk berfungsi, emailnya gk datang"", gimana sii",Negatif,aplikasi tidak jelas logout sendiri data kendara malah hilang baik sampai sekarang belum ada baru kata sandi via email nya tidak fungsi email tidak datang gimana sii
Pengguna Google,5,2025-11-26 16:35:54,ramah pelayanan nya cpt memuaskan.. trimakasih ya... sngat membantu.. 👍👍💪💪💪,Positif,ramah layan nya cpt muas trimakasih ya sngat bantu
Pengguna Google,1,2025-11-26 16:16:01,gabisa daftar..gagal proses smpe 1 minggu masih sama,Negatif,gabisa daftargagal proses smpe minggu masih sama
Pengguna Google,5,2025-11-26 14:54:16,mantap,Positif,mantap
Pengguna Google,5,2025-11-26 14:14:21,jos gandos,Positif,jos gandos
Pengguna Google,5,2025-11-26 13:35:12,sangat baik,Positif,sangat baik
Pengguna Google,1,2025-11-26 13:27:01,pelayanan lemottt,Negatif,layan lemottt
Pengguna Google,5,2025-11-26 13:08:33,mau bikin baru,Positif,mau bikin baru
Pengguna Google,1,2025-11-26 12:24:29,lama banget verifikasinya,Negatif,lama banget verifikasi
Pengguna Google,5,2025-11-26 10:43:44,praktis,Positif,praktis
Pengguna Google,5,2025-11-26 09:40:11,"kenapa saat mendaftar kendaraan selalu gagal memproses permintaan ? sudah 5 hari berturut2 masih sama, dipersulit ya ?",Positif,kenapa saat daftar kendara selalu gagal proses minta sudah hari turut masih sama sulit ya
Pengguna Google,5,2025-11-26 09:28:25,mantap,Positif,mantap
Pengguna Google,1,2025-11-26 09:27:46,Aplikasi sampah. sering error.,Negatif,aplikasi sampah sering error
Pengguna Google,1,2025-11-26 09:19:46,"kenapa verifikasi data diri saya on proses terus,masa sudah 2 hari masih on proses....kapan selesainya",Negatif,kenapa verifikasi data diri saya on proses terusmasa sudah hari masih on proseskapan selesai
Pengguna Google,5,2025-11-26 07:34:59,bagus,Positif,bagus
Pengguna Google,1,2025-11-26 01:41:23,Antri solar sat,Negatif,antri solar sat
Pengguna Google,5,2025-11-25 23:02:13,Semogah di bantu,Positif,semogah bantu
Pengguna Google,5,2025-11-25 22:24:15,oke is the best,Positif,oke is the best
Pengguna Google,1,2025-11-25 19:07:39,"Tolonglah, benerin tuh web Subsidi Tepatnya. Kelengkapan Data Pribadi (NIK, Nama, Alamat) gak bisa di verifikasi",Negatif,tolong benerin tuh web subsidi tepat lengkap data pribadi nik nama alamat gak bisa verifikasi
Pengguna Google,5,2025-11-25 18:57:17,bagus,Positif,bagus
Pengguna Google,5,2025-11-25 18:48:29,mohon untuk di perbaiki server nya udah satu minggu ini banyak yang ngeluh pendaftaran di tolak terus,Positif,mohon baik server nya udah satu minggu banyak ngeluh daftar tolak terus
Pengguna Google,1,2025-11-25 17:23:11,"padahal barcode sudah ada tapi di suruh perbarui data kendaraan dan harus menunggu 14hari? Tujuannya demi apa si, pengalihan isu biar pindah ke Pertamax ya?",Negatif,padahal barcode sudah ada tapi suruh baru data kendara harus tunggu hari tuju demi apa si alih isu biar pindah pertamax ya
Pengguna Google,1,2025-11-25 17:09:19,keluar sendiri waktu pendaftaran ada 20x dan tdk bisa didaftar akhirnya,Negatif,keluar sendiri waktu daftar ada x tidak bisa daftar akhir
Pengguna Google,2,2025-11-25 16:50:19,tolong di daerah Papua barat untuk kelengkapan profil di isi,Negatif,tolong daerah papua barat lengkap profil isi
Pengguna Google,4,2025-11-25 15:30:45,"akun saya selalu gagal perbarui data diri di akun subsidi tepat, tolong di bantu",Positif,akun saya selalu gagal baru data diri akun subsidi tepat tolong bantu
Pengguna Google,5,2025-11-25 14:49:21,sangat membantu bagi para pedagang dan kendaraan pribadi dalam mendapatkan subsidi bahan bakar,Positif,sangat bantu bagi para dagang kendara pribadi dalam dapat subsidi bahan bakar
Pengguna Google,5,2025-11-25 14:43:19,good,Positif,good
Pengguna Google,1,2025-11-25 14:25:29,"Saya mau reset password karena lupa, tetapi setiap mau reset password nya kembali saya di bawa ke halaman ini. jadi susah untuk saya",Negatif,saya mau reset password karena lupa tetapi tiap mau reset password nya kembali saya bawa halaman jadi susah saya
Pengguna Google,5,2025-11-25 12:25:12,perbaiki alat nya ya sering lama,Positif,baik alat nya ya sering lama
Pengguna Google,1,2025-11-25 12:07:16,"percuma ada menu bantuan, tapi tidak bisa di gunakan satu pun",Negatif,percuma ada menu bantu tapi tidak bisa guna satu pun
Pengguna Google,1,2025-11-25 11:48:59,parah aplikasi ini. di suru coba terus terus,Negatif,parah aplikasi suru coba terus terus
Pengguna Google,1,2025-11-25 09:26:19,"Layanan : pakai chatbot gk jelas email pengaduan : gk guna gk pernah direspon layanan panggilan 135 susahnya minta ampun udah pelayanan pakai chatbot, antrian berjam2 bukannya dapat giliran kok malah berubah terus antriannya, udah dpt no antrian 18 ditunggu berjam berjam, lah kok tiba2 merosot ke nomor 58, gk jelas. pertamina benar benar merasa di atas angin sampai konsumen pun tidak dipedulikan.",Negatif,layan pakai chatbot tidak jelas email adu tidak guna tidak pernah direspon layan panggil susah minta ampun udah layan pakai chatbot antri jam bukan dapat gilir kok malah ubah terus antri udah dpt no antri tunggu jam jam lah kok tiba merosot nomor tidak jelas pertamina benar benar rasa atas angin sampai konsumen pun tidak peduli
Pengguna Google,1,2025-11-25 09:02:29,terlalu buruk,Negatif,terlalu buruk
Pengguna Google,5,2025-11-25 08:18:27,"cepat tepat, makasih MyPertamina",Positif,cepat tepat makasih mypertamina
Pengguna Google,1,2025-11-25 07:51:55,di history pembelian BBM tiba2 muncul data pengisian BBM yg tidak sy lakukan. apakah barcode sy di pakai orang lain ? payah mau isi BBM ga bisa katanya error di sistem. rakyat beli cash terus kalian bilang rugi terus. kecilin tu gaji komisaris sama pejabat di Pertamina. kerja ga becus. padahal rakyat mau beli pake uang sendiri. koplok,Negatif,history beli bbm tiba muncul data isi bbm tidak sy laku apakah barcode sy pakai orang lain payah mau isi bbm tidak bisa kata error sistem rakyat beli cash terus kalian bilang rugi terus kecilin tu gaji komisaris sama jabat pertamina kerja tidak becus padahal rakyat mau beli pake uang sendiri koplok
Pengguna Google,1,2025-11-25 06:08:53,gagal hubungkan gopay.,Negatif,gagal hubung gopay
Pengguna Google,5,2025-11-25 05:36:01,mantapp,Positif,mantapp
Pengguna Google,5,2025-11-25 04:08:15,bagus,Positif,bagus
Pengguna Google,1,2025-11-25 02:20:45,bukan Nya mempermudah malah mempersulit.. udah jaman canggih kenapa harus langsung STNK dan kendaraan nya knp gak bisa masukan File kaya pertama ada my Pertamina. malah makin kesini makin ribet,Negatif,bukan nya mudah malah sulit udah jaman canggih kenapa harus langsung stnk kendara nya knp gak bisa masuk file kaya pertama ada my pertamina malah makin kesini makin ribet
Pengguna Google,1,2025-11-24 23:31:44,"mau login aja susah banget, sampe reset password aja ga bisa login login... ah aplikasi sampah.. Pecat TIM IT nya, bodoh banget bikin aplikasi udah bagus kemaren malah di rusak pas pembaharuan..",Negatif,mau login aja susah banget sampe reset password aja tidak bisa login login ah aplikasi sampah pecat tim it nya bodoh banget bikin aplikasi udah bagus kemaren malah rusak pas baharu
Pengguna Google,2,2025-11-24 20:29:36,"dilengkapi lah metode pembayarannya, masukkan metode bayar dengan dana",Negatif,lengkap lah metode bayar masuk metode bayar dana
Pengguna Google,5,2025-11-24 19:35:05,gagal,Positif,gagal
Pengguna Google,5,2025-11-24 19:13:03,bagus,Positif,bagus
Pengguna Google,5,2025-11-24 19:08:11,bagus,Positif,bagus
Pengguna Google,5,2025-11-24 17:34:11,mantap,Positif,mantap
Pengguna Google,5,2025-11-24 17:18:32,mungkin baru pakai jadi kaya yg ribet,Positif,mungkin baru pakai jadi kaya ribet
Pengguna Google,5,2025-11-24 16:12:18,lumayan praktis,Positif,lumayan praktis
Pengguna Google,5,2025-11-24 15:27:16,mantap jaya... cuma ada beberapa spbu utk pertalite tidak tersedia,Positif,mantap jaya cuma ada beberapa spbu utk pertalite tidak sedia
Pengguna Google,5,2025-11-24 14:29:51,sangat baik,Positif,sangat baik
Pengguna Google,1,2025-11-24 14:11:19,"Mengapa disuruh daftat ulang, dan pendaftarannya mengapa susah sekali, baru ambil foto2 aplikasi tertutup kembali, mohon dipermudah pendaftarannya",Negatif,mengapa suruh daftat ulang daftar mengapa susah sekali baru ambil foto aplikasi tutup kembali mohon mudah daftar
Pengguna Google,5,2025-11-24 14:04:42,pelayanan mantap saya puas,Positif,layan mantap saya puas
Pengguna Google,5,2025-11-24 13:30:29,nice aplikasi,Positif,nice aplikasi
Pengguna Google,5,2025-11-24 13:13:12,mantap,Positif,mantap
Pengguna Google,1,2025-11-24 13:11:18,Tidak bisa reset password nik katanya sdh terdaftar kita sdh lupa password nya mau reset gak bisa ampun dah bukan di permudah malah nyusahin mana harus pakai barcode isi minyak,Negatif,tidak bisa reset password nik kata sdh daftar kita sdh lupa password nya mau reset gak bisa ampun dah bukan mudah malah nyusahin mana harus pakai barcode isi minyak
Pengguna Google,5,2025-11-24 12:54:17,"saya penerima subsidi Pertamina, sudah lama saya memakai qris yang saya print, setelah saya cek aplikasi bagian transaksi ko saya lihat banyak pengisian pertalite 1 hari sampai 69 liter ya, padahal saya kalo ngisi hanya sekitar 10 liter dan 20 liter kalo jauh, apa Qris pertamina bisa bocor atau gimana, saya ga pernah mengisi pertalite dalam 1 hari sampe 60 liter lebih",Positif,saya terima subsidi pertamina sudah lama saya pakai qris saya print telah saya cek aplikasi bagi transaksi ko saya lihat banyak isi pertalite hari sampai liter ya padahal saya kalo ngisi hanya sekitar liter liter kalo jauh apa qris pertamina bisa bocor atau gimana saya tidak pernah isi pertalite dalam hari sampe liter lebih
Pengguna Google,1,2025-11-24 11:36:30,mengecewakan daftar barcode dipersulit,Negatif,kecewa daftar barcode sulit
Pengguna Google,5,2025-11-24 10:59:33,The best,Positif,the best
Pengguna Google,5,2025-11-24 10:32:53,sangat susah daftar barcode terbaru,Positif,sangat susah daftar barcode baru
Pengguna Google,2,2025-11-24 09:29:52,kenapa saya daftar selalu gagal padahal data semua nya udah lengkap stnk sama foto mobil nya sama dengan contoh tapi pengajuan gagal,Negatif,kenapa saya daftar selalu gagal padahal data semua nya udah lengkap stnk sama foto mobil nya sama contoh tapi aju gagal
Pengguna Google,1,2025-11-24 08:43:30,"disuruh verifikasi ulang data, tapi pengajuan ditolak terus alasan foto STNK tidak sesuai..tolong itu aplikasinya di perbaiki..tulisan diSTNK kurang terang jadi terbaca saat difoto juga buram jadinya!!! sudah berulang2 kali take foto STNK hasilnya tetap sama. telepon 135 malah dsuruh ke SAMSAT buat perbaharui STNK krn tulisan dilembar Pajak diprint terkena garis.???? tidak ada opsi lain,, kan bisa ada opsi kirim email scan STNK kita yg tidak terbaca di Aplikasi.",Negatif,suruh verifikasi ulang data tapi aju tolak terus alas foto stnk tidak sesuaitolong aplikasi perbaikitulisan distnk kurang terang jadi baca saat foto juga buram jadi sudah ulang kali take foto stnk hasil tetap sama telepon malah dsuruh samsat buat baharu stnk krn tulis lembar pajak diprint kena garis tidak ada opsi lain kan bisa ada opsi kirim email scan stnk kita tidak baca aplikasi
Pengguna Google,1,2025-11-24 08:42:24,"tidak bisa memdaftarkan QR, aplikasi Bug, tiba-tiba keluar sendiri",Negatif,tidak bisa memdaftarkan qr aplikasi bug tibatiba keluar sendiri
Pengguna Google,2,2025-11-24 08:21:48,"aplikasi yang paling ribet, sudah tiga hari jangan kan untuk di pakai di aktivasi pun ngak bisa. no cs jugan tidak aktif",Negatif,aplikasi paling ribet sudah tiga hari jangan kan pakai aktivasi pun ngak bisa no cs jugan tidak aktif
Pengguna Google,5,2025-11-24 07:10:41,bagus. jadi tercatat konsumsi bbm,Positif,bagus jadi catat konsumsi bbm
Pengguna Google,5,2025-11-24 01:58:39,oke,Positif,oke
Pengguna Google,2,2025-11-23 23:55:16,"barcode tiba2 TDK kebaca dipom bensin setelah cek,katanya harus diperbarui.setelah diperbaharui..gak bisa login.kendaraan gak kedaftar,parah ini, gak bikin mudah tapi ngerjain.coba berkali kali sama aja..please dong.permudah, data diri sudah lengkap",Negatif,barcode tiba tidak baca dipom bensin telah cekkatanya harus diperbaruisetelah diperbaharuigak bisa loginkendaraan gak kedaftarparah gak bikin mudah tapi ngerjaincoba kali kali sama ajaplease dongpermudah data diri sudah lengkap
Pengguna Google,5,2025-11-23 23:53:06,Subsidi Tepat Sasaran. Pengguna'an Aplikasi mudah Juga sangat membantu Pengemudi Menemukan SPBU...,Positif,subsidi tepat sasar guna aplikasi mudah juga sangat bantu kemudi temu spbu
Pengguna Google,1,2025-11-23 23:20:38,"tolong di setiap SPBU masih banyak yg menolak untuk pembayaran pertalite menggunakan aplikasi ini,,dan mohon dikasih bintang dari aplikasi untuk operator yg bertugas supaya operator2 yg nakal kena sanksi nya dalam bertugas jika TDK mematuhi SOP,, aplikasi ini dibuat supaya memudahkan pembayaran tp bnyk SPBU yg menolak jika beli nya pertalite",Negatif,tolong tiap spbu masih banyak tolak bayar pertalite guna aplikasi inidan mohon kasih bintang aplikasi operator tugas supaya operator nakal kena sanksi nya dalam tugas jika tidak patuh sop aplikasi buat supaya mudah bayar tp bnyk spbu tolak jika beli nya pertalite
Pengguna Google,1,2025-11-23 22:13:28,"sangat jlek, susah buat daftar makanyo bnyak calo yg urus barcode. bikin aplikasi bukan mempermudah malam mempersulit yg punya kendaraan",Negatif,sangat jlek susah buat daftar makanyo bnyak calo urus barcode bikin aplikasi bukan mudah malam sulit punya kendara
Pengguna Google,1,2025-11-23 20:37:09,merepotkan orang tua yg gaptek .perbaiki lagilah,Negatif,repot orang tua gaptek baik lagi
Pengguna Google,1,2025-11-23 20:10:38,apk rusak amoh,Negatif,aplikasi rusak amoh
Pengguna Google,1,2025-11-23 19:48:07,"terpaksa mau beli subsidi karena yang non masih kosong, kebiasaan beli yang non. Mau daftar dibilang ktp tidak asli, mau masuk bilang nik tidak terdaftar, padahal waktu awal-awal diberlakukan pembatasan sudah pernah daftar plat nomornya. cuma mau ngisi bbm doang gak butuh aplikasi bumn yang ribet.",Negatif,paksa mau beli subsidi karena non masih kosong biasa beli non mau daftar bilang ktp tidak asli mau masuk bilang nik tidak daftar padahal waktu awalawal laku batas sudah pernah daftar plat nomor cuma mau ngisi bbm doang gak butuh aplikasi bumn ribet
Pengguna Google,5,2025-11-23 19:46:19,Joss!!,Positif,joss
Pengguna Google,1,2025-11-23 19:22:01,aplikasi bosok,Negatif,aplikasi bosok
Pengguna Google,5,2025-11-23 19:19:00,selalu membantu,Positif,selalu bantu
Pengguna Google,5,2025-11-23 18:49:17,"daritadi pas masukin nik sama sandi tetap salah terus,pas coba lupain sandi dan udah masukin email yang keluar malah email yang bukan didaftarkan,jadi nggak ada email masuk untuk ganti kata sandi",Positif,daritadi pas masukin nik sama sandi tetap salah teruspas coba lupain sandi udah masukin email keluar malah email bukan didaftarkanjadi nggak ada email masuk ganti kata sandi
Pengguna Google,2,2025-11-23 16:54:32,"Saya sudah berkali² mencoba tp belum sampai tahap akhir, selalu ada notif KESALAHAN PADA SISTEM, KEMBALI BEBERAPA SAAT LAGI. Dan itu selalu berulang padahal data yg di input sudah benar dan lengkap, ada apa dengan sistemnya. Mohon diperbaiki agar aplikasinya dpt digunakan. Terima kasih.",Negatif,saya sudah kali coba tp belum sampai tahap akhir selalu ada notif salah sistem kembali beberapa saat lagi selalu ulang padahal data input sudah benar lengkap ada apa sistem mohon baik agar aplikasi dpt guna terima kasih
Pengguna Google,5,2025-11-23 15:45:28,bagus,Positif,bagus
Pengguna Google,1,2025-11-23 15:06:11,mantap,Negatif,mantap
Pengguna Google,1,2025-11-23 13:34:15,aku sering di gunakan ketika update aplikasi kluar pas login ke blokir telpon operator abis pulsa 50rb masalah Tidak selesai sekelas my pertamina begini bobrok,Negatif,aku sering guna ketika update aplikasi kluar pas login blokir telpon operator abis pulsa rb masalah tidak selesai kelas my pertamina begini bobrok
Pengguna Google,1,2025-11-23 13:32:03,"bahan bakar oplosan... masih aja rugi, banyak koruptor & mafia TRUE...",Negatif,bahan bakar oplos masih aja rugi banyak koruptor mafia true
Pengguna Google,5,2025-11-23 13:15:07,bagus dan amanah,Positif,bagus amanah
Pengguna Google,4,2025-11-23 12:48:52,"awalnya agak ribet tetapi stlh dipandu operator ternyata mudah, terimakasih operator dan My Pertamina",Positif,awal agak ribet tetapi stlh pandu operator nyata mudah terimakasih operator my pertamina
Pengguna Google,5,2025-11-23 12:35:11,sangat bagus simpel mypertamina memberikan pelayanan baik dan mudah,Positif,sangat bagus simpel mypertamina beri layan baik mudah
Pengguna Google,4,2025-11-23 12:14:48,"pertama lumayan susah, tpi dicoba trs akhirnya bisa juga",Positif,pertama lumayan susah tpi coba trs akhir bisa juga
Pengguna Google,5,2025-11-23 11:58:46,ok,Positif,ok
Pengguna Google,1,2025-11-23 11:46:07,setelah update data kendaraan saya hilang semua,Negatif,telah update data kendara saya hilang semua
Pengguna Google,4,2025-11-23 10:32:51,My pertamina lg ga bs dibuka ya,Positif,my pertamina lg tidak bs buka ya
Pengguna Google,5,2025-11-23 09:31:21,super praktis,Positif,super praktis
Pengguna Google,5,2025-11-23 08:37:12,oke,Positif,oke
Pengguna Google,1,2025-11-23 07:19:01,buat barcode susah bangat,Negatif,buat barcode susah bangat
Pengguna Google,1,2025-11-23 06:12:34,aplikasi sampah,Negatif,aplikasi sampah
Pengguna Google,1,2025-11-22 22:06:21,aplikasi ga jelas,Negatif,aplikasi tidak jelas
Pengguna Google,1,2025-11-22 21:41:32,disuruh perbaiki data diri. sudah di perbaiki tapi pas untuk verifikasi data diri gak bisa di tekan tombol nya. ini aplikasi kalo belum siap untuk di pakai mending gak usah di luncurkan. kaya gini masyarakat yang susah. mau isi minyak aja ribet. dengan barcode pakai masa berlaku. mana gak ada notif lagi kalo barcode exp,Negatif,suruh baik data diri sudah baik tapi pas verifikasi data diri gak bisa tekan tombol nya aplikasi kalo belum siap pakai mending gak usah luncur kaya gin masyarakat susah mau isi minyak aja ribet barcode pakai masa laku mana gak ada notif lagi kalo barcode exp
Pengguna Google,5,2025-11-22 21:23:02,mantap,Positif,mantap
Pengguna Google,5,2025-11-22 21:19:54,"udah update mypertamina kalo status masih verifikasi berapa lama ya,,ada balasan d email ditolak solusinya gimana ya min",Positif,udah update mypertamina kalo status masih verifikasi berapa lama yaada balas d email tolak solusi gimana ya min
Pengguna Google,1,2025-11-22 20:49:28,kenapa kembali lagi pada saat foto kendaraan. gini amat mau beli aja di persulit.,Negatif,kenapa kembali lagi saat foto kendara gin amat mau beli aja sulit
Pengguna Google,5,2025-11-22 20:14:01,tolong metode bayarnya bs d gabungi ewallet apa aja,Positif,tolong metode bayar bs d gabung ewallet apa aja
Pengguna Google,1,2025-11-22 17:18:13,"sudah 3 hari mau daftar kendaraan ga pernah bisa , muncul : gagal memproses silakan coba beberapa saat lagi .. tapi tetap ga bisa , masa eror berhari-hari hari",Negatif,sudah hari mau daftar kendara tidak pernah bisa muncul gagal proses sila coba beberapa saat lagi tapi tetap tidak bisa masa eror berharihari hari
Pengguna Google,5,2025-11-22 16:41:01,mantap,Positif,mantap
Pengguna Google,5,2025-11-22 16:07:06,mantap,Positif,mantap
Pengguna Google,1,2025-11-22 15:06:33,"aplikasi gak jelas..barcode lama expired, mau daftar baru pas ngisi data kendaraan gak bisa2..gagal2 terus..hadeeh bikin ribet..",Negatif,aplikasi gak jelasbarcode lama expired mau daftar baru pas ngisi data kendara gak bisagagal terushadeeh bikin ribet
Pengguna Google,1,2025-11-22 13:56:44,"mohon pelayanan barcode Pertamina diperbaiki menyakiti hajat hidup Masyarakat,apa perlu memberikan syarat yang bertele tele sudah lebih setahun ngurus barcode Sampai tidak terselesaikan,kami harus makan darimana sedangkan pejabat di lingkungan Pertamina bisa makan gaji banyak",Negatif,mohon layan barcode pertamina baik sakit hajat hidup masyarakatapa perlu beri syarat tele tele sudah lebih tahun ngurus barcode sampai tidak terselesaikankami harus makan darimana sedang jabat lingkung pertamina bisa makan gaji banyak
Pengguna Google,5,2025-11-22 13:47:11,tantap,Positif,tantap
Pengguna Google,1,2025-11-22 13:39:51,jadi tidak bisa direct dengan debit,Negatif,jadi tidak bisa direct debit
Pengguna Google,5,2025-11-22 13:13:19,Tolong buatkan aturan kalau yg bayar pakai My Pertamina agar di khususkan pengisian nya jgn antri sma yg bayar Cash. spy yg lain juga tertarik bayar pakai aplikasi My pertamina.,Positif,tolong buat atur kalau bayar pakai my pertamina agar khusus isi nya jgn antri sma bayar cash spy lain juga tarik bayar pakai aplikasi my pertamina
Pengguna Google,5,2025-11-22 11:57:26,pelayanan pertamina cukup baik khususnya kami pengguna BBM Pertalite,Positif,layan pertamina cukup baik khusus kami guna bbm pertalite
Pengguna Google,1,2025-11-22 11:53:39,"aplikasi ga jelas buat repot aja aplikasi ini saya bisnis mobil rental,semua saya daftarkan sesuai dengan subsidi tepat,TPI dipersulit dan tiba2 barcode ga bisa dipake,tiba2 data mobil hilang di aplikasinya,, emang taik nih aplikasi GA JELAS!!",Negatif,aplikasi tidak jelas buat repot aja aplikasi saya bisnis mobil rentalsemua saya daftar sesuai subsidi tepattpi sulit tiba barcode tidak bisa dipaketiba data mobil hilang aplikasi emang taik nih aplikasi tidak jelas
Pengguna Google,1,2025-11-22 11:12:45,"aplikasi busuk, banyak bug, mau bkin barcode aja ga bisa-bisa!",Negatif,aplikasi busuk banyak bug mau bkin barcode aja tidak bisabisa
Pengguna Google,5,2025-11-22 11:10:20,Good,Positif,good
Pengguna Google,1,2025-11-22 11:02:58,"aplikasi gak guna, sangat mempersulit",Negatif,aplikasi gak guna sangat sulit
Pengguna Google,5,2025-11-22 10:00:16,mantap,Positif,mantap
Pengguna Google,5,2025-11-22 09:24:00,terimakasih,Positif,terimakasih
Pengguna Google,1,2025-11-22 08:34:28,"mau beli aja di bikin susah sama aturan kayak mau NGEMIS Aja, mudah mudahan yg bikin aturan meskipun banyak duit hidupnya susah di persulit urusan kesehatan hidup matimu, sakit ada duit juga obatnya susah, makan gak punya selera, mau mati aja harus sekarat bertahun tahun itu ganjaran yg harus kalian dapat akibat mempersulit rakyat",Negatif,mau beli aja bikin susah sama atur kayak mau ngemis aja mudah mudah bikin atur meski banyak duit hidup susah sulit urus sehat hidup mati sakit ada duit juga obat susah makan gak punya selera mau mati aja harus sekarat tahun tahun ganjar harus kalian dapat akibat sulit rakyat
Pengguna Google,5,2025-11-22 08:29:45,"sangat mudah,aman,dan cepat nggak pakai antri",Positif,sangat mudahamandan cepat nggak pakai antri
Pengguna Google,1,2025-11-22 07:39:05,gak jelas,Negatif,gak jelas
Pengguna Google,1,2025-11-22 07:18:26,"aplikasi gk jelas, buat daftar aja susah aneh. cs lambat dari antrian 46 ubah ke 21 balik lagi ke 46, gimana ini ?",Negatif,aplikasi tidak jelas buat daftar aja susah aneh cs lambat antri ubah balik lagi gimana
Pengguna Google,1,2025-11-22 05:36:15,"ini kok saya ingin lengkapi data diri ulang tapu tidak bisa, padahal sudah upload ulang KTP tapi tidak bisa ke tahap verifikasi data diri. Saya juga ingin hapus akun subsidi tepat tapi masi saja tidak bisa. semua cara sudah diikuti sesuai tahapan tapi gak bisa, ini gimana sih, gak ada solusinya ya @mypertamina ?",Negatif,kok saya ingin lengkap data diri ulang tapu tidak bisa padahal sudah upload ulang ktp tapi tidak bisa tahap verifikasi data diri saya juga ingin hapus akun subsidi tepat tapi mas saja tidak bisa semua cara sudah ikut sesuai tahap tapi gak bisa gimana sih gak ada solusi ya mypertamina
Pengguna Google,4,2025-11-22 02:01:35,oke,Positif,oke
Pengguna Google,5,2025-11-22 01:22:47,Mantap,Positif,mantap
Pengguna Google,2,2025-11-22 01:02:35,tiba tiba subsidi tepat tidak aktif dg keterangan terindikasi ketidaksesuaian data. saat daftar lagi nik sudah digunakan akun lain. apakah ada yang sama pengalaman ini?? bagaimana solusi??,Negatif,tiba tiba subsidi tepat tidak aktif dg terang indikasi ketidaksesuaian data saat daftar lagi nik sudah guna akun lain apakah ada sama alam bagaimana solusi
Pengguna Google,1,2025-11-21 22:11:31,Telek ... Mau ubah pasword malah belibet gag jelas,Negatif,telek mau ubah pasword malah belibet gag jelas
Pengguna Google,1,2025-11-21 22:06:17,apk nyusahin,Negatif,aplikasi nyusahin
Pengguna Google,4,2025-11-21 21:01:36,"padahal kami senang bisa pakai aplikasi MYPERTAMINA, tapi operator di pom kadang sebaliknya, kadang mereka beralasan mesin nya mati lah, apalah ...",Positif,padahal kami senang bisa pakai aplikasi mypertamina tapi operator pom kadang balik kadang mereka alas mesin nya mati lah apa
Pengguna Google,1,2025-11-21 19:36:26,"aplikasi tertolol, gakguna",Negatif,aplikasi tolol gakguna
Pengguna Google,5,2025-11-21 18:39:53,Mypertamina is the best,Positif,mypertamina is the best
Pengguna Google,5,2025-11-21 18:31:53,masih ttp barcode ngk bisa di pake,Positif,masih ttp barcode ngk bisa pake
Pengguna Google,1,2025-11-21 18:06:54,nukar poin sudah 1 bulan gk sampai sampai barang ny. mana gk bisa di cek barang di kirim apa ngga,Negatif,nukar poin sudah bulan tidak sampai sampai barang ny mana tidak bisa cek barang kirim apa ngga
Pengguna Google,1,2025-11-21 16:19:06,aplikasi sangat sangat mempersulit tak bisa perbarui kodeQR semakin kesini semakin gak jelas...,Negatif,aplikasi sangat sangat sulit tak bisa baru kodeqr makin kesini makin gak jelas
Pengguna Google,1,2025-11-21 16:15:07,ribet dan menyusahkan,Negatif,ribet susah
Pengguna Google,1,2025-11-21 16:04:28,"isi minyak pertalite melalui aplikasi kok pembayarannya harus k link aja oleh petugas spbu marga mulya lubuklinggau, melalui gopay gk bisa katanya, buang aja aplikasi ini gk guna..",Negatif,isi minyak pertalite lalu aplikasi kok bayar harus k link aja oleh tugas spbu marga mulya lubuklinggau lalu gopay tidak bisa kata buang aja aplikasi tidak guna
Pengguna Google,5,2025-11-21 15:27:00,ribet,Positif,ribet
Pengguna Google,5,2025-11-21 14:55:51,"Tidak semua pom bensin mau pakai aplikasi my pertamina,malah ada yg harus pembelian min 50rb baru bs pakai my pertamina. Pembayaran hny bs pakai linkaja,pakai ovo pihak pom belum tahu kl bs jg. Tolong untuk lbh diperbaiki lg Krn aplikasi ini sangat membantu para driver online,apalagi kl ada disc dan reward nya",Positif,tidak semua pom bensin mau pakai aplikasi my pertaminamalah ada harus beli min rb baru bs pakai my pertamina bayar hny bs pakai linkajapakai ovo pihak pom belum tahu kl bs jg tolong lbh baik lg krn aplikasi sangat bantu para driver onlineapalagi kl ada disc reward nya
Pengguna Google,5,2025-11-21 14:36:27,mantap,Positif,mantap
Pengguna Google,1,2025-11-21 14:20:44,"kecewa berat sama bro sekelas pertamina..minyak sudah garis 2, berjuang antrian...enak aja petugas pengisi bilang barcode tdk update..HARUS NYO BRO PERTAMINA KASIH NOTIFIKASI SEPERTI TELPON JIKA PAKET DATA, DLL MAU HABIS, BAYANG KAN BRO STUASI SEPERTI INI, MAU URUSAN",Negatif,kecewa berat sama bro kelas pertaminaminyak sudah garis juang antrianenak aja tugas isi bilang barcode tidak updateharus nyo bro pertamina kasih notifikasi seperti telpon jika paket data dll mau habis bayang kan bro stuasi seperti mau urus
Pengguna Google,5,2025-11-21 14:04:41,Makin Mantap,Positif,makin mantap
Pengguna Google,1,2025-11-21 14:00:31,kenapa ya 1 mingguan belakangan ini tiap saya memasuki wilayah pom bensin aplikasi tidak bisa dibuka? ketika dirumah atau tempat lain aplikasi bisa dibuka,Negatif,kenapa ya minggu belakang tiap saya pasuk wilayah pom bensin aplikasi tidak bisa buka ketika rumah atau tempat lain aplikasi bisa buka
Pengguna Google,5,2025-11-21 11:06:10,oke,Positif,oke
Pengguna Google,1,2025-11-21 10:15:42,apk jelek dasar ga guna,Negatif,aplikasi jelek dasar tidak guna
Pengguna Google,1,2025-11-21 09:21:56,"Pembayaran kartu debit perbaikan muluk kapan beresnya, berhubung adanya dana di bank jadinya gak bisa dipake, males klo pake ewallet harus topup dulu",Negatif,bayar kartu debit baik muluk kapan beres hubung ada dana bank jadi gak bisa dipake males klo pake ewallet harus topup dulu
Pengguna Google,2,2025-11-21 08:58:17,verifikasi data pendaftaran 14 hari kelamaan,Negatif,verifikasi data daftar hari lama
Pengguna Google,2,2025-11-21 08:48:17,"kenapa ketika saya upload foto stnk atau uplod foto kenderaan aplikasinya kembali ke menu pendaftaran, erorr kah? soalnya barcode saya yg lama udah gak bisa dipakai min, mohonlah diperbaiki sitem bugs nya, sudah saya clear cach nya tetap ketika klik foto kenderaan kembali ke menu daftar",Negatif,kenapa ketika saya upload foto stnk atau uplod foto kenderaan aplikasi kembali menu daftar erorr kah soal barcode saya lama udah gak bisa pakai min mohon baik sitem bugs nya sudah saya clear cach nya tetap ketika klik foto kenderaan kembali menu daftar
Pengguna Google,1,2025-11-21 08:19:21,untuk layanan daftar kendaraan tidak bisa. keterangan aplikasi terhenti dengan sendiri,Negatif,layan daftar kendara tidak bisa terang aplikasi henti sendiri
Pengguna Google,1,2025-11-21 06:53:28,"Ribet, saya sudah 3 hari berusaha daftar. Tetap gak bisa",Negatif,ribet saya sudah hari usaha daftar tetap gak bisa
Pengguna Google,4,2025-11-21 06:48:41,"setelah di update malahan data kendaraan nya missing apakah system update tidak menyimpan data kendaraan yg sudah ada, tolong data kendaraan nya dikembalikan seperti semula",Positif,telah update malah data kendara nya missing apakah system update tidak simpan data kendara sudah ada tolong data kendara nya kembali seperti mula
Pengguna Google,1,2025-11-21 06:44:44,aplikasi anzink kartu kartu anzink bikin ribet mana susah buat nya,Negatif,aplikasi anzink kartu kartu anzink bikin ribet mana susah buat nya
Pengguna Google,5,2025-11-21 05:38:36,Terimakasih MyPertamina.. sudah update..tidak ribet.. Data lama masih tersimpan.. Barcode masih aktif,Positif,terimakasih mypertamina sudah updatetidak ribet data lama masih simpan barcode masih aktif
Pengguna Google,1,2025-11-21 04:13:35,"aplikasi untuk menguji batas logika. Jaringan stabil, perangkat normal, aplikasinya saja yg tetap memilih ‘gagal koneksi’",Negatif,aplikasi uji batas logika jaring stabil perangkat normal aplikasi saja tetap pilih gagal koneksi
Pengguna Google,5,2025-11-21 02:37:57,sangat bermanfaat,Positif,sangat manfaat
Pengguna Google,1,2025-11-21 00:06:39,petamax oplosan,Negatif,petamax oplos
Pengguna Google,1,2025-11-20 22:02:36,"Aplikasi ga jelas, udah daftar subsidi tepat tapi mau rubah kata sandi klaimnya aja ribet banget kaya ga guna nih aplikasinya ga jelas.",Negatif,aplikasi tidak jelas udah daftar subsidi tepat tapi mau rubah kata sandi klaim aja ribet banget kaya tidak guna nih aplikasi tidak jelas
Pengguna Google,5,2025-11-20 21:14:45,ok,Positif,ok
Pengguna Google,5,2025-11-20 21:00:01,"mohon maaf minta update ada untuk pembayaran Qris atau dana atau bank lain nya , supaya lebih di permudah lagi untuk pembayaran nya ,",Positif,mohon maaf minta update ada bayar qris atau dana atau bank lain nya supaya lebih mudah lagi bayar nya
Pengguna Google,4,2025-11-20 20:58:10,qris kurang praktis dan cepat,Positif,qris kurang praktis cepat
Pengguna Google,5,2025-11-20 20:36:00,mengapa data kendaraan saya d tolak MYpertamina,Positif,mengapa data kendara saya d tolak mypertamina
Pengguna Google,1,2025-11-20 20:26:42,"Aplikasi sampah gak mutu, error terus",Negatif,aplikasi sampah gak mutu error terus
Pengguna Google,1,2025-11-20 18:47:11,kenapa barcode sy di blokir?,Negatif,kenapa barcode sy blokir
Pengguna Google,5,2025-11-20 18:34:26,pakai aplikasi mypertamina lebih cepat dan mudah diakses. trim's mypertamina,Positif,pakai aplikasi mypertamina lebih cepat mudah akses trims mypertamina
Pengguna Google,1,2025-11-20 18:25:32,Aplikasi tidak membantu. mau daftar aja susah dipersulit.,Negatif,aplikasi tidak bantu mau daftar aja susah sulit
Pengguna Google,1,2025-11-20 17:56:59,"aplikasi sangat buruk. data barcode kendaraan hilang, mau di daftarkan lagi tidak masuk selalu coba lagi!",Negatif,aplikasi sangat buruk data barcode kendara hilang mau daftar lagi tidak masuk selalu coba lagi
Pengguna Google,5,2025-11-20 17:53:43,mudah,Positif,mudah
Pengguna Google,5,2025-11-20 17:44:14,Siip,Positif,siip
Pengguna Google,1,2025-11-20 17:00:32,Selalu force close saat digunakan untuk ambil foto mobil/STNK untuk mendaftarkan kendaraan dalam program subsidi tepat sasaran.,Negatif,selalu force close saat guna ambil foto mobilstnk daftar kendara dalam program subsidi tepat sasar
Pengguna Google,1,2025-11-20 16:44:36,gelooo SPKLU PERTAMINA / BUMN biaya layanan charging ev 10k ??? 22kW harga sama per kwh SPKLU PLN waktunya juga sama. PARAH PARAH PARAH PANTESAN SEPI / GA LAKU !!! lebih baik di SPKLU PLN lebih murah biaya layanan charging ev.,Negatif,gelooo spklu pertamina bumn biaya layan charging ev k kw harga sama per kwh spklu pln waktu juga sama parah parah parah pantesan sepi tidak laku lebih baik spklu pln lebih murah biaya layan charging ev
Pengguna Google,5,2025-11-20 15:33:22,baik,Positif,baik
Pengguna Google,1,2025-11-20 15:21:32,kualitas pertalit bikin mesin rusak 💔,Negatif,kualitas pertalit bikin mesin rusak
Pengguna Google,5,2025-11-20 14:09:28,ok👍,Positif,ok
Pengguna Google,1,2025-11-20 13:41:42,"aplikasi nya bikin rugi, udh 2 kali transaksi tp gk bisa di proses di SPBU",Negatif,aplikasi nya bikin rugi udh kali transaksi tp tidak bisa proses spbu
Pengguna Google,5,2025-11-20 13:06:56,mudah digunakan,Positif,mudah guna
Pengguna Google,5,2025-11-20 13:04:39,mudah diakses,Positif,mudah akses
Pengguna Google,1,2025-11-20 11:51:13,"embel2 banyak promo tukar poin, tapi poinnya nol terus. apk aneh",Negatif,embel banyak promo tukar poin tapi poin nol terus aplikasi aneh
Pengguna Google,1,2025-11-20 11:15:26,"tiba2 data kendaraan dihapus dari subsidi tepat, mau daftar lg gagal mulu, katanya data kendaraan mirip. yaiyalah mirip, sama malah kendaraan nya. ini kenapa sih?nyusahin orang",Negatif,tiba data kendara hapus subsidi tepat mau daftar lg gagal mulu kata data kendara mirip yaiyalah mirip sama malah kendara nya kenapa sihnyusahin orang
Pengguna Google,5,2025-11-20 09:28:38,mantap apl & pelayanannya,Positif,mantap apl layan
Pengguna Google,5,2025-11-20 08:27:59,"Bagus banget lah yang namanya pom bensin ⛽ kn baik 💯% & 70%-79%+89-99 Kualitas bensin lumayan baik bersih .........,.89 BAG.US,SOSIAL",Positif,bagus banget lah nama pom bensin kn baik kualitas bensin lumayan baik bersih bagussosial
Pengguna Google,1,2025-11-20 08:08:09,"aplikasi apaan mau daftar gak bisa sekelas Pertamina buat aplikasi kayak gini,banyak bug,banyak kendala aplikasi banyak bug kok dengan bangganya diluncurkan hadehh",Negatif,aplikasi apa mau daftar gak bisa kelas pertamina buat aplikasi kayak ginibanyak bugbanyak kendala aplikasi banyak bug kok bangga luncur hadehh
Pengguna Google,5,2025-11-20 08:02:40,bagus sif mantaf,Positif,bagus sif mantaf
Pengguna Google,5,2025-11-20 07:34:43,ramah,Positif,ramah
Pengguna Google,1,2025-11-20 05:11:31,"kenapa Barcode BBM subsidi ada masa kadaluarsanya, ...? kalau perbarui sendiri ribet ...masukan data kendaraan malah dibilang kendaraan tidak terdaftar ..",Negatif,kenapa barcode bbm subsidi ada masa kadaluarsanya kalau baru sendiri ribet masuk data kendara malah bilang kendara tidak daftar
Pengguna Google,1,2025-11-19 23:23:36,"aplikasi nya eror, saya lupa kata sandi... di kirim dan sudah saya pilih lupa kata sandi... di kirim link ke email... tiap di klick cuma mentok balik di aplikasi yg masukan nik... jauh bagus yg update sebelum",Negatif,aplikasi nya eror saya lupa kata sandi kirim sudah saya pilih lupa kata sandi kirim link email tiap klick cuma mentok balik aplikasi masuk nik jauh bagus update belum
Pengguna Google,5,2025-11-19 22:21:10,sangat membantu terimakasih my pertamina,Positif,sangat bantu terimakasih my pertamina
Pengguna Google,5,2025-11-19 21:15:55,dengan menggunakan my Pertamina semua lebih mudah dan praktis...semoga kedepannya lebih baik lagi Pertamina ku,Positif,guna my pertamina semua lebih mudah praktissemoga depan lebih baik lagi pertamina ku
Pengguna Google,5,2025-11-19 20:19:00,bagus banget... mudah... cuma harus di banyakin karyawannya,Positif,bagus banget mudah cuma harus banyakin karyawannya
Pengguna Google,1,2025-11-19 19:52:27,"Aplikasi jelek, terkesan dipaksakan. saya sudah beli pertamax malah tertahan di SPBU karena pembayaran menggantung. Akan saya hapus selamanya dari HP saya, aplikasi busuk ini.",Negatif,aplikasi jelek kes paksa saya sudah beli pertamax malah tahan spbu karena bayar gantung akan saya hapus lama hp saya aplikasi busuk
Pengguna Google,5,2025-11-19 18:12:28,"email yg terdaftar di subisidi sudah lupa, bagai mana cara mendapatkan lagi serta sandinya, karna sekarang sdh ganti akun",Positif,email daftar subisidi sudah lupa bagai mana cara dapat lagi serta sandi karna sekarang sdh ganti akun
Pengguna Google,1,2025-11-19 17:37:42,"tiba2 data kehapus, disuruh perbaiki data tp ga bisa.. ga jlss pdhl udh 1 tahun aman ,pemakaian jg cm isi seminggu sekali..",Negatif,tiba data hapus suruh baik data tp tidak bisa tidak jlss pdhl udh tahun aman pakai jg cm isi minggu sekali
Pengguna Google,5,2025-11-19 17:33:21,ok,Positif,ok
Pengguna Google,5,2025-11-19 15:47:16,mudah dan cepat,Positif,mudah cepat
Pengguna Google,1,2025-11-19 15:36:09,"pada saat melakukan foto dokumen, aplikasi sering menutup sendiri, ini tergolong aplikasi gagal produksi akibat banyak yg di korupsi oleh oknum pertamina, sudah clear cache, clear data dan restart berulang kali tetap aja sama",Negatif,saat laku foto dokumen aplikasi sering tutup sendiri golong aplikasi gagal produksi akibat banyak korupsi oleh oknum pertamina sudah clear cache clear data restart ulang kali tetap aja sama
Pengguna Google,5,2025-11-19 15:05:24,Top bngt,Positif,top bngt
Pengguna Google,5,2025-11-19 14:38:56,tanpa antri,Positif,tanpa antri
Pengguna Google,1,2025-11-19 14:28:33,barcode subsidi terblokir. sudah buat laporan 5 bulan lebih tapi berbelit belit dan tidak terselesaikan. sangat sangat tidak nyaman ! tolong diperhatikan lagi pelayanan nya !!!,Negatif,barcode subsidi blokir sudah buat lapor bulan lebih tapi belit belit tidak selesai sangat sangat tidak nyaman tolong perhati lagi layan nya
Pengguna Google,5,2025-11-19 12:53:23,bagus banget,Positif,bagus banget
Pengguna Google,1,2025-11-19 12:13:59,"Kenapa pengaduan barcode harus nunggu 5 hari coba, di perbaiki lagi min sistemnya jgn menyusahkan rakyat kecil",Negatif,kenapa adu barcode harus nunggu hari coba baik lagi min sistem jgn susah rakyat kecil
Pengguna Google,1,2025-11-19 11:46:41,aplikasi tolol banyak bug,Negatif,aplikasi tolol banyak bug
Pengguna Google,4,2025-11-19 11:28:22,As....saya adalah salah satu pengguna barkot dari pertamina tetapi mobil saya kecelakaan dan masuk bengkel selama 4 bln tetapi setelah mobil saya keluar dari bengkel dan saya mengisi bbm mengunakan barkot sudah tidak bisa kata pertamina barkot ku sudah tidak aktif lagi kenapa demikian aku perlu penjelasan dari MY pertamina aku ini rakyat kecil kenapa tidak bisa menikmati bbm bersubsidi mobil ku pun hanya t 120ss open cap,Positif,assaya adalah salah satu guna barkot pertamina tetapi mobil saya celaka masuk bengkel lama bln tetapi telah mobil saya keluar bengkel saya isi bbm mengunakan barkot sudah tidak bisa kata pertamina barkot ku sudah tidak aktif lagi kenapa demikian aku perlu jelas my pertamina aku rakyat kecil kenapa tidak bisa nikmat bbm subsidi mobil ku pun hanya t ss open cap
Pengguna Google,5,2025-11-19 11:18:51,baik,Positif,baik
Pengguna Google,5,2025-11-19 10:54:17,mantap,Positif,mantap
Pengguna Google,1,2025-11-19 09:15:08,"gimna cara nya ganti barcode karna barcode saya di pake sama yg punya mobil pertama karna saya beli mobil seken,ko bisa begitu ya bisa pake barcode beda nomor",Negatif,gimna cara nya ganti barcode karna barcode saya pake sama punya mobil pertama karna saya beli mobil sekenko bisa begitu ya bisa pake barcode beda nomor
Pengguna Google,1,2025-11-19 09:12:05,Ribet,Negatif,ribet
Pengguna Google,1,2025-11-19 08:47:46,"aplikasi nggk bisa digunakan , setiap kali mau memdaftarkan kendraan selalu keluar sendiri aplikasi nyab",Negatif,aplikasi nggk bisa guna tiap kali mau memdaftarkan kendraan selalu keluar sendiri aplikasi nyab
Pengguna Google,1,2025-11-19 08:18:50,"kurang banget update aplikasinya, dibeberapa spbu di bali area denpasar beberapa ga ada yang bisa atau nerima bayar lewat aplikasi ini, terus buat apa kalau ada aplikasi khusus nya seperti ini kan percuma jadinya... hadeh heran",Negatif,kurang banget update aplikasi beberapa spbu bal area denpasar beberapa tidak ada bisa atau nerima bayar lewat aplikasi terus buat apa kalau ada aplikasi khusus nya seperti kan percuma jadi hadeh heran
Pengguna Google,1,2025-11-19 08:05:06,"gak ada fitur ganti nomer, mles pakai, krna nomer nya yang terdaftar hilang",Negatif,gak ada fitur ganti nomer mles pakai krna nomer nya daftar hilang
Pengguna Google,1,2025-11-19 07:51:29,"kenapa pakai kartu debit jadi ga bisa, merepotkan saat pembayaran",Negatif,kenapa pakai kartu debit jadi tidak bisa repot saat bayar
Pengguna Google,1,2025-11-19 07:33:20,"bagaimana bisa barcode saya yaang tidak hilang bisa dipakai orang lain, dan akhir nya barcode saya di blokir Pertamina, coba periksa pekerja pom pom bensin itu , apa ada kerja sama mereka kan hanya pekerja pom bensin yang tahu barcode saya , sekarang saya tidak bisa beli pertalite lagi.coba cari cara agar pekerja pom bensin tidak tahu barcode pemilik mobil",Negatif,bagaimana bisa barcode saya yaang tidak hilang bisa pakai orang lain akhir nya barcode saya blokir pertamina coba periksa kerja pom pom bensin apa ada kerja sama mereka kan hanya kerja pom bensin tahu barcode saya sekarang saya tidak bisa beli pertalite lagicoba cari cara agar kerja pom bensin tidak tahu barcode milik mobil
Pengguna Google,5,2025-11-19 06:49:48,sangat membantu,Positif,sangat bantu
Pengguna Google,1,2025-11-18 21:28:35,susah kali daftarnya,Negatif,susah kali daftar
Pengguna Google,1,2025-11-18 20:21:45,"cuma bisa bikin ruwet, orang2 udah pada susah malah di bikin tamabah susah,saya aja yg jarang isi prtalit mobil granmax pick up malah di blokir barcode nya,pdahal itu mobil satu2 nya buat usaha, Bisa audit data ngak ini prtamina? kalau kek gini asal blokir ini nama nya,di coba daftar ulang malah ngk di terima kan aneh,yg nimbun2 bbm malah gampang2 aja tu dapat bbm subsidi.tolong solusi nya pihak pertamina,ini mobil saya masih dlm keadaan credit.",Negatif,cuma bisa bikin ruwet orang udah susah malah bikin tamabah susahsaya aja jarang isi prtalit mobil granmax pick up malah blokir barcode nyapdahal mobil satu nya buat usaha bisa audit data ngak prtamina kalau kek gin asal blokir nama nyadi coba daftar ulang malah ngk terima kan anehyg nimbun bbm malah gampang aja tu dapat bbm subsiditolong solusi nya pihak pertaminaini mobil saya masih dlm ada credit
Pengguna Google,5,2025-11-18 19:02:21,"saat mau bayar pakek my pertamina gak bisa udh di scan barkot pembayaran, bank dalam perbaikan.. trus mau masukkin bank nya lagi gak bisa... iki piye iki",Positif,saat mau bayar pakek my pertamina gak bisa udh scan barkot bayar bank dalam baik trus mau masukkin bank nya lagi gak bisa iki piye iki
Pengguna Google,5,2025-11-18 18:41:46,Mudah n gampang,Positif,mudah n gampang
Pengguna Google,1,2025-11-18 18:36:46,"Gajelas kirim kode OTP aja ga nongol2 , susah dah aplikasi milik pemerintah rata bapuk semua dari dulu ga keurus mau duitnya doang",Negatif,gajelas kirim kode otp aja tidak nongol susah dah aplikasi milik perintah rata bapuk semua dulu tidak urus mau duit doang
Pengguna Google,5,2025-11-18 16:53:09,"aplikasi bagus, update dong min tambahkan pembayaran via dana",Positif,aplikasi bagus update dong min tambah bayar via dana
Pengguna Google,1,2025-11-18 15:41:42,"saya tidak merubah data apapun, ketika ngisi pertalite di SPBU tiba2 QR nya tidak bisa di gunakan. padahal kemarin2 lancar ,,,,, Jelas kecewa!!!",Negatif,saya tidak rubah data apa ketika ngisi pertalite spbu tiba qr nya tidak bisa guna padahal kemarin lancar jelas kecewa
Pengguna Google,1,2025-11-18 13:51:53,saya kesel... tadi pas mau daftarin kendaraan... ada instruksi foto STNK depan dan belakang. udah berpuluh2 kali d tolak.. gak kebaca gimana ini.. diperbaiki dong gak kebaca2 padahal udah terang saya fotoin... jadi kesannya bikin repot ini kalian... saya yang punya kendaraan.. mau daftar my pertamina.. eh dibikin repot..!!! emosi saya,Negatif,saya kesel tadi pas mau daftarin kendara ada instruksi foto stnk depan belakang udah puluh kali d tolak gak baca gimana baik dong gak baca padahal udah terang saya fotoin jadi kesan bikin repot kalian saya punya kendara mau daftar my pertamina eh bikin repot emosi saya
Pengguna Google,5,2025-11-18 09:45:31,mantap,Positif,mantap
Pengguna Google,5,2025-11-18 09:33:51,oke,Positif,oke
Pengguna Google,1,2025-11-18 08:40:16,Aplikasi ga jelas sering update...kayak tdk ikhlas subsidi BBM,Negatif,aplikasi tidak jelas sering updatekayak tidak ikhlas subsidi bbm
Pengguna Google,5,2025-11-18 05:14:38,sangat mempermudah transaksi spbu,Positif,sangat mudah transaksi spbu
Pengguna Google,4,2025-11-18 00:59:50,min kenapa perawatan kartu debit nya lama banget dah susah ni pembayaran,Positif,min kenapa awat kartu debit nya lama banget dah susah ni bayar
Pengguna Google,1,2025-11-18 00:47:40,Aplikasi hanya mempersulit. mending hapus aja,Negatif,aplikasi hanya sulit mending hapus aja
Pengguna Google,2,2025-11-17 20:06:08,tolong dong banyak SPBU yang tidak bisa menggunakan aplikasi my pertamina saat mengisi BBM BUAT APA ada aplikasi yah ???????,Negatif,tolong dong banyak spbu tidak bisa guna aplikasi my pertamina saat isi bbm buat apa ada aplikasi yah
Pengguna Google,1,2025-11-17 20:04:00,ada spbu yg tidak bisa pakai qris,Negatif,ada spbu tidak bisa pakai qris
Pengguna Google,5,2025-11-17 19:23:34,Mantap,Positif,mantap
Pengguna Google,5,2025-11-17 18:26:30,bagus,Positif,bagus
Pengguna Google,1,2025-11-17 17:47:52,banyak phising nya jangan download brooo,Negatif,banyak phising nya jangan download brooo
Pengguna Google,1,2025-11-17 16:22:59,tolong saya pa Bu barcode saya di blokir terus. padahal udah ada BPKB di rumah. saya 3 bulan ga kerja ga bisa beli solar,Negatif,tolong saya pa bu barcode saya blokir terus padahal udah ada bpkb rumah saya bulan tidak kerja tidak bisa beli solar
Pengguna Google,1,2025-11-17 14:48:25,koneksi ke kartu debit terkendala,Negatif,koneksi kartu debit kendala
Pengguna Google,1,2025-11-17 14:40:47,aplikasi jelek banyak koruptor,Negatif,aplikasi jelek banyak koruptor
Pengguna Google,1,2025-11-17 13:48:50,warna kuning metalic ga ada sekali disisi warna kuning tetep aja ditolak..ribet banget,Negatif,warna kuning metalic tidak ada sekali sisi warna kuning tetep aja ditolakribet banget
Pengguna Google,1,2025-11-17 12:16:50,Aplikasi yang mempersulit konsumen,Negatif,aplikasi sulit konsumen
Pengguna Google,5,2025-11-17 11:24:51,mudah n praktis,Positif,mudah n praktis
Pengguna Google,1,2025-11-17 10:35:54,"aplikasi tidak jelas saya blm pernah daftar, tapi pas masuk aplikasi, NIK anda sudah terdaftar",Negatif,aplikasi tidak jelas saya blm pernah daftar tapi pas masuk aplikasi nik anda sudah daftar
Pengguna Google,1,2025-11-17 10:02:40,"mau daftar menghubungkan klikone BCA susah g bisa bisa, chat ke 135 antri lama, hubungi 135 tidak bebas pulsa, sdh terhubung chat 135 kasih jawaban amplikasi sedang peningkatan, sdh 4 hari kok peningkatan amplikasi terus. gimana pelayanan e Pertamina????",Negatif,mau daftar hubung klikone bca susah g bisa bisa chat antri lama hubung tidak bebas pulsa sdh hubung chat kasih jawab amplikasi sedang tingkat sdh hari kok tingkat amplikasi terus gimana layan e pertamina
Pengguna Google,5,2025-11-17 09:48:39,bagus pelayananny sangat memuaskan,Positif,bagus pelayananny sangat muas
Pengguna Google,5,2025-11-17 09:47:07,sering terjadi kesalahan pada aplikasi,Positif,sering jadi salah aplikasi
Pengguna Google,5,2025-11-17 09:37:51,sungguh sangat sulit sekali cara daftar nya,Positif,sungguh sangat sulit sekali cara daftar nya
Pengguna Google,4,2025-11-17 09:12:49,OK top,Positif,ok top
Pengguna Google,5,2025-11-17 08:53:26,promonya kurang menarik apalagi diskonnya,Positif,promonya kurang tarik apalagi diskon
Pengguna Google,1,2025-11-17 08:39:12,"sudah punya barcode tapi tidak bisa d gunakan ,,, eror",Negatif,sudah punya barcode tapi tidak bisa d guna eror
Pengguna Google,1,2025-11-17 08:29:19,"Kenapa tiba-tiba saya tidak bisa mwnggunakan barcode yang saya dapatkan dr link ini?, dan kenapa saya ingin meminta ulang tapi di tulis di link nomer kendaraan saya tidak terdaftar?, dan saya daftar di tulis NIK saya tidak terdaftar?,",Negatif,kenapa tibatiba saya tidak bisa mwnggunakan barcode saya dapat dr link kenapa saya ingin minta ulang tapi tulis link nomer kendara saya tidak daftar saya daftar tulis nik saya tidak daftar
Pengguna Google,5,2025-11-17 07:03:34,alhamdulillah sangat memudahkan,Positif,alhamdulillah sangat mudah
Pengguna Google,5,2025-11-17 06:59:05,not bad sejauh ini,Positif,not bad jauh
Pengguna Google,5,2025-11-17 06:39:22,lancar dan ada potongan harga,Positif,lancar ada potong harga
Pengguna Google,5,2025-11-17 06:10:54,mantap,Positif,mantap
Pengguna Google,5,2025-11-17 05:45:06,mudah melayani masyarakat,Positif,mudah layan masyarakat
Pengguna Google,5,2025-11-17 05:16:14,bagus,Positif,bagus
Pengguna Google,5,2025-11-16 23:47:31,sip,Positif,sip
Pengguna Google,5,2025-11-16 22:53:42,baik,Positif,baik
Pengguna Google,5,2025-11-16 21:55:39,bagus,Positif,bagus
Pengguna Google,1,2025-11-16 20:39:11,susah sekali mau login ke my pertamina ini,Negatif,susah sekali mau login my pertamina
Pengguna Google,1,2025-11-16 20:19:26,Aplikasi paok gabisa buat akun. Daftar pake WA kode otp ga di kirim kirim.,Negatif,aplikasi paok gabisa buat akun daftar pake wa kode otp tidak kirim kirim
Pengguna Google,1,2025-11-16 19:29:10,"Ngerepotin dah, saldo ada, sinyal ada antri solar udah panjang2 tapi pas abis scan malah dibilang ga ada saldo, udah test berkali2 gabisaa, hadehhh repot kalo belum siap systemnya, ngerepotin ribet dan ga di develop dgn baik",Negatif,ngerepotin dah saldo ada sinyal ada antri solar udah panjang tapi pas abis scan malah bilang tidak ada saldo udah test kali gabisaa hadehhh repot kalo belum siap systemnya ngerepotin ribet tidak develop baik
Pengguna Google,5,2025-11-16 18:27:35,baik,Positif,baik
Pengguna Google,5,2025-11-16 18:11:28,pertamina membuat tujuan terasa dekat,Positif,pertamina buat tuju asa dekat
Pengguna Google,5,2025-11-16 17:18:01,ok,Positif,ok
Pengguna Google,5,2025-11-16 16:44:55,good,Positif,good
Pengguna Google,5,2025-11-16 15:50:05,monitoring enak,Positif,monitoring enak
Pengguna Google,5,2025-11-16 15:45:05,mantap,Positif,mantap
Pengguna Google,1,2025-11-16 15:17:26,aplikasi sampah tidak bisa registrasi dan log in,Negatif,aplikasi sampah tidak bisa registrasi log in
Pengguna Google,5,2025-11-16 13:25:35,emejing,Positif,emejing
Pengguna Google,5,2025-11-16 13:25:15,terbaik,Positif,baik
Pengguna Google,5,2025-11-16 13:06:28,Ok aja,Positif,ok aja
Pengguna Google,1,2025-11-16 12:35:27,terkendala terkait registrasi,Negatif,kendala kait registrasi
Pengguna Google,5,2025-11-16 11:29:46,"ini kenapa sdh beberapa hari, pembayaran pakai debit bank BNI BRI mandiri dll tidak bisa. apakah dalam perbaikan?",Positif,kenapa sdh beberapa hari bayar pakai debit bank bni bri mandiri dll tidak bisa apakah dalam baik
Pengguna Google,5,2025-11-16 11:05:17,oke,Positif,oke
Pengguna Google,5,2025-11-16 10:57:58,oke,Positif,oke
Pengguna Google,5,2025-11-16 10:15:26,mau ganti BBM,Positif,mau ganti bbm
Pengguna Google,2,2025-11-16 09:56:23,gimana cara upgrade barcode mypertamina... lewat aplikasi selalu gagal.,Negatif,gimana cara upgrade barcode mypertamina lewat aplikasi selalu gagal
Pengguna Google,5,2025-11-16 09:53:14,baik,Positif,baik
Pengguna Google,5,2025-11-16 08:43:22,"keren, kayak qris",Positif,keren kayak qris
Pengguna Google,5,2025-11-16 08:36:18,bagus makasih,Positif,bagus makasih
Pengguna Google,5,2025-11-16 06:56:52,semakin mudah bertransaksi,Positif,makin mudah transaksi
Pengguna Google,4,2025-11-16 06:35:44,"lebih suka sebelum di update soalnya kalau mengisi lengkap dengan lokasi nya,, kalau bisa di tambahkan kembali lokasi saat mengisi supya kalau misalnya ada kenapa"" kendaraan di curi misal bisa membantu mengetahui dimana kendaraan tersebut mengisi minyak...terima kasih",Positif,lebih suka belum update soal kalau isi lengkap lokasi nya kalau bisa tambah kembali lokasi saat isi supya kalau misal ada kenapa kendara curi misal bisa bantu tahu mana kendara sebut isi minyakterima kasih
Pengguna Google,5,2025-11-16 01:49:22,luar biasa manfaatnya,Positif,luar biasa manfaat
Pengguna Google,1,2025-11-15 20:31:42,"Aplikasi apaan ini, banyak kali bug nya.. tiap kali mau isi data mobil, selalu gagal pdhl udh cek beberapa kali",Negatif,aplikasi apa banyak kali bug nya tiap kali mau isi data mobil selalu gagal pdhl udh cek beberapa kali
Pengguna Google,5,2025-11-15 20:16:50,Mantap,Positif,mantap
Pengguna Google,1,2025-11-15 19:53:13,APK NGERIBETIN SUKA NGELEG !!!!,Negatif,aplikasi ngeribetin suka ngeleg
Pengguna Google,1,2025-11-15 19:42:55,Kenapa update jadi pertamina fair kartu debit nya dalam perbaikan,Negatif,kenapa update jadi pertamina fair kartu debit nya dalam baik
Pengguna Google,5,2025-11-15 18:38:37,"aplikasi My pertamina, ok lh spya penertiban BBM bersubsidi tepat guna..",Positif,aplikasi my pertamina ok lh spya tertib bbm subsidi tepat guna
Pengguna Google,5,2025-11-15 18:35:34,aplikasinya sangat menbantu,Positif,aplikasi sangat menbantu
Pengguna Google,5,2025-11-15 18:08:14,"Alhamdulillah...sy dpt Voucher 10rb jd td isi bensin 15rb jd cuman byr 5rb sj, Terimakasih Pertamina & Semoga Makin Maju+Membawa Kebaikan utk Bangsa Indonesia ini, oh iya Saran sy Pertamax Turbo 98 diadakan lg Krn Stok ditempat sy isi bensin LG kosong dr hr Selasa s/d hr ini. Sekali lg sy ucapkan Terimakasih Pertamina @:-)",Positif,alhamdulillahsy dpt voucher rb jd td isi bensin rb jd cuman byr rb sj terimakasih pertamina moga makin majumembawa baik utk bangsa indonesia oh iya saran sy pertamax turbo ada lg krn stok tempat sy isi bensin lg kosong dr hr selasa sd hr sekali lg sy ucap terimakasih pertamina
Pengguna Google,5,2025-11-15 16:44:22,sangat membantu,Positif,sangat bantu
Pengguna Google,1,2025-11-15 15:58:23,"bbm pertamax langka, pertamax turbo langka, daftar untuk aplikasi pertalite jg g bisa",Negatif,bbm pertamax langka pertamax turbo langka daftar aplikasi pertalite jg g bisa
Pengguna Google,1,2025-11-15 15:30:30,"percuma ada poin banyak, klao di curigai akun abnormal, ga akan ku tambah bintang nya sebelum merchandise datang, poin dah 50rb an di tuker malah di sangka curang",Negatif,percuma ada poin banyak klao curiga akun abnormal tidak akan ku tambah bintang nya belum merchandise datang poin dah rb an tuker malah sangka curang
Pengguna Google,5,2025-11-15 15:00:51,Kren banyak Promo dan Cashback,Positif,kren banyak promo cashback
Pengguna Google,5,2025-11-15 15:00:35,sangat bagus sekali,Positif,sangat bagus sekali
Pengguna Google,1,2025-11-15 13:30:00,tolong di perbaiki lahhh. say bolak balik ganti barkot. biar bisa beli solar ko ya di susah susah masya rakat beli siaran pake duit suruh pake barkot oke kita nurut aplikasinya udh di perbaharui sama aja eror. gimana ini pertamina. ? kita mau beli juga pake duit ngga pake daun,Negatif,tolong baik lahhh say bolak balik ganti barkot biar bisa beli solar ko ya susah susah masya rakat beli siar pake duit suruh pake barkot oke kita nurut aplikasi udh baharu sama aja eror gimana pertamina kita mau beli juga pake duit ngga pake daun
Pengguna Google,5,2025-11-15 11:58:15,joz,Positif,joz
Pengguna Google,1,2025-11-15 11:14:18,"kendalanya sekarang tiba2 kuota habis padahal blm ngisi, tolong pihak pertamina untuk barcodenya lebih di tingkatkan keamanannya, percuma antri panjang2 mau ngisi pas d scan kuota habis padahal blm pernah ngisi sama sekali, ini mah buat susah namanya, minta tolong bgt yaa di notice, biar keliatan berguna gitu programnya! kalau di persulit lebih baik hapus aja programnya, jujur NYUSAHIN BGT🙏🏻",Negatif,kendala sekarang tiba kuota habis padahal blm ngisi tolong pihak pertamina barcodenya lebih tingkat aman percuma antri panjang mau ngisi pas d scan kuota habis padahal blm pernah ngisi sama sekali mah buat susah nama minta tolong banget yaa notice biar liat guna gitu program kalau sulit lebih baik hapus aja program jujur nyusahin banget
Pengguna Google,5,2025-11-15 10:10:59,nice,Positif,nice
Pengguna Google,5,2025-11-15 10:05:32,mantap,Positif,mantap
Pengguna Google,5,2025-11-15 09:54:11,mantap,Positif,mantap
Pengguna Google,1,2025-11-15 09:33:18,susah mau daftarin ambil barcode susah!,Negatif,susah mau daftarin ambil barcode susah
Pengguna Google,5,2025-11-15 05:04:29,transaksi satset,Positif,transaksi satset
Pengguna Google,1,2025-11-15 04:54:06,"Pengalaman bayar pakai aplikasi ini di SPBU, sesuai dlm aplikasi disana terpampang jika pembayaran melalui aplikasi ini lebih hemat Rp. 300 pd hari Jumat. Sy udh bilang sblm transaksi ke petugas SPBU klo akan pakai aplikasi ini utk pembayaran, tp anehnya harga tetap tidak berkurang serupiah pun dan juga pasca transaksi dan pembayaran selesai tidak ada cashback sama sekali ke aplikasi. Aneh.. apanya yg lebih murah klo gt? Jangan sampai melakukan pembohongan publik ya klo memang tidak ada promo",Negatif,alam bayar pakai aplikasi spbu sesuai dlm aplikasi sana pampang jika bayar lalu aplikasi lebih hemat rp pd hari jumat sy udh bilang sblm transaksi tugas spbu klo akan pakai aplikasi utk bayar tp aneh harga tetap tidak kurang rupiah pun juga pasca transaksi bayar selesai tidak ada cashback sama sekali aplikasi aneh apa lebih murah klo gt jangan sampai laku bohong publik ya klo memang tidak ada promo
Pengguna Google,1,2025-11-14 22:59:54,"aplikasi my Pertamina gak beres, saya daptar selalu di tolak. mau dapetkan minyak busuk aja susah.",Negatif,aplikasi my pertamina gak beres saya daptar selalu tolak mau dapetkan minyak busuk aja susah
Pengguna Google,5,2025-11-14 20:02:32,Sangat Bermanfaat,Positif,sangat manfaat
Pengguna Google,5,2025-11-14 19:09:12,"Mohon dijelaskan kenapa saya harus memperbaharui data lagi, seperti jumlah kendaraan dan sebagainya. Kegiatan berulang seperti ini memakan waktu dan tdk efisien.",Positif,mohon jelas kenapa saya harus baharu data lagi seperti jumlah kendara bagai giat ulang seperti makan waktu tidak efisien
Pengguna Google,4,2025-11-14 18:45:24,mantap,Positif,mantap
Pengguna Google,5,2025-11-14 17:33:05,bagus banget,Positif,bagus banget
Pengguna Google,1,2025-11-14 16:51:24,Daftar program subsidi tepat sudah lebih 2 bulan ga ada verifikasi via apps ini dan map pertamina jg ga presisi malah diarahkan ke pertamanya masuk ke gang sempit,Negatif,daftar program subsidi tepat sudah lebih bulan tidak ada verifikasi via apps map pertamina jg tidak presisi malah arah pertama masuk gang sempit
Pengguna Google,5,2025-11-14 16:32:25,"sangat bagus dan mudah digunakan, setelah daftar dan memasukkan data dengan benar, QR code langsung keluar.... mantap",Positif,sangat bagus mudah guna telah daftar masuk data benar qr code langsung keluar mantap
Pengguna Google,1,2025-11-14 15:21:17,aplikasi bikin ribet gak bisa buat daftar barcode. sudah dicoba beberapa kendaraan tetap tidak bisa,Negatif,aplikasi bikin ribet gak bisa buat daftar barcode sudah coba beberapa kendara tetap tidak bisa
Pengguna Google,5,2025-11-14 13:43:55,mumuaskan,Positif,mumuaskan
Pengguna Google,5,2025-11-14 13:08:36,ok,Positif,ok
Pengguna Google,1,2025-11-14 12:57:36,akun ke blokir tidak bisa masuk. sdh brpa kali telpon costemer servis. di suruh tunggu 30 menit. udah 2 jam. msh ke blokir jg,Negatif,akun blokir tidak bisa masuk sdh brpa kali telpon costemer servis suruh tunggu menit udah jam msh blokir jg
Pengguna Google,5,2025-11-14 12:57:23,mantap,Positif,mantap
Pengguna Google,1,2025-11-14 11:19:42,susah amat bikinnya,Negatif,susah amat bikin
Pengguna Google,4,2025-11-14 10:09:24,"masih kecewa, aplikasinya jadi tidak berguna, soalnya didaerah saya ditiap SPBU gak ada jalur khusus pengguna my pertamina. Usul supaya diakhir tahun ini semua SPBU pertamina mempunyai jalur khusus self service pengguna my pertamina.",Positif,masih kecewa aplikasi jadi tidak guna soal daerah saya tiap spbu gak ada jalur khusus guna my pertamina usul supaya akhir tahun semua spbu pertamina punya jalur khusus self service guna my pertamina
Pengguna Google,1,2025-11-14 09:10:05,yg jaga pom nya pada curang ngisi bensin di mainin gagang bensin nya putus putus isi nya ngambil untung 1 liter 200 perak,Negatif,jaga pom nya curang ngisi bensin mainin gagang bensin nya putus putus isi nya ngambil untung liter perak
Pengguna Google,2,2025-11-14 07:40:09,"hampir di semua pom bensin suruh download mypertamina. karna saya pake turbo, saya tanya, ini bisa bayar pake Qris lewat mypertamina atau enggak ya? info nya gak bisa karna belum ada barcode yang mendukung. lah?? terus fungsi nya download ini cuman buat yang bersubsidi aja?",Negatif,hampir semua pom bensin suruh download mypertamina karna saya pake turbo saya tanya bisa bayar pake qris lewat mypertamina atau enggak ya info nya gak bisa karna belum ada barcode dukung lah terus fungsi nya download cuman buat subsidi aja
Pengguna Google,4,2025-11-14 07:30:17,"Bang,, benerin maps nya lah,, ngaco bener lokasi nya,, wkwkwk kasihan yang ngga paham lokasi,, masak ada pom bensin di tengah sawah,",Positif,bang benerin maps nya lah ngaco bener lokasi nya wkwkwk kasihan ngga paham lokasi masak ada pom bensin tengah sawah
Pengguna Google,5,2025-11-14 07:14:31,bagus,Positif,bagus
Pengguna Google,1,2025-11-14 07:05:15,"Ini aplikasi gimana ya? sudah pernah daftar QR code untuk mobil subsidi dan sudah keluar tapi anehnya jika di scan waktu ngisi bahan bakar malah keluarnya kendaraan orang lain. giliran mau mengurus di my pertamina sudah terdaftar, tapi saat minta ulang barcode nya data kendaraan salah. saat mau daftar lagi , plat nomer sudah terdaftar. saat minta kode QR nya kendaraan tidak di temukan. bagaimana ini. solusi pun sepertinya tidak ada",Negatif,aplikasi gimana ya sudah pernah daftar qr code mobil subsidi sudah keluar tapi aneh jika scan waktu ngisi bahan bakar malah keluar kendara orang lain gilir mau urus my pertamina sudah daftar tapi saat minta ulang barcode nya data kendara salah saat mau daftar lagi plat nomer sudah daftar saat minta kode qr nya kendara tidak temu bagaimana solusi pun seperti tidak ada
Pengguna Google,5,2025-11-14 05:57:04,good and simple.,Positif,good and simple
Pengguna Google,1,2025-11-14 01:34:13,aplikasi loding terus barcord tidak bisa muncul,Negatif,aplikasi loding terus barcord tidak bisa muncul
Pengguna Google,1,2025-11-13 21:45:06,ga guna aplikasi gak jelas eror semua,Negatif,tidak guna aplikasi gak jelas eror semua
Pengguna Google,1,2025-11-13 20:29:10,"Aplikasi gak guna, mau daftar kendaraan gak bisa bisa, korupsi mulu",Negatif,aplikasi gak guna mau daftar kendara gak bisa bisa korupsi mulu
Pengguna Google,4,2025-11-13 19:53:19,min mau minta tolong barcode solar saya di pakai orang dan pihak spbu yg tidak bertanggung jawab terus saya tidak tau akun yg bikin barcode karena kendaraan saya beli second jadi udah bawaan minta solusinya min🙏,Positif,min mau minta tolong barcode solar saya pakai orang pihak spbu tidak tanggung jawab terus saya tidak tau akun bikin barcode karena kendara saya beli second jadi udah bawa minta solusi min
Pengguna Google,1,2025-11-13 19:32:07,setelah update malah gak bisa video call 135 gimana ini. mohon diperbaiki segera..,Negatif,telah update malah gak bisa video call gimana mohon baik segera
Pengguna Google,1,2025-11-13 19:26:49,aplikasi negara kok gini amat.banyak bug konyol.,Negatif,aplikasi negara kok gin amatbanyak bug konyol
Pengguna Google,5,2025-11-13 18:39:56,cukup bail,Positif,cukup bail
Pengguna Google,1,2025-11-13 17:51:43,"barcode sebelumnya expired, mau daftar ulang selalu gagal memproses, padahal jaringan bagus banget. di coba seharian tetap keterangan gagal memproses. maunya gimana sih😫",Negatif,barcode belum expired mau daftar ulang selalu gagal proses padahal jaring bagus banget coba hari tetap terang gagal proses mau gimana sih
Pengguna Google,5,2025-11-13 17:00:55,cepat,Positif,cepat
Pengguna Google,4,2025-11-13 16:40:38,baik,Positif,baik
Pengguna Google,2,2025-11-13 16:22:54,"tolong diperbaiki aplikasi nya kenapa pembayaran nggak bisa di hubungkan ke gopay, status nya gagal memproses",Negatif,tolong baik aplikasi nya kenapa bayar nggak bisa hubung gopay status nya gagal proses
Pengguna Google,1,2025-11-13 13:21:13,"mau daftar ulang biar dapet QR baru tapi ga bisa, gagal teross, udah pake wifi pun masih gagal, kalo belum bisa jangan dipaksain update bro, kasian orang2 pada butuh BBM",Negatif,mau daftar ulang biar dapet qr baru tapi tidak bisa gagal teross udah pake wifi pun masih gagal kalo belum bisa jangan dipaksain update bro kasi orang butuh bbm
Pengguna Google,1,2025-11-13 13:08:52,voucher tidak masuk,Negatif,voucher tidak masuk
Pengguna Google,1,2025-11-13 11:03:47,menunggu verifikasi sampai kapan ini masih oren terus klo mau nelpon mahal banget pulsa nya,Negatif,tunggu verifikasi sampai kapan masih oren terus klo mau nelpon mahal banget pulsa nya
Pengguna Google,5,2025-11-13 10:44:40,sangat membantu...,Positif,sangat bantu
Pengguna Google,1,2025-11-13 10:18:21,aplikasi nge bug,Negatif,aplikasi nge bug
Pengguna Google,1,2025-11-13 09:01:40,baik,Negatif,baik
Pengguna Google,1,2025-11-13 08:31:15,"kalian bagai mana, saya posisi di pulau sabang aceh, kenapa data saya di hapus, pilihan bensin di kota tertinggal cuma pertalite, kalau hapus data yang valid jangan sembarang hapus. bagaimana saya isi bensin mobil, logikanya gak di pakai.",Negatif,kalian bagai mana saya posisi pulau sabang aceh kenapa data saya hapus pilih bensin kota tinggal cuma pertalite kalau hapus data valid jangan sembarang hapus bagaimana saya isi bensin mobil logika gak pakai
Pengguna Google,1,2025-11-13 07:33:53,"update mulu, gak ada reward setelah pembelian tunai, tidak ada live stock dari jenis bbm di tiap spbu (adanya hanya spbu ini menjual bbm jenis ini).",Negatif,update mulu gak ada reward telah beli tunai tidak ada live stock jenis bbm tiap spbu ada hanya spbu jual bbm jenis
Pengguna Google,2,2025-11-13 07:05:53,"tolong tingkatkan lagi, aplikasi masih kaki, masih banyak yg perlu di benahi.",Negatif,tolong tingkat lagi aplikasi masih kaki masih banyak perlu benah
Pengguna Google,5,2025-11-13 05:53:04,"90% SPBU di Daerah tak bisa menggunakan aplikasi ini, sangat payah dan kuno. KORUPSI AJA DI GEDEIN",Positif,spbu daerah tak bisa guna aplikasi sangat payah kuno korupsi aja gedein
Pengguna Google,2,2025-11-12 22:56:48,"update aplikasi malah ga bisa log in, nomor tidak terdaftar hadehhh",Negatif,update aplikasi malah tidak bisa log in nomor tidak daftar hadehhh
Pengguna Google,1,2025-11-12 21:55:24,bagaimana ini mau daftar logit sendiri mulu,Negatif,bagaimana mau daftar logit sendiri mulu
Pengguna Google,5,2025-11-12 21:30:44,sangat membantu,Positif,sangat bantu
Pengguna Google,5,2025-11-12 21:11:34,praktis,Positif,praktis
Pengguna Google,5,2025-11-12 20:07:57,mantap,Positif,mantap
Pengguna Google,5,2025-11-12 19:25:05,nice,Positif,nice
Pengguna Google,5,2025-11-12 18:52:20,dipersulit/dibuat ribet,Positif,dipersulitdibuat ribet
Pengguna Google,4,2025-11-12 17:23:23,bagus aplikasinya bs lebih lengkap lagi bs koneksi dg travoy,Positif,bagus aplikasi bs lebih lengkap lagi bs koneksi dg travoy
Pengguna Google,5,2025-11-12 16:58:19,membantu sekali,Positif,bantu sekali
Pengguna Google,1,2025-11-12 15:39:45,"aplikasi ga guna, pas di spbu lemot ga bisa di buka, loading lama. pas di luar spbu jarak 20-50m bisa di buka. mana tim pengembangan'y? di betulin lagi jgn males""an kerja nyusahin orang.",Negatif,aplikasi tidak guna pas spbu lot tidak bisa buka loading lama pas luar spbu jarak m bisa buka mana tim pengembangany betulin lagi jgn malesan kerja nyusahin orang
Pengguna Google,5,2025-11-12 15:20:24,ok,Positif,ok
Pengguna Google,5,2025-11-12 14:23:51,"cara melaporkan petugas SPBU nakal gimana ya,saya sudah dia kali merasa dirugikan, yang pertama saya isi 15000 saya kasih uang 20000 diisi 15000 tapi yang saya yang lima ribu tidak dikembalikan, terus saya kemarin isi 10000 tapi pas saya mau isi sendiri bensin nya tidak keluar, petugasnya pun diam saja, akhirnya karena kesel saya pergi saja lokasi SPBU panjang Jiwo surabaya dekat lampu merah,tolong petugasnya di training lagi,saya sebagai costumer merasa dirugikan sudah bensin diisi etanol lagi",Positif,cara lapor tugas spbu nakal gimana yasaya sudah dia kali rasa rugi pertama saya isi saya kasih uang isi tapi saya lima ribu tidak kembali terus saya kemarin isi tapi pas saya mau isi sendiri bensin nya tidak keluar tugas pun diam saja akhir karena kesel saya pergi saja lokasi spbu panjang jiwo surabaya dekat lampu merahtolong tugas training lagisaya bagai costumer rasa rugi sudah bensin isi etanol lagi
Pengguna Google,5,2025-11-12 13:52:19,memuaskan,Positif,muas
Pengguna Google,5,2025-11-12 11:51:30,bagus applikasi nya.👍👍👍,Positif,bagus applikasi nya
Pengguna Google,1,2025-11-12 11:48:29,ribet nyusahin gak guna semua ada di app my Pertamina,Negatif,ribet nyusahin gak guna semua ada app my pertamina
Pengguna Google,1,2025-11-12 11:28:21,ribet,Negatif,ribet
Pengguna Google,1,2025-11-12 10:02:33,aplikasi yg sangat meresahkan tolong jangan dibikin ribet udah daftar tapi malah gak bisa sampai minta bantuan ke SPBU gak bisa pokoknya gak usah bikin peraturan barcode deh kalau BKIN meresahkan Kyak gini,Negatif,aplikasi sangat resah tolong jangan bikin ribet udah daftar tapi malah gak bisa sampai minta bantu spbu gak bisa pokok gak usah bikin atur barcode deh kalau bkin resah kyak gin
Pengguna Google,1,2025-11-12 09:25:37,tidak ada manfaatnya. program yg mempersulit aja nih,Negatif,tidak ada manfaat program sulit aja nih
Pengguna Google,5,2025-11-12 09:06:34,sangat bagus,Positif,sangat bagus
Pengguna Google,5,2025-11-12 08:01:22,ok,Positif,ok
Pengguna Google,5,2025-11-12 07:47:32,Mudah di gunakan. Utk isi saldo sudah banyak pilihannnya dari e-wallet,Positif,mudah guna utk isi saldo sudah banyak pilihannnya ewallet
Pengguna Google,5,2025-11-12 06:59:24,Oke,Positif,oke
Pengguna Google,1,2025-11-11 23:40:01,aplikasi gak guna,Negatif,aplikasi gak guna
Pengguna Google,1,2025-11-11 23:33:30,"Ada Kesalahan Double Payment, Hingga Uang Saya Keluar Double 200k jadi 400k, Sudah complin, kata nya Proses Kerja 3x24 Jam, Tapi Ini Sudah Ada Seminggu Lebih Masih Belum Di Refund Uang Saya.",Negatif,ada salah double payment hingga uang saya keluar double k jadi k sudah complin kata nya proses kerja x jam tapi sudah ada minggu lebih masih belum refund uang saya
Pengguna Google,5,2025-11-11 21:18:38,excellent,Positif,excellent
Pengguna Google,5,2025-11-11 19:14:32,Kenapa waktu pembayaran pake kart u debit tak bisa sedang kemarin lusa masih bisa,Positif,kenapa waktu bayar pake kart u debit tak bisa sedang kemarin lusa masih bisa
Pengguna Google,1,2025-11-11 17:30:52,"aplikasi tidak bermutu dan tidak membantu, verifikasi data diri ditolak terus alasan Meng Ada ada , KTP Asli dibilang Editan",Negatif,aplikasi tidak mutu tidak bantu verifikasi data diri tolak terus alas meng ada ada ktp asli bilang edit
Pengguna Google,2,2025-11-11 16:29:32,bgm cara mengedit krn ganti plat nomor ( mutasi) puluhan kali dicoba gagal trs,Negatif,bgm cara edit krn ganti plat nomor mutasi puluh kali coba gagal trs
Pengguna Google,2,2025-11-11 16:04:45,lambat,Negatif,lambat
Pengguna Google,4,2025-11-11 15:26:55,ijin bertanya apakah ada gangguan di my Pertamina untuk pembayaran lewat kartu debit BRI,Positif,ijin tanya apakah ada ganggu my pertamina bayar lewat kartu debit bri
Pengguna Google,1,2025-11-11 15:02:21,susah untuk mengakyipkan lagi,Negatif,susah mengakyipkan lagi
Pengguna Google,1,2025-11-11 13:52:24,masa iya pertamina ada yg ga bisa pke aplikasi ini g guna banget jadinya,Negatif,masa iya pertamina ada tidak bisa pke aplikasi g guna banget jadi
Pengguna Google,5,2025-11-11 13:31:53,cepat..,Positif,cepat
Pengguna Google,4,2025-11-11 12:08:30,lama proses,Positif,lama proses
Pengguna Google,1,2025-11-11 11:47:05,"Sdh terjadi 2x yg istilah operator mental, sdh scan barkot dan sudah bayar pas mau isi BBM keluar struk nol, disini operator tidak bisa ngisi BBM sy dan harus nunggu sampai 5 kendaraan yg di isi baru sy bisa di isikan BBM, sy nggak ngerti kenapa sampai gini dan tanya petugas jg mereka gak tau yg katanya itu sdh dr mesin nya, SPBU 2430107 Demang Lebar Daun Palembang",Negatif,sdh jadi x istilah operator mental sdh scan barkot sudah bayar pas mau isi bbm keluar struk nol sini operator tidak bisa ngisi bbm sy harus nunggu sampai kendara isi baru sy bisa isi bbm sy nggak ngerti kenapa sampai gin tanya tugas jg mereka gak tau kata sdh dr mesin nya spbu demang lebar daun palembang
Pengguna Google,5,2025-11-11 11:45:11,mantap,Positif,mantap
Pengguna Google,5,2025-11-11 11:30:33,ok,Positif,ok
Pengguna Google,1,2025-11-11 10:27:48,mempersulit,Negatif,sulit
Pengguna Google,5,2025-11-11 10:19:38,pelayanan baik,Positif,layan baik
Pengguna Google,2,2025-11-11 09:26:40,BBM nya jangan dioplos dong biar konsumen tidak ragu beli di SPBU Pertamina..,Negatif,bbm nya jangan oplos dong biar konsumen tidak ragu beli spbu pertamina
Pengguna Google,1,2025-11-11 07:42:54,"parah tiap mw pakai bli bright gas, masuk toko sinyal hilang",Negatif,parah tiap mw pakai bli bright gas masuk toko sinyal hilang
Pengguna Google,5,2025-11-11 07:40:19,bagus.,Positif,bagus
Pengguna Google,5,2025-11-11 07:39:02,Alhamdulillah Aplikasinya bagus dan Insyaa Allah bermanfaat. Terima kasih,Positif,alhamdulillah aplikasi bagus insyaa allah manfaat terima kasih
Pengguna Google,5,2025-11-11 06:17:57,gampang pembayarannya,Positif,gampang bayar
Pengguna Google,5,2025-11-11 01:57:09,ok,Positif,ok
Pengguna Google,1,2025-11-10 22:01:34,loading lamaaaa lelettt buat pembayaran,Negatif,loading lamaaaa lelettt buat bayar
Pengguna Google,5,2025-11-10 21:39:49,"mantap MyPertamina semenjak metode pembayarannya bisa hubungkan dengan aplikasi pembayaran lainnya, sangat memudahkan terutama bg sy yg jrng memegang uang cash. mantap 👍",Positif,mantap mypertamina semenjak metode bayar bisa hubung aplikasi bayar lain sangat mudah utama bg sy jrng pegang uang cash mantap
Pengguna Google,1,2025-11-10 20:51:50,"jelek bangat , bikin akun di tolak mulu , data semua benar,maunya pake duit kali , harus ke pom, buat ap ngadain aplikasi tp di persulit",Negatif,jelek bangat bikin akun tolak mulu data semua benarmaunya pake duit kali harus pom buat ap ngadain aplikasi tp sulit
Pengguna Google,1,2025-11-10 19:38:17,mau ganti no telp aja ribet bgt,Negatif,mau ganti no telp aja ribet banget
Pengguna Google,1,2025-11-10 18:43:05,"Terlalu ribet dan bertele tele, cuma pertamina aja pembayaran QR harus minimal 50rb untuk isi bensin motor, kalau mobil okelah ya... masalahnya motor gue isi 50rb luber kemana mana. take down aja pertamina.",Negatif,terlalu ribet tele tele cuma pertamina aja bayar qr harus minimal rb isi bensin motor kalau mobil oke ya masalah motor gue isi rb luber mana mana take down aja pertamina
Pengguna Google,5,2025-11-10 17:03:50,Mantap,Positif,mantap
Pengguna Google,5,2025-11-10 16:54:56,barcode harus di updste?,Positif,barcode harus updste
Pengguna Google,5,2025-11-10 16:32:00,mantap,Positif,mantap
Pengguna Google,1,2025-11-10 16:13:14,kurang bagus,Negatif,kurang bagus
Pengguna Google,4,2025-11-10 16:10:22,sudah reset pin tidak bisa login di aplikasi. mohon di bantu min,Positif,sudah reset pin tidak bisa login aplikasi mohon bantu min
Pengguna Google,5,2025-11-10 13:55:14,good,Positif,good
Pengguna Google,1,2025-11-10 13:45:37,aplikasi Bodoh daftar kendaraan di tolak padahal sesuai semua sama persyaratannya,Negatif,aplikasi bodoh daftar kendara tolak padahal sesuai semua sama syarat
Pengguna Google,5,2025-11-10 12:35:04,semoga membant,Positif,moga membant
Pengguna Google,5,2025-11-10 12:10:41,proses cepat,Positif,proses cepat
Pengguna Google,5,2025-11-10 11:11:21,Terima kasih. . Senang menikmati Promo dan Pelayanan dari My Pertamina,Positif,terima kasih senang nikmat promo layan my pertamina
Pengguna Google,5,2025-11-10 09:44:05,bagus,Positif,bagus
Pengguna Google,5,2025-11-10 09:14:48,subsidi tepat sasaran penerima layak saya,Positif,subsidi tepat sasar terima layak saya
Pengguna Google,2,2025-11-10 08:32:26,sering gak bisa di buka... payah amat mypertamina,Negatif,sering gak bisa buka payah amat mypertamina
Pengguna Google,1,2025-11-10 08:26:06,makin ke sini semakin ribet nih aturan,Negatif,makin sini makin ribet nih atur
Pengguna Google,5,2025-11-10 07:53:22,OK,Positif,ok
Pengguna Google,5,2025-11-10 07:16:42,"txs sukses selalu, pertahankan kwalitas kwantitas dlm produck/ kinerjanya..",Positif,txs sukses selalu tahan kwalitas kwantitas dlm produck kerja
Pengguna Google,1,2025-11-10 06:18:10,"padahal udah bagus, eh baru update pembayaran pake banknya bermasalah. padahal kalau dari banknya gak ada apa2",Negatif,padahal udah bagus eh baru update bayar pake bank masalah padahal kalau bank gak ada apa
Pengguna Google,1,2025-11-10 06:01:38,tidak dapat buat akun,Negatif,tidak dapat buat akun
Pengguna Google,1,2025-11-10 05:36:23,saya susah daftarnya. lama sangat respon ketika sudah memasukan kode otp nya,Negatif,saya susah daftar lama sangat respon ketika sudah pasu kode otp nya
Pengguna Google,2,2025-11-10 05:31:43,"gagal memproses permintaan anda, coba beberapa saat lagi,. gitu terus 😮‍💨",Negatif,gagal proses minta anda coba beberapa saat lagi gitu terus
Pengguna Google,2,2025-11-10 05:28:18,"kurang bagus ada bug pas daftar akun di aplikasi ini malah stuck loading saat buat akun, di bagian masukan otp di situ loading terus menerus tanpa henti tolong perbaiki",Negatif,kurang bagus ada bug pas daftar akun aplikasi malah stuck loading saat buat akun bagi masuk otp situ loading terus terus tanpa henti tolong baik
Pengguna Google,1,2025-11-10 00:28:12,"makin jelek aja, keseringan loading lama di jam malam, ga usah kerjasama sama bank Himbara kalo transaksi di atas jam 23:00 gagal terus",Negatif,makin jelek aja sering loading lama jam malam tidak usah kerjasama sama bank himbara kalo transaksi atas jam gagal terus
Pengguna Google,1,2025-11-09 22:55:29,"aplikasi error terus sudah masuk kode otp via wa dan sms, tolong berbenah",Negatif,aplikasi error terus sudah masuk kode otp via wa sms tolong benah
Pengguna Google,5,2025-11-09 22:22:19,okk,Positif,okk
Pengguna Google,5,2025-11-09 18:18:54,mantul,Positif,mantul
Pengguna Google,1,2025-11-09 16:58:08,susah amat njir beli pertalite di negeri Konoha,Negatif,susah amat njir beli pertalite negeri konoha
Pengguna Google,5,2025-11-09 15:05:24,bagus,Positif,bagus
Pengguna Google,1,2025-11-09 14:33:24,"Pertamina perusahaan besarkan ,nah saya kronologis ajanya 🙏 izin menyampaikan,ada tuh kisah nyata dan buktinya my pertamina eror ,pas transaksi di pom tersebut katanya masuk atau berhasil nyatanya ,gk masuk pas di cek admin ,kasihan tuh Operatornya kalau minusnya 20 ribu atau 30 gpp,lah coba ratusan ribu , perbaiki bug nya kalau emg uang gk masuk atau gk berhasil yg jelas dong jgn sering lagg makasih",Negatif,pertamina usaha besar nah saya kronologis aja izin menyampaikanada tuh kisah nyata bukti my pertamina eror pas transaksi pom sebut kata masuk atau hasil nyata tidak masuk pas cek admin kasihan tuh operator kalau minus ribu atau gpplah coba ratus ribu baik bug nya kalau emg uang tidak masuk atau tidak hasil jelas dong jgn sering lagg makasih
Pengguna Google,5,2025-11-09 14:13:00,sangat membantu,Positif,sangat bantu
Pengguna Google,4,2025-11-09 14:01:11,cukup,Positif,cukup
Pengguna Google,5,2025-11-09 12:26:50,pelayanan memuaskan,Positif,layan muas
Pengguna Google,1,2025-11-09 11:58:14,aplikasi ga jelas.. masak gagal terus mau masuk. udah daftarin juga ga bisa.,Negatif,aplikasi tidak jelas masak gagal terus mau masuk udah daftarin juga tidak bisa
Pengguna Google,1,2025-11-09 10:42:44,"sebenernya bagus aja cuma masa habis scan pembayaran harus nunggu kode verifikasi SMS anj mana pake pulsa pribadi lagi ah ngent kenapa ga lewat wa aj kenapa harus SMS ,kenapa juga SMS harus setiap ngisi BBM kan repot stiap ngisi harus nunggu kode verifikasi",Negatif,sebenernya bagus aja cuma masa habis scan bayar harus nunggu kode verifikasi sms anj mana pake pulsa pribadi lagi ah ngent kenapa tidak lewat wa aj kenapa harus sms kenapa juga sms harus tiap ngisi bbm kan repot stiap ngisi harus nunggu kode verifikasi
Pengguna Google,1,2025-11-09 10:29:11,ribet pakai kartu debit mandiri dalam perbaikan,Negatif,ribet pakai kartu debit mandiri dalam baik
Pengguna Google,5,2025-11-09 10:27:34,cepat,Positif,cepat
Pengguna Google,5,2025-11-09 10:17:24,"sebetulnya sdh bagus, tetapi kekrangannya bila update tdk ada oemberitahuan.",Positif,betul sdh bagus tetapi kekrangannya bila update tidak ada oemberitahuan
Pengguna Google,5,2025-11-09 08:34:36,sangat manfaat,Positif,sangat manfaat
Pengguna Google,1,2025-11-09 06:43:11,karatu debit sedang dalam perbaikan.itu solusi gmn,Negatif,karatu debit sedang dalam perbaikanitu solusi gmn
Pengguna Google,5,2025-11-09 06:13:50,Aplikasi mudah dan cepat pembayaran non tunai... BONUS NYA DI PERBESAR,Positif,aplikasi mudah cepat bayar non tunai bonus nya besar
Pengguna Google,1,2025-11-09 05:59:42,akun tiba-tiba terblokir.. sehingga tidak bisa menggunakan app untuk pembayaran BBM.,Negatif,akun tibatiba blokir sehingga tidak bisa guna app bayar bbm
Pengguna Google,5,2025-11-09 04:51:38,mantap,Positif,mantap
Pengguna Google,4,2025-11-09 04:17:45,baik,Positif,baik
Pengguna Google,1,2025-11-08 21:04:26,"mau daftar motor Harus milik pribadi,g semua org beli baru ada yg bekas mau ganti nama kena biaya mahal,yg penting nomer plat dan KTP dah cukup.",Negatif,mau daftar motor harus milik pribadig semua org beli baru ada bekas mau ganti nama kena biaya mahalyg penting nomer plat ktp dah cukup
Pengguna Google,5,2025-11-08 19:27:21,sangat membantu,Positif,sangat bantu
Pengguna Google,1,2025-11-08 18:09:30,"gak guna, tidak bisa digunakan di SPBU wilayah purwakarta. UNINSTALL",Negatif,gak guna tidak bisa guna spbu wilayah purwakarta uninstall
Pengguna Google,5,2025-11-08 18:01:17,sangat membantu pengguna,Positif,sangat bantu guna
Pengguna Google,5,2025-11-08 17:26:40,mantab,Positif,mantab
Pengguna Google,5,2025-11-08 16:12:54,lebih mudah dan tidak perlu bawa uang tunai ke SPBU..,Positif,lebih mudah tidak perlu bawa uang tunai spbu
Pengguna Google,2,2025-11-08 15:57:40,"Saya coba akses ke ""Subsidi Tepat"" dan diminta kode OTP via email, tapi kode OTP ga ada yang masuk satupun. Sudah berkali-kali saya coba ga ada yang masuk juga, solusinya gimana ini? Masa harus bikin akun baru?",Negatif,saya coba akses subsidi tepat minta kode otp via email tapi kode otp tidak ada masuk satu sudah berkalikali saya coba tidak ada masuk juga solusi gimana masa harus bikin akun baru
Pengguna Google,5,2025-11-08 15:57:00,bagus,Positif,bagus
Pengguna Google,5,2025-11-08 14:53:03,keren,Positif,keren
Pengguna Google,4,2025-11-08 14:45:44,sukses terus,Positif,sukses terus
Pengguna Google,5,2025-11-08 14:34:21,saya kurang dengan ada nya Barkot,Positif,saya kurang ada nya barkot
Pengguna Google,4,2025-11-08 14:24:34,ribet,Positif,ribet
Pengguna Google,5,2025-11-08 13:37:36,ok,Positif,ok
Pengguna Google,1,2025-11-08 13:11:27,Aplikasi bikin susah tapi negara memaksa rakyat untuk menggunakan nya...yg buat ini pasti orang tidak becus,Negatif,aplikasi bikin susah tapi negara paksa rakyat guna nyayg buat pasti orang tidak becus
Pengguna Google,5,2025-11-08 10:26:34,Bagus,Positif,bagus
Pengguna Google,1,2025-11-08 10:09:17,"Aplikasi aneh, subsidi tepat bagi kendaraan mewah, kendaraan tua baru pake sekali dua kali, langsung diblockir gak bisa lagi",Negatif,aplikasi aneh subsidi tepat bagi kendara mewah kendara tua baru pake sekali dua kali langsung diblockir gak bisa lagi
Pengguna Google,5,2025-11-08 09:40:09,ok,Positif,ok
Pengguna Google,5,2025-11-08 08:04:46,sangat membantu terutama untuk saya yang hanya punya mobil lama.,Positif,sangat bantu utama saya hanya punya mobil lama
Pengguna Google,5,2025-11-08 07:38:03,bagus,Positif,bagus
Pengguna Google,1,2025-11-08 03:52:32,"aplikasi apa ini??baru register aja udah engga bisa,hehe",Negatif,aplikasi apa inibaru register aja udah engga bisahehe
Pengguna Google,1,2025-11-08 01:05:27,bbm dicampur,Negatif,bbm campur
Dwinur rohman,1,2025-11-08 00:18:45,"aplikasi tidak bermutu. Mau login tidak bisa, pdhal nomor sudah terdaftar. pdhal mau lihat barcode buat isi bensin.",Negatif,aplikasi tidak mutu mau login tidak bisa pdhal nomor sudah daftar pdhal mau lihat barcode buat isi bensin
mas Wise,5,2025-11-07 21:58:26,"lumayan , kejar promo aja",Positif,lumayan kejar promo aja
Rizaljaya Yuyun,1,2025-11-07 20:03:34,"akun my pertamina saya tiba-tiba terblokir padahal sudah saya pakai 5 tahun lebih, saya malah disuruh nelfon 135. kan situ yg ngeblokir kenapa saya harus bertanya, seharusnya anda yg menjelaskan kenapa saya diblokir",Negatif,akun my pertamina saya tibatiba blokir padahal sudah saya pakai tahun lebih saya malah suruh nelfon kan situ ngeblokir kenapa saya harus tanya harus anda jelas kenapa saya blokir
Zuchri Fallah,5,2025-11-07 19:55:07,Baru kali ini isi bensin dapet voucher diskon. lumayan 🥳,Positif,baru kali isi bensin dapet voucher diskon lumayan
ARIS SEKHI,5,2025-11-07 19:11:26,baik,Positif,baik
ade jayanta,1,2025-11-07 18:33:30,aplikasi nyusahin rakyat mau beli bensin pakai uang sndiri aja ribet. rakyat beli bensin pakai uang pribadi aja harus ribet. birokrasi aplikasi. saya sudah punya barcode subsidi tepat tiba2 terblokir. dan ngurus harus 14 hari kerja. aneh. di jogja sayangnya cuma ada pertamina,Negatif,aplikasi nyusahin rakyat mau beli bensin pakai uang sndiri aja ribet rakyat beli bensin pakai uang pribadi aja harus ribet birokrasi aplikasi saya sudah punya barcode subsidi tepat tiba blokir ngurus harus hari kerja aneh jogja sayang cuma ada pertamina
Note Red,1,2025-11-07 18:29:25,sering eror,Negatif,sering eror
Mackenzie Morris,5,2025-11-07 17:53:26,bagus buat subsidi bensin mobil pribadi bisa QRIS,Positif,bagus buat subsidi bensin mobil pribadi bisa qris
Rita Rita,1,2025-11-07 17:40:52,"Setiap mau isi pertamax promo jumat disc 300/liter. Aplikasinya error dan no respon. Bukan hanya saya saja, tapi bisa bbrp pelanggan yg mengalami seperti saya. Dan bukan hanya di 1 SPBU aja. Tp plg sdkt 2 SPBU yg sering error bgtu. Bikin males aja pake pertamax...",Negatif,tiap mau isi pertamax promo jumat disc liter aplikasi error no respon bukan hanya saya saja tapi bisa bbrp langgan alami seperti saya bukan hanya spbu aja tp plg sdkt spbu sering error bgtu bikin males aja pake pertamax
Hendrik josua,1,2025-11-07 16:43:45,data sudah ada tiba di update malah suru daftar lagi. Gak guna ni mypertamina,Negatif,data sudah ada tiba update malah suru daftar lagi gak guna ni mypertamina
halwani wani,1,2025-11-07 16:39:11,aplikasi selalu kembali ke menu daftar saat upload foto kendaraan,Negatif,aplikasi selalu kembali menu daftar saat upload foto kendara
Salsa Selsa,5,2025-11-07 14:50:32,ok... baik,Positif,ok baik
Nurmahalia L,1,2025-11-07 14:17:42,ini hanya bisa linkaja? yaelah,Negatif,hanya bisa linkaja yaelah
Restu Aginandar,1,2025-11-07 14:08:19,GABISA LOGIN FORMAT SALAH PADAHAL NO SUDAH BENAR !!!!,Negatif,gabisa login format salah padahal no sudah benar
Arjuna Wicaksono,1,2025-11-07 13:16:55,"APLIKASI TOLOLL, SUSAH BANGET DAFTAR SUBSIDI TEPAT .. DATA UDAH SESUAI MALAH DIBILANG BEDA SAMA KTP",Negatif,aplikasi tololl susah banget daftar subsidi tepat data udah sesuai malah bilang beda sama ktp
ZIGN,1,2025-11-07 11:31:26,"berat banget aplikasi nya, tidak efisien, bukannya mempermudah malah memperlambat kadang juga suka error atau crash, malah menghambat antrian jadinya",Negatif,berat banget aplikasi nya tidak efisien bukan mudah malah lambat kadang juga suka error atau crash malah hambat antri jadi
Rudi Darmawan,5,2025-11-07 10:50:59,good,Positif,good
syafar uddin,1,2025-11-07 10:22:14,"saya bayar katanya bisa 300/liter ternyata malah enggak,",Negatif,saya bayar kata bisa liter nyata malah enggak
Suhendar,5,2025-11-07 09:43:04,oke banget,Positif,oke banget
Muhamad Naga,1,2025-11-07 09:07:09,"daftar subsidi tepat aja susah. giliran buat di pom bensin bisa,mana bayar pula 200rb,",Negatif,daftar subsidi tepat aja susah gilir buat pom bensin bisamana bayar pula rb
Muhamad Muhamad,5,2025-11-07 08:24:53,good...,Positif,good
sonny susanto,5,2025-11-07 07:12:09,oke cepat,Positif,oke cepat
Meysa Linggau,5,2025-11-06 23:52:36,mantap,Positif,mantap
Meizi Andrian,5,2025-11-06 23:23:10,awal yg mendebarkan,Positif,awal debar
Nugroho Fadil,1,2025-11-06 22:58:01,"pelayanan payah, pake QRIS ga bisa, giliran tunai, dibuletin ke atas dan ga dikasih kembalian, mau sampe kapan nyusahin pelanggan kaya gini pertamina?",Negatif,layan payah pake qris tidak bisa gilir tunai buletin atas tidak kasih kembali mau sampe kapan nyusahin langgan kaya gin pertamina
Davit Sitangga,5,2025-11-06 21:32:47,bagus,Positif,bagus
BAGUS SASMITO,5,2025-11-06 20:59:13,mantap,Positif,mantap
Taufik Wijaya,2,2025-11-06 20:15:49,"Sudah berkali kali input no debit card (masa berlaku aktif) namun belum berhasil, mohon dibantu sharing caranya kalau boleh ? Kami juga ingin aktifkan go pay namun tidak bisa juga ? Aplikasi my pertamina juga sdh kami update versi terbaru terimakasih",Negatif,sudah kali kali input no debit card masa laku aktif namun belum hasil mohon bantu sharing cara kalau boleh kami juga ingin aktif go pay namun tidak bisa juga aplikasi my pertamina juga sdh kami update versi baru terimakasih
sahar ses,5,2025-11-06 20:11:07,bagus sangat membantu dlm metode pembayaran,Positif,bagus sangat bantu dlm metode bayar
Bisanta Putra,1,2025-11-06 18:53:05,makin hari kualitas BBM Pertamina makin buruk. tolong benahi jangan buat rakyat terusik sebelum rakyat beraksi,Negatif,makin hari kualitas bbm pertamina makin buruk tolong benah jangan buat rakyat usik belum rakyat aksi
Andi Edhy,5,2025-11-06 18:30:23,sangat bagus,Positif,sangat bagus
Jamaludin,1,2025-11-06 17:53:53,"banyak korup nya, kualitas jelek ribet",Negatif,banyak korup nya kualitas jelek ribet
erwandi wandi,1,2025-11-06 16:19:38,susah buat daftar untuk ambil barcode nya error terus... udah beberapa hari di coba tetap error,Negatif,susah buat daftar ambil barcode nya error terus udah beberapa hari coba tetap error
Msucipto Cipto,4,2025-11-06 14:15:24,scan bargot agak susah. jadi memperlambat antrian,Positif,scan bargot agak susah jadi lambat antri
Kantata Samsara,5,2025-11-06 13:55:13,"minta tolong untuk pertamax green ditambah lagi di SPBU cikarang ,kalau bisa semua SPBU harus tersedia pertamax green , terimakasih!",Positif,minta tolong pertamax green tambah lagi spbu cikarang kalau bisa semua spbu harus sedia pertamax green terimakasih
Riza Fantriarto Supriyadi,5,2025-11-06 13:15:41,sangat membantu..... mohon di kembangkan lagi aplikasi nya,Positif,sangat bantu mohon kembang lagi aplikasi nya
Eksan Jaelani,5,2025-11-06 11:30:03,tiap daftar QR selalu ditolak min.. padahal data diri sudah benar semua..,Positif,tiap daftar qr selalu tolak min padahal data diri sudah benar semua
Icad Irsyad,5,2025-11-06 11:23:54,goodluck,Positif,goodluck
Meiza ariya Budiarte,1,2025-11-06 10:26:31,"Aplikasinya bagus, Produknya sampah",Negatif,aplikasi bagus produk sampah
sudarmo bejo,5,2025-11-06 09:41:06,ok,Positif,ok
Ilham Ham,1,2025-11-06 09:02:39,"kualitas di perbaiki pak,bahan bakarnya...saya ojol",Negatif,kualitas baik pakbahan bakarnyasaya ojol
David B,5,2025-11-06 08:58:00,mantap,Positif,mantap
angky silvian,1,2025-11-06 07:46:20,ribetttttt,Negatif,ribetttttt
Nando Simatupang,1,2025-11-06 07:14:31,Bingung fungsi apk nya. padahal jelas ada tulisan jalur khusus my Pertamina. saat saya memasuki area petugas tetep ngarahin ke antrian yg bayar tunai. beberapa juga ada jalur khusus TPI motor GK boleh masuk,Negatif,bingung fungsi aplikasi nya padahal jelas ada tulis jalur khusus my pertamina saat saya pasuk area tugas tetep ngarahin antri bayar tunai beberapa juga ada jalur khusus tpi motor tidak boleh masuk
Widodo Widodo,4,2025-11-06 07:09:33,kadang error pada saat digunakan,Positif,kadang error saat guna
nurul anisa,4,2025-11-06 07:07:59,untuk pelayan Sdh bagus pengaduan juga cepat dtanggapi keluhan2 juga semua teratasi . mksih,Positif,layan sdh bagus adu juga cepat dtanggapi keluh juga semua atas mksih
Sugiarto trueblue,1,2025-11-06 03:18:12,sorry bintangnya di hapus karena belum ada pembaharuan masukan yg saya kritik. aplikasi nya bagus buat pengisian BBM cuma metode pembayaran masih belum ada pembayaran lewat DANA dan shopee pay. semoga update kedepan di tambahkan,Negatif,sorry bintang hapus karena belum ada baharu masuk saya kritik aplikasi nya bagus buat isi bbm cuma metode bayar masih belum ada bayar lewat dana shopee pay moga update depan tambah
Edrick Firjatullah,5,2025-11-06 00:02:14,bagusembantu,Positif,bagusembantu
egi cahyadi,1,2025-11-05 22:35:34,SETIAP TAHUN QR SUBSIDI TEPAT KUDU DI UPDATE. PERCUMA BIKIN QR VERSI CETAK KARTU.,Negatif,tiap tahun qr subsidi tepat kudu update percuma bikin qr versi cetak kartu
Iwan Saputra,5,2025-11-05 17:44:37,ok,Positif,ok
Kania Daffa,5,2025-11-05 17:27:23,bagus,Positif,bagus
E L,2,2025-11-05 16:17:10,ribetnya minta ampun.............,Negatif,ribetnya minta ampun
n7k n7k,1,2025-11-05 14:38:45,voucher waktu pameran keterbukaan informasi publik blm masuk sampai sekarang,Negatif,voucher waktu pamer buka informasi publik blm masuk sampai sekarang
Ade Aries,5,2025-11-05 14:36:30,"pembayaran lebih mudah, banyak untungnya ☺",Positif,bayar lebih mudah banyak untung
Muhammad Deni,5,2025-11-05 13:14:08,mantap bos,Positif,mantap bos
Yulius Boukk,5,2025-11-05 11:03:16,sangat membantu,Positif,sangat bantu
omzul,1,2025-11-05 10:54:05,"Mohon Diperbaiki sistem aplikasi my Pertamina, Yang semakin kacau dan payah. saat kita daftarkan mobil Fhoto kendaraan anda sama seperti Fhoto sebelumnya kan aneh. udah kita Fhoto berulang kali. Fhoto udah sesuai sama Nomor rangka dan plat STNK",Negatif,mohon baik sistem aplikasi my pertamina makin kacau payah saat kita daftar mobil fhoto kendara anda sama seperti fhoto belum kan aneh udah kita fhoto ulang kali fhoto udah sesuai sama nomor rangka plat stnk
RIA KIR,5,2025-11-05 10:22:32,aplikasi yg sangat bagus dan pointnya bs tukar merchandise,Positif,aplikasi sangat bagus point bs tukar merchandise
yusri topdamduo,5,2025-11-05 08:40:31,sangat membantu,Positif,sangat bantu
Doni Septian,1,2025-11-05 08:34:50,kualitas bahan bakar nya jelek apalagi pertalite bikin mogok kendaraan,Negatif,kualitas bahan bakar nya jelek apalagi pertalite bikin mogok kendara
Fahri **hasni,5,2025-11-05 08:20:02,sangat berguna,Positif,sangat guna
tia anjani,1,2025-11-05 07:22:47,aplikasi jelek banyak bug nya. tolong diperbaiki karena sekelas aplikasi milik bumn mau masuk akun saja tidak kedetect pdhal sebelumnya setiap langkah sudah oke. sementara barcode dari mobil sebelumnya sudah dihilangkan. jadi terkendala untuk pembelian bahan bakar yang katanya bersubsidi.,Negatif,aplikasi jelek banyak bug nya tolong baik karena kelas aplikasi milik bumn mau masuk akun saja tidak kedetect pdhal belum tiap langkah sudah oke sementara barcode mobil belum sudah hilang jadi kendala beli bahan bakar kata subsidi
Inuyasha,1,2025-11-05 01:48:39,aplikasi paling bodoh yang pernah saya instal tp harus punya. udah punya akun tp tidak bisa login. sudah daftar beru dengan data yang sama sukses tp tetep ga bisa login. kocak,Negatif,aplikasi paling bodoh pernah saya instal tp harus punya udah punya akun tp tidak bisa login sudah daftar beru data sama sukses tp tetep tidak bisa login kocak
Joko Priyono,4,2025-11-05 01:04:28,Aplikasi susah/tdk bisa ngisi data,Positif,aplikasi susahtdk bisa ngisi data
Pajar Surya,2,2025-11-05 00:13:40,tambahkan e wallet shopepay,Negatif,tambah e wallet shopepay
Abdulaziz Aziz,1,2025-11-04 23:57:50,subsidi tepat macam apa ini,Negatif,subsidi tepat macam apa
Oppof9s Mahap,1,2025-11-04 22:43:14,aplikasi macam macam apa ini.. padahal kita dah terdaftar ngisi BBM biasa ny lancar² aja skrg malah tak bisa. smentara oknum² pemain minyak untuk keuntungan ny sendiri enak2 aj isi seribu liter bahkan lebih. jujur aj aturan pemerintah sekarang sangat2 menyusahkan rakyat kecil. ada ny barcode seperti ini bikin lambat pekerja SPBU. dan pemerintah skrng terlalu banyak peraturan otomatis mempersulit masarakat awam.,Negatif,aplikasi macam macam apa padahal kita dah daftar ngisi bbm biasa ny lancar aja skrg malah tak bisa smentara oknum main minyak untung ny sendiri enak aj isi ribu liter bahkan lebih jujur aj atur perintah sekarang sangat susah rakyat kecil ada ny barcode seperti bikin lambat kerja spbu perintah skrng terlalu banyak atur otomatis sulit masarakat awam
Bobi Yulian,1,2025-11-04 22:29:22,"saya antri panjang2 udah 3jam antri , eh sampe depan waktu mau isi Aplikasi gangguan di tambah Dari Tab operatornya gangguan juga , mempersulit masyarakat",Negatif,saya antri panjang udah jam antri eh sampe depan waktu mau isi aplikasi ganggu tambah tab operator ganggu juga sulit masyarakat
maryam gultom,5,2025-11-04 20:39:35,ok,Positif,ok
Paulus Arief,5,2025-11-04 19:57:09,bagus,Positif,bagus
Yahya Firdaus,5,2025-11-04 19:25:28,mantap,Positif,mantap
REVALDO INDRAZAKIL KURNIAWAN,1,2025-11-04 17:59:58,Tambah update bukan tambah baik malah tambah eror.haruskah mempersulit rakyat kecil tolong kasih lh kemudahan jangan dikaya gini malah di blokir tanpa kejelasan saya isi minyak nya normal sesuai standar 1× 2 hari Mohon di benah i jangan mempersulit rakyat kecil,Negatif,tambah update bukan tambah baik malah tambah erorharuskah sulit rakyat kecil tolong kasih lh mudah jangan kaya gin malah blokir tanpa jelas saya isi minyak nya normal sesuai standar hari mohon benah i jangan sulit rakyat kecil
Basuki Rahmat,5,2025-11-04 17:31:36,"Bismillah..., transaksi beli Pertamina dex menggunakan MyPertamina simple dan praktis, cepat dan smart. bisa berpeluang dapat hadiah istimewa",Positif,bismillah transaksi beli pertamina dex guna mypertamina simple praktis cepat smart bisa peluang dapat hadiah istimewa
novianty azli,5,2025-11-04 17:29:25,"hai min, mobil saya di curi. sedangkan saya tidak bisa akses ke my pertamina karena lupa sandi dan sudah ganti nomor hp. apakah masih bisa terlacak jika barcode masih d pakai ?",Positif,hai min mobil saya curi sedang saya tidak bisa akses my pertamina karena lupa sandi sudah ganti nomor hp apakah masih bisa lacak jika barcode masih d pakai
hairuddin udin,1,2025-11-04 16:59:14,KT 1412 LP saya kenapa di blokir saya loh taksi online,Negatif,kt lp saya kenapa blokir saya loh taksi online
Iwan falls,1,2025-11-04 15:05:43,"kenapa saya tidak bisa login ,padahal nik dan pasword sudah benar,nik ktp saya malah tidak bisa masuk kacau kacau",Negatif,kenapa saya tidak bisa login padahal nik pasword sudah benarnik ktp saya malah tidak bisa masuk kacau kacau
Taufiq _Pd,5,2025-11-04 11:48:18,ok sih,Positif,ok sih
Ahmad Raid Razin,5,2025-11-04 11:29:26,bgus,Positif,bgus
Hobi Dolan Official,1,2025-11-04 11:29:00,bbm mu merusak motorku,Negatif,bbm mu rusak motor
sintus Sila,5,2025-11-04 11:13:39,luar biasa ...solusi mgantri panjang,Positif,luar biasa solusi mgantri panjang
Slamet Daeroni,4,2025-11-04 11:04:59,Layanan cukup baik,Positif,layan cukup baik
KAton prayogo,4,2025-11-04 09:10:10,knapa menunya loading terus... mohon diperbaiki 🙏🏼,Positif,knapa menu loading terus mohon baik
Tiara Ra,5,2025-11-04 08:38:59,sangat mmbatu,Positif,sangat mmbatu
Puji Prayitno,5,2025-11-04 06:25:37,ok tpi lebih baik lagi verifikasi akun bisa lewat WA..,Positif,ok tpi lebih baik lagi verifikasi akun bisa lewat wa
M Akhdan,1,2025-11-04 06:22:54,"gajelas..... mau aplikasinya, Pertamina nya, sama BAHLIL sama sama gajelas. jelas2 mobil udah terdaftar masa pas di scan data gak ditemukan hadeh🥱",Negatif,gajelas mau aplikasi pertamina nya sama bahlil sama sama gajelas jelas mobil udah daftar masa pas scan data gak temu hadeh
Awang Satriatmaka,1,2025-11-04 04:59:01,Habit Antrian panjang,Negatif,habit antri panjang
Dahlan Widjaya,5,2025-11-04 03:57:46,Hati hati dengan maraknya modus penipuan. Saya dihubungi oleh pihak penipu mengatasnamakan Lion Parcel yang mengatakan bahwa paket Merchandise saya tidak bisa dilanjutkan pengirimannya karena salah alamat. Lalu penipu itu bilang kalau mereka akan ganti berupa uang terhadap Merchandise tersebut dengan cara scan barcode di Mbanking. Sepertinya para penipu tersebut tahu nama target yang akan ditipu dari yang memberikan ulasan dan bintang di Google Playstore My Pertamina.Tingkatkan kewaspadaan dirii,Positif,hati hati marak modus tipu saya hubung oleh pihak tipu mengatasnamakan lion parcel kata bahwa paket merchandise saya tidak bisa lanjut kirim karena salah alamat lalu tipu bilang kalau mereka akan ganti upa uang hadap merchandise sebut cara scan barcode mbanking seperti para tipu sebut tahu nama target akan tipu beri ulas bintang google playstore my pertaminatingkatkan waspada diri
suparso 64043,5,2025-11-04 03:33:57,mantap,Positif,mantap
Marifin P,5,2025-11-04 02:46:28,Belum ada pengalaman (Baru mau mulai menggunakan),Positif,belum ada alam baru mau mulai guna
Naurah Amanda Khairunnisah,1,2025-11-03 23:40:54,mempersulit pendaftaran akun,Negatif,sulit daftar akun
Maria Magdalena,2,2025-11-03 22:00:17,"Aplikasinya gajelas. Masa mau bayar loadingnya lama banget, padahal jaringan full dan bagus. Kirain dapat mempermudah tanpa harus membawa uang cash, ternyata jadi bikin malu saking lama loadingnya 🤦‍♀️🤦‍♀️",Negatif,aplikasi gajelas masa mau bayar loadingnya lama banget padahal jaring full bagus kirain dapat mudah tanpa harus bawa uang cash nyata jadi bikin malu saking lama loadingnya
Vemi A Riyadi,5,2025-11-03 21:15:10,Good luck,Positif,good luck
Sandi Triasmoro,1,2025-11-03 20:47:51,bikin barcode gak bisa malah ribettt,Negatif,bikin barcode gak bisa malah ribettt
Maulana Alesleman,5,2025-11-03 20:31:42,Bagus,Positif,bagus
Raja Paryangan,4,2025-11-03 19:11:40,Serial pengisian BBM point says gal nambah ya,Positif,serial isi bbm point says gal nambah ya
Reza Sapalue,2,2025-11-03 18:35:48,kenapa berkode plat saya udh di pake perusahaan ya padahal pas di suruh isi blm pernah di daftar sama sekali infonya dong supaya bisa kepake di mobil saya 🙏,Negatif,kenapa kode plat saya udh pake usaha ya padahal pas suruh isi blm pernah daftar sama sekali info dong supaya bisa kepake mobil saya
El Yusuf,1,2025-11-03 18:32:46,Disuruh pake aplikasi tapi aplikasinya error' .. kan goblog anying,Negatif,suruh pake aplikasi tapi aplikasi error kan goblog anying
Faris,1,2025-11-03 18:14:02,"Aplikasi tidak bermutu, masuk akun tidak bisa karena keterangan NIK dan password salah, buat akun baru pun katanya sudah terdaftar. Selesai masalah sebelumnya, datang masalah baru, karena sudah lama tidak buka aplikasi ini, lalu ada pembaruan, setelah pembaruan minta log in ulang, data kendaraan malah hilang, dasar aplikasi idiot, kegunaannya tidak ada !",Negatif,aplikasi tidak mutu masuk akun tidak bisa karena terang nik password salah buat akun baru pun kata sudah daftar selesai masalah belum datang masalah baru karena sudah lama tidak buka aplikasi lalu ada baru telah baru minta log in ulang data kendara malah hilang dasar aplikasi idiot guna tidak ada
Oka Abriantoro,5,2025-11-03 18:13:41,mempermudah transaksi saat isi bensin,Positif,mudah transaksi saat isi bensin
Suhardiman Tanjung,5,2025-11-03 17:58:48,mantap,Positif,mantap
Kadek Dwiki,2,2025-11-03 17:44:02,"70% SPBU di Denpasar, Bali. masih belum bisa menggunakan ini dan proses pembayaran pun tidak bisa Qris.",Negatif,spbu denpasar bal masih belum bisa guna proses bayar pun tidak bisa qris
Adhitya Hermawan,1,2025-11-03 17:19:31,aplikasi rusak,Negatif,aplikasi rusak
Asniarni Nur,5,2025-11-03 17:02:14,kenapa pas mau pengisian harus di update terus si.?,Positif,kenapa pas mau isi harus update terus si
Java Krisna Media,1,2025-11-03 16:00:38,Tiba2 barcode disuruh memperbarui gabisa dipakai. Pas buka di akunnya kendaraan hilang gimana ceritanya mobil pickup masih dipake sehari hari juga dipaksa minum Pertamax. mana gaada SPBU lain selain merah,Negatif,tiba barcode suruh baru gabisa pakai pas buka akun kendara hilang gimana cerita mobil pickup masih dipake hari hari juga paksa minum pertamax mana gaada spbu lain selain merah
Ramadan Saputra,5,2025-11-03 14:49:12,mantab,Positif,mantab
Panca Indra,5,2025-11-03 13:32:32,pelayanan sangat baik dan memuaskan,Positif,layan sangat baik muas
Akhmad F,5,2025-11-03 13:22:13,Bagus dan memuaskan,Positif,bagus muas
jenggo flagelo,5,2025-11-03 12:31:22,mantap,Positif,mantap
Dedi Zela,5,2025-11-03 12:27:55,top lah,Positif,top lah
Harida Ida,5,2025-11-03 12:14:38,Alhamdulillah dengan adanya barcode Mypertamina saya bebas mau beli berapa tetap diladeni,Positif,alhamdulillah ada barcode mypertamina saya bebas mau beli berapa tetap laden
mardi syah,5,2025-11-03 11:05:10,mantab,Positif,mantab
Anas Jp,1,2025-11-03 09:35:06,saya daftar kok gagal terus pada tahap disuruh memasukan nomer rangka,Negatif,saya daftar kok gagal terus tahap suruh pasu nomer rangka
Beni Ismail,5,2025-11-03 09:29:28,jangan sering sering download lgi,Positif,jangan sering sering download lgi
dadang fudali,5,2025-11-03 09:17:49,ok..lanjutkan,Positif,oklanjutkan
alvin safianto,1,2025-11-03 09:17:19,udah ngantri eh ternyata make my Pertamina ditolak...trs guna di setiap SPBU di pasang QR buat download KLO ga bisa dipake buat apaan,Negatif,udah ngantri eh nyata make my pertamina ditolaktrs guna tiap spbu pasang qr buat download klo tidak bisa dipake buat apa
mahmud riyad,5,2025-11-03 07:58:12,mantap bagus,Positif,mantap bagus
Weki Novrianto,2,2025-11-03 07:42:57,tolong aplikasi mypertamina hanya bisa digunakan 1 hp saja. dan tidak diberikan izin perangkat lain. agar TIDAK disalah gunakan.,Negatif,tolong aplikasi mypertamina hanya bisa guna hp saja tidak beri izin perangkat lain agar tidak salah guna
Mikhael Renggi Tay,5,2025-11-03 07:38:41,aplikasi sangat membantu,Positif,aplikasi sangat bantu
Gumilar Bengkulu,5,2025-11-03 06:46:05,Baik,Positif,baik
hy yadi,1,2025-11-03 02:19:13,"saya gak menyarankan pake my pertamina saya jadi korban, saya udah scan barcode saldo saya udah kepotong tapi ke SPBU nya gak masuk saya akhirnya disuruh bayar tunai kembali #merugikan rakyat kecil",Negatif,saya gak saran pake my pertamina saya jadi korban saya udah scan barcode saldo saya udah potong tapi spbu nya gak masuk saya akhir suruh bayar tunai kembali rugi rakyat kecil
Baso Emmang,5,2025-11-02 22:54:05,bagus,Positif,bagus
Dhen Garut,5,2025-11-02 22:12:59,keren,Positif,keren
Wilem p Bien,5,2025-11-02 21:23:05,baik,Positif,baik
Nonet Karet,1,2025-11-02 20:53:03,saya tukar poin kok ngak sampai sampai,Negatif,saya tukar poin kok ngak sampai sampai
ferdinandus umbu,1,2025-11-02 20:35:55,produk sampah,Negatif,produk sampah
Ahmad Zulhamsyah,5,2025-11-02 19:45:42,Mantap,Positif,mantap
Suryadi Bama,1,2025-11-02 19:42:28,aplikasi ampas,Negatif,aplikasi ampas
Reymond Pangau,1,2025-11-02 19:26:03,"sekarang sudah tidak ada form keluhan, untuk mobil yg sudah sudah pernah ada barcode & barcodenya sudah tidak ada. sudah tidak bisa buat barcode lagi. misalnya kalo kita beli mobil bekas & barcodenya tidak ada, kemudian pembuat barcodenya tidak diketahui lagi",Negatif,sekarang sudah tidak ada form keluh mobil sudah sudah pernah ada barcode barcodenya sudah tidak ada sudah tidak bisa buat barcode lagi misal kalo kita beli mobil bekas barcodenya tidak ada kemudian buat barcodenya tidak tahu lagi
Fikri Aziz Rafsanjani,1,2025-11-02 18:58:16,gak jelas ini pake ada pembaruan barcode segala.. kocak lu semua my Pertamina sama bumn lol!,Negatif,gak jelas pake ada baru barcode segala kocak lu semua my pertamina sama bumn lol
Kennedy Simbolon,1,2025-11-02 18:11:36,Saya kecewa sudah buat QR code tapi tidak bisa isi BBM subsidi!,Negatif,saya kecewa sudah buat qr code tapi tidak bisa isi bbm subsidi
Rizky Koswara,4,2025-11-02 17:25:31,cara login pake email gimana,Positif,cara login pake email gimana
Purwanto Nugroho,5,2025-11-02 15:13:41,ok,Positif,ok
Ricky Jenkins,4,2025-11-02 14:46:42,"tolong donk kasi info nomor resi pengiriman merchandise yang dituker pakai point,masa udah 2 bulan gaada kejelasan dikirim atau enggak",Positif,tolong donk kasi info nomor resi kirim merchandise dituker pakai pointmasa udah bulan gaada jelas kirim atau enggak
ASEP VLOG,1,2025-11-02 14:33:45,"barcode sudah dihapus otomatis, lah pas daftar ulang GAGAL TERUS. padahal Poto stnk dan poto posisi mobil sudah sesuai instruksi. 😡😡😡😡😡😡😡😡😡😡😡",Negatif,barcode sudah hapus otomatis lah pas daftar ulang gagal terus padahal poto stnk poto posisi mobil sudah sesuai instruksi
Ayas Cairo,1,2025-11-02 14:27:12,aplikasi buruk dan poin ga pernah nambah pegawai SPBU banyak yang nakal dan banyak SPBU yg ditak bisa menggunakan my pertamina,Negatif,aplikasi buruk poin tidak pernah nambah pegawai spbu banyak nakal banyak spbu tak bisa guna my pertamina
Soli Budiono999,5,2025-11-02 12:59:28,semoga beruntung,Positif,moga untung
Putut Darwanto,5,2025-11-02 11:51:07,Perfect,Positif,perfect
Rian,5,2025-11-02 11:45:06,oh yes good,Positif,oh yes good
Ketut Sentiasa,5,2025-11-02 10:43:40,ca Ra mendapatkan barkot,Positif,ca ra dapat barkot
Mabar Gd,2,2025-11-02 10:20:42,kalo perlu tiap 3 jam di update,Negatif,kalo perlu tiap jam update
Abfatna06,4,2025-11-02 09:37:28,gk tau bagus aja,Positif,tidak tau bagus aja
diah karina,5,2025-11-02 09:26:25,wah keren..cepat nggk pakai antri lg,Positif,wah kerencepat nggk pakai antri lg
yana otoy,1,2025-11-02 09:09:38,aplikasi ampas mau bayar malah qris ga di kenal 😤😤😤,Negatif,aplikasi ampas mau bayar malah qris tidak kenal
Asep Ramlan,5,2025-11-02 08:57:55,good,Positif,good
Reza Wijaya,1,2025-11-02 08:13:37,aplikasi ga jelas perusahaan nya juga gak jelas jadi sama sama ga jelas,Negatif,aplikasi tidak jelas usaha nya juga gak jelas jadi sama sama tidak jelas
Achmad Marzuki,5,2025-11-02 07:57:50,sangat membantu,Positif,sangat bantu
Ríf'ãt Mëõk,1,2025-11-02 07:36:43,"apk nya membntu , tapi bahan bakar nya tolol , speda saya rusak karena pertalite oplosan ethanol , brebet , bisnis yang bener , mau niru Amerika segala",Negatif,aplikasi nya membntu tapi bahan bakar nya tolol speda saya rusak karena pertalite oplos ethanol brebet bisnis bener mau niru amerika segala
Asus_Xiaomi_Vivo Coy,5,2025-11-02 06:40:55,ok mantap,Positif,ok mantap
Elisabeth Enderina Fransiscus,1,2025-11-02 00:30:54,"1. masa harus isi 30K dulu baru dapat 1 poin, Shell aja isi 1 liter baru dapat poin 2. isi bensin aja banyak yg ga bisa pakai qris, seandainya ada EDM pasti bilang nya ga berfungsi",Negatif,masa harus isi k dulu baru dapat poin shell aja isi liter baru dapat poin isi bensin aja banyak tidak bisa pakai qris anda ada edm pasti bilang nya tidak fungsi
arya shevandri,1,2025-11-02 00:10:44,update terus bikin tidak nyaman,Negatif,update terus bikin tidak nyaman
Feri Wakfet,5,2025-11-01 23:54:57,lebih simpel ... apa lagi di zaman modern SDH waktu nya bayar apa pun memakai ponsel ....Bravo my Pertamina,Positif,lebih simpel apa lagi zaman modern sdh waktu nya bayar apa pun pakai ponsel bravo my pertamina
Herwan Di,5,2025-11-01 22:07:19,mantap,Positif,mantap
Inferno Bliz,1,2025-11-01 21:51:19,mau ganti sandi aja ga bisa aneh bnr,Negatif,mau ganti sandi aja tidak bisa aneh bnr
Eryanlie Tan,5,2025-11-01 21:29:41,sip lah my Pertamina,Positif,sip lah my pertamina
Fikry Pribadi 2,1,2025-11-01 21:19:38,ngebug,Negatif,ngebug
Amelia Alfi Nurjanah,1,2025-11-01 21:09:35,"update terus, blm ada sebulan update lagi, masih update terus anjirrr",Negatif,update terus blm ada bulan update lagi masih update terus anjirrr
Theodora Yovela,5,2025-11-01 21:04:59,bagus,Positif,bagus
Muji Muji,5,2025-11-01 20:37:56,bagus,Positif,bagus
Susilo Wardoyo,5,2025-11-01 20:12:28,mantap,Positif,mantap
Zulfan Zaki,5,2025-11-01 19:18:57,sangat membantu,Positif,sangat bantu
Mujianto Radar Kuansing,5,2025-11-01 18:40:41,kok barkot kita ngk bisa di gunakan y pak,Positif,kok barkot kita ngk bisa guna y pak
Kusmawati Kusmawati,5,2025-11-01 18:29:20,baik terimakasih,Positif,baik terimakasih
Parid mustofa 145,4,2025-11-01 18:23:03,baik,Positif,baik
Rachmat,1,2025-11-01 17:29:02,"di update malah lemot dan gagal loading gagal bayar... baru awal dibuka notifnya, tidak ada jaringan internet.. buka aplikasi yg lain lancar lancar aja.. huff",Negatif,update malah lot gagal loading gagal bayar baru awal buka notifnya tidak ada jaring internet buka aplikasi lain lancar lancar aja huff
ag US,1,2025-11-01 17:22:34,aplikasi buruk,Negatif,aplikasi buruk
SITI Budi Riyanti,5,2025-11-01 16:08:34,mantap..,Positif,mantap
Sukawi Blora,2,2025-11-01 14:49:53,"entah kena apa akir"" ini pertamina agak nggleor, produk nya pertalete membuat motor pada mogok,,",Negatif,entah kena apa akir pertamina agak nggleor produk nya pertalete buat motor mogok
Redi Susetia,5,2025-11-01 14:49:13,"Mantab, membantu 👍",Positif,mantab bantu
RIZKY,1,2025-11-01 14:35:34,kualitas bensin buruk buat sepeda mogok,Negatif,kualitas bensin buruk buat sepeda mogok
Jerry h,4,2025-11-01 14:10:34,belum bisa bayar pake QR terus dapat poin di my pertamina,Positif,belum bisa bayar pake qr terus dapat poin my pertamina
Heri Kusriyanto,1,2025-11-01 13:56:30,"verifikasi data diri ga mau klik isi nama setelah foto KTP, aplikasi payahhh",Negatif,verifikasi data diri tidak mau klik isi nama telah foto ktp aplikasi payahhh
Suatno Suatno,5,2025-11-01 13:55:59,kami sangat terbantu dg adanya program ini sesuai dg ekonomi kami saat ini. servisnyapun bagus.,Positif,kami sangat bantu dg ada program sesuai dg ekonomi kami saat servis bagus
Abu Solihin Alhakim,5,2025-11-01 13:19:36,untuk industri sebesar pertamina saya harap memasukkan semua metode pembayaran uang digital apalagi yang lumrah seperti dana shopepay dll,Positif,industri besar pertamina saya harap masuk semua metode bayar uang digital apalagi lumrah seperti dana shopepay dll
Soni Rifandi,5,2025-11-01 13:19:33,mantap,Positif,mantap
SONIFUL ULUM,5,2025-11-01 13:11:32,terimakasih,Positif,terimakasih
Fadil cat house,1,2025-11-01 12:59:13,"gila dikit dikit update kaya sebulan pasti berapa kali...setiap mau dipake pasti minta update, kasian antri an yg belakang..jadi berat dibuka dan baca barcode juga ga terlalu akurat",Negatif,gila dikit dikit update kaya bulan pasti berapa kalisetiap mau dipake pasti minta update kasi antri an belakangjadi berat buka baca barcode juga tidak terlalu akurat
Bonjeruk Jol,1,2025-11-01 12:15:59,pembayaran setiap sore ganguan di pom bensin,Negatif,bayar tiap sore ganguan pom bensin
didi asmardi,5,2025-11-01 11:58:41,mantap,Positif,mantap
Saprudin Rustam,5,2025-11-01 11:58:36,Coba tambahkan metode pembayaran pakai aplikasi DANA.,Positif,coba tambah metode bayar pakai aplikasi dana
bachtiar muh,1,2025-11-01 11:33:53,registrasinya lama banget nggak ngirim2 ke wa ataupun sms sampai masa percobaannya habis proyek mahal tapi hasilnya tidak memuaskan,Negatif,registrasi lama banget nggak ngirim wa atau sms sampai masa coba habis proyek mahal tapi hasil tidak muas
lalu muzhab datumuter,5,2025-11-01 11:32:13,aplikasinya sangat memuaskan,Positif,aplikasi sangat muas
Edi Suhedi,5,2025-11-01 11:24:21,supir pribadi,Positif,supir pribadi
afick afrizal,2,2025-11-01 10:59:00,tiap digunakan pembaruan terus,Negatif,tiap guna baru terus
joko dwi,5,2025-11-01 10:57:50,dengan Mypertamina pembelian BBM menjadi mudah cepat dan aman,Positif,mypertamina beli bbm jadi mudah cepat aman
Reyhan Pratama,1,2025-11-01 10:42:16,aplikasi tidak bisa digunakan,Negatif,aplikasi tidak bisa guna
Roni Lukito,5,2025-11-01 09:38:06,ok,Positif,ok
Bedu Debu,1,2025-11-01 09:37:08,ribet bertele tele,Negatif,ribet tele tele
Atok Maulana,5,2025-11-01 09:36:59,jos,Positif,jos
Nova Krisnady,1,2025-11-01 09:34:59,Launching aplikasi udah lama tapi di sekitar gua SPBU nya pada ga pake mypertamina. Lambat panget kerja kalian.,Negatif,launching aplikasi udah lama tapi sekitar gua spbu nya tidak pake mypertamina lambat panget kerja kalian
cahyo sukemi,1,2025-11-01 09:31:28,reset pin sudah akun terblokir tidak bisa masuk aplikasi gimna ni lol,Negatif,reset pin sudah akun blokir tidak bisa masuk aplikasi gimna ni lol
Dajwi muchtar anshary,5,2025-11-01 08:40:53,cukup sederhana,Positif,cukup sederhana
nana sutisna,5,2025-11-01 08:01:39,mohon diperhatikan agar aplikasi ini jangan terlalu banyak fitur khawatir akan menggangu proses transaksinya... untuk fitur pendaftaran bisa OVO Jagan dirubah agar proses input pin lancar dan cepat...,Positif,mohon perhati agar aplikasi jangan terlalu banyak fitur khawatir akan menggangu proses transaksi fitur daftar bisa ovo jagan rubah agar proses input pin lancar cepat
Mangun Song,5,2025-11-01 07:21:24,mypertamina sangat membantu supir di lintasan Sumatra mengisi BBM solar,Positif,mypertamina sangat bantu supir lintas sumatra isi bbm solar
Mintarjo Joe,5,2025-11-01 07:19:11,tingkatkan pelayanan,Positif,tingkat layan
Agusamin Amin,5,2025-11-01 07:15:08,bagus,Positif,bagus
Marten daker 77,5,2025-11-01 07:14:06,"better, up promo buat driver online.",Positif,better up promo buat driver online
Ridho Alim,1,2025-11-01 07:10:53,aplikasi tidak berguna setiap pembelian tidak pernah dapat poin... seperti SPBU swasta dong setiap pembelian prodak apa saja dpat point ini mana zonk...!,Negatif,aplikasi tidak guna tiap beli tidak pernah dapat poin seperti spbu swasta dong tiap beli prodak apa saja dpat point mana zonk
Samsudin Bakrie,5,2025-11-01 07:10:44,sangat mudah tidak ribet,Positif,sangat mudah tidak ribet
MOH SOLIKHIN,5,2025-11-01 07:10:03,oke baik,Positif,oke baik
Edi Sutrisno,4,2025-11-01 07:09:26,"jangan sampai terulang lagi bbm di oplos,,, terimakasih",Positif,jangan sampai ulang lagi bbm oplos terimakasih
Jhon Suatman,5,2025-11-01 07:07:33,ingin bbm ya harus ada ini pula,Positif,ingin bbm ya harus ada pula
Nur Cholis,5,2025-11-01 07:03:39,Keren...,Positif,keren
Junaidi78 Idi,4,2025-11-01 07:03:11,krang Mantaaaap setiap tukar poin tdak di kirim kirim kk,Positif,krang mantaaaap tiap tukar poin tdak kirim kirim kk
Cacahidayat Cacahidayat,5,2025-11-01 05:35:27,saya merasa senang tentang pembuatan barcod untuk pengisian bensin supaya bisa di atur,Positif,saya rasa senang tentang buat barcod isi bensin supaya bisa atur
Yogi Perdana,5,2025-11-01 04:41:10,Sudah lebih baik,Positif,sudah lebih baik
David Saputra,1,2025-11-01 01:00:03,terlalu sering update,Negatif,terlalu sering update
Sanford Surya Jaya,1,2025-10-31 20:09:43,"disuruh daftar pakai apk untuk subsidi, tpi pas daftar disuruh cba beberapa saat sampe 1 minggu. ga guna ada apk",Negatif,suruh daftar pakai aplikasi subsidi tpi pas daftar suruh cba beberapa saat sampe minggu tidak guna ada aplikasi
Tiyarman Gulo,1,2025-10-31 18:27:44,Eror mulu pas foto stnk sm foto mobil.. perbaiki!,Negatif,eror mulu pas foto stnk sm foto mobil baik
Umai Sayyid,5,2025-10-31 16:53:04,praktis,Positif,praktis
Kayu Garu,4,2025-10-31 16:42:40,sangat membantu,Positif,sangat bantu
Ipang Espede,5,2025-10-31 16:35:49,"Alhamdulillah, luar biasa dan semakin mudah.",Positif,alhamdulillah luar biasa makin mudah
Ferry Fadly_95,5,2025-10-31 14:56:35,Agak susah sih klo kita kuota lg abis bayar nya,Positif,agak susah sih klo kita kuota lg abis bayar nya
HERMANTO Ten,1,2025-10-31 13:29:06,aplikasi apaan sih...masak ngelink ke ovo nggak bs....coba di sekolahin dulu aplikasinya.,Negatif,aplikasi apa sihmasak ngelink ovo nggak bscoba sekolahin dulu aplikasi
Dolen Wae Official,1,2025-10-31 12:40:58,"aplikasinya baguss, tapi bbmya kagak..",Negatif,aplikasi baguss tapi bbmya kagak
M Fauzan,4,2025-10-31 12:19:39,ok,Positif,ok
Fitranson,4,2025-10-31 10:20:08,"aplikasi sering error, cek barcode update bugnya",Positif,aplikasi sering error cek barcode update bugnya
Nurjaya Jaya,2,2025-10-31 09:37:46,sinyal lemot,Negatif,sinyal lot
Afrianto,1,2025-10-31 09:31:44,"iseng instal mypertamina karena mau cari lokasi terdekat dari rumah, spbu yang jual turbo. 1 spbu saya sudah tau jual turbo, yang lain belum. klik petunjuk arah gmap, hasilnya ngawur poll lokasinya. 1 di tengah sawah, satunya lagi di alun alun kota. kelihatan banget kalian kerja asal asalan",Negatif,iseng instal mypertamina karena mau cari lokasi dekat rumah spbu jual turbo spbu saya sudah tau jual turbo lain belum klik tunjuk arah gmap hasil ngawur poll lokasi tengah sawah satu lagi alun alun kota lihat banget kalian kerja asal asal
Muhammad Nurul Hidayat,5,2025-10-31 08:49:31,"Suka bngt sama fitur Trip Planer, membantu bngt dan jadi hapal titik titik SPBU, dan juga jadi bisa tau kira kira harus ngisi dimana lgi 💪",Positif,suka bngt sama fitur trip planer bantu bngt jadi hapal titik titik spbu juga jadi bisa tau kira kira harus ngisi mana lgi
sutan lia,5,2025-10-31 08:46:13,okeh...,Positif,okeh
Luthfi Poenya,5,2025-10-31 08:02:36,sip sip sip lancar deh,Positif,sip sip sip lancar deh
Pertanian Maju,5,2025-10-31 06:54:44,bermanfaat sekali,Positif,manfaat sekali
Devyy,5,2025-10-31 06:46:11,sangat luar biasa 👍,Positif,sangat luar biasa
Eko Budianto,1,2025-10-31 05:46:57,akun saya kok keblokir gak bisa masuk..trus apa yg bisa saya lakukan?,Negatif,akun saya kok blokir gak bisa masuktrus apa bisa saya laku
Ujik Winarno,5,2025-10-31 02:02:45,oke,Positif,oke
Adi Sutrisno,5,2025-10-31 00:12:18,ok aja lah,Positif,ok aja lah
masbmw,1,2025-10-30 21:45:05,"Aplikasi Jelek sekali. Sama sekali tidak berguna Waktu pendaftaran di spbu data sy pertalite, tp mlm ini sy di luar kota kehabisan bbm mau beli tp pas di input pembelian sama petugas spbu, data sy berubah biosolar. Hapus sj aturan tidak berguna seperti ini menyengsarakan rakyat kecil yg mencari nafkah sampai larut malam seperti ini. Sy tlp call center berkali2 sibuk trs #KPK #PakPurbaya Tolong ini diselidiki, biaya pembuatan aplikasi mahal tapi kualitasnya seperti ini",Negatif,aplikasi jelek sekali sama sekali tidak guna waktu daftar spbu data sy pertalite tp mlm sy luar kota habis bbm mau beli tp pas input beli sama tugas spbu data sy ubah biosolar hapus sj atur tidak guna seperti sengsara rakyat kecil cari nafkah sampai larut malam seperti sy tlp call center kali sibuk trs kpk pakpurbaya tolong selidik biaya buat aplikasi mahal tapi kualitas seperti
Dadan Mukhsin,4,2025-10-30 20:40:35,ribet banyak scan dll....🤔,Positif,ribet banyak scan dll
Imam Qthunx,4,2025-10-30 20:31:39,Cukup baik dan mudah dipahami.,Positif,cukup baik mudah paham
S Tikno,1,2025-10-30 19:08:56,barcode malahan tidak bisa di peke daptar lagi gagal trus,Negatif,barcode malah tidak bisa peke daptar lagi gagal trus
Ali Akbarudin,1,2025-10-30 17:33:16,"mau isi bensin gagal terus. alasanya karna foto mobil tampak belakang. padahal biasanya bisa. eeh sekarang malah di permasalahkan kan yang penting plat nomer nya. udah saya hapus mobil nya dan bikin baru malah di tolak terus dengan alasan stnk ga sesuai jd ini mypertamina maunya apa? korupsi aja di gedein, tpi pelayanan jauh dari kata bagus. makin ke sini makin ribet.",Negatif,mau isi bensin gagal terus alasanya karna foto mobil tampak belakang padahal biasa bisa eeh sekarang malah masalah kan penting plat nomer nya udah saya hapus mobil nya bikin baru malah tolak terus alas stnk tidak sesuai jd mypertamina mau apa korupsi aja gedein tpi layan jauh kata bagus makin sini makin ribet
Indra Lesmana,5,2025-10-30 16:07:17,Terima aksih,Positif,terima aksih
Sumi Putra02,5,2025-10-30 16:02:32,mantapp,Positif,mantapp
arizz No,5,2025-10-30 12:22:43,semakin ribet.. apa lagi kmi di sumatra,Positif,makin ribet apa lagi kmi sumatra
ROSTANTO SETYADI,5,2025-10-30 09:06:54,sangat membantu,Positif,sangat bantu
nugroho man,5,2025-10-30 07:02:51,ok,Positif,ok
Yudi Susi,1,2025-10-30 05:51:16,sering keluar sendiri akun nya . ganti pasword mental terus aplikasi mentah gak layak,Negatif,sering keluar sendiri akun nya ganti pasword mental terus aplikasi mentah gak layak
wijaya tour,5,2025-10-29 23:50:41,josss,Positif,josss
Derry Ervando15,5,2025-10-29 21:41:20,lupa sandi,Positif,lupa sandi
Neng Syaefulloh,1,2025-10-29 18:35:26,"aplikasi tidak bagus,poin saya tukar dengan mainan pertamina,udah 5 bln gk di kirim,poin saya hilang tanpa ada tanggung jawabya",Negatif,aplikasi tidak baguspoin saya tukar main pertaminaudah bln tidak kirimpoin saya hilang tanpa ada tanggung jawabya
Iman Fathony,1,2025-10-29 18:17:46,pinajiseun pallikasi tai pas ga bawa uang mau isi bensin pake aplikasi malah gangguan. so soan bikin aplikasi nyusahkeun pelanggan.👎👎👎👎,Negatif,pinajiseun pallikasi tai pas tidak bawa uang mau isi bensin pake aplikasi malah ganggu so soan bikin aplikasi nyusahkeun langgan
Yopi Nurramadhan,5,2025-10-29 18:04:10,sangat bagus,Positif,sangat bagus
Husain Mohammad,1,2025-10-29 17:55:52,"parah chat online blm aja di layani sudah d sruh ksih rating,kendala saya gk ada solusi gak jls respon.lama",Negatif,parah chat online blm aja layan sudah d sruh ksih ratingkendala saya tidak ada solusi gak jls responlama
Tri andi hamim Sujud,5,2025-10-29 17:43:04,memuaskan,Positif,muas
Pokemon Go,1,2025-10-29 16:27:17,gak bisa register weii...,Negatif,gak bisa register weii
Jainal Arifin,1,2025-10-29 15:51:10,"EHH PEA, KULIATAS BENSIN PERBAIKIN TUH KENDARAAN SEMUA JADI BREBET SETAN UDAH 4X KURAS BENSIN, OPLOS AJA TERUS, BISANYA NYUSAHIN MASYARAKAT AJA LO PEA",Negatif,ehh pea kuliatas bensin perbaikin tuh kendara semua jadi brebet setan udah x kuras bensin oplos aja terus bisa nyusahin masyarakat aja lo pea
"Den,sablon sablonprint",1,2025-10-29 15:35:29,gimana ini ga bisa input nomor rangka,Negatif,gimana tidak bisa input nomor rangka
Muhammad arifin Ilham,1,2025-10-29 14:54:35,"lemot, jelek, tidak mudah digunakan terutama bagi orangtua dan sangat - sangat ribet",Negatif,lot jelek tidak mudah guna utama bagi orangtua sangat sangat ribet
ical malik,5,2025-10-29 14:15:42,"Sangat membantu ,tetapi kurang Dalam Pelayanan",Positif,sangat bantu tetapi kurang dalam layan
Intan Listiani,4,2025-10-29 12:47:00,mantap,Positif,mantap
Hafis Faiz,5,2025-10-29 12:19:22,puas,Positif,puas
Muhammad ichbal ardiansah,2,2025-10-29 10:01:06,BUSUK,Negatif,busuk
Fathur R,4,2025-10-29 09:39:48,ok sip,Positif,ok sip
Rafly Hasibuan,5,2025-10-29 09:09:48,bagus,Positif,bagus
ang kox,5,2025-10-29 08:19:51,terbaik,Positif,baik
Wahyudi Mustika,5,2025-10-28 21:44:23,lancar,Positif,lancar
Harry Febriyanto,5,2025-10-28 21:31:38,mantap.,Positif,mantap
adil murdileksono,5,2025-10-28 20:53:28,rekomended utk.beli.bbm,Positif,rekomended utkbelibbm
cepy well,5,2025-10-28 20:33:52,good.. simple,Positif,good simple
Jufri Wahyurianto,5,2025-10-28 19:31:46,oke bagus,Positif,oke bagus
Edo Ponsel,5,2025-10-28 16:07:52,mantap,Positif,mantap
Meti Khenzo,5,2025-10-28 15:56:41,bagaimana cara mendapatkan qr terbaru.. karena qr yg lama sdh kadaluarsa,Positif,bagaimana cara dapat qr baru karena qr lama sdh kadaluarsa
Dandelion Blitar,5,2025-10-28 14:47:27,Bagus & sangat membantu,Positif,bagus sangat bantu
Ham Dani,1,2025-10-28 13:25:46,ribet,Negatif,ribet
Dodik setiawan,1,2025-10-28 13:23:21,"daftar kendaraan susah banget,capek capek ngetik langsung keluar gitu aja,",Negatif,daftar kendara susah bangetcapek capek ngetik langsung keluar gitu aja
Mustofa RX KING,1,2025-10-28 13:18:03,sangat menyusahkan sekali,Negatif,sangat susah sekali
Hasanuddin Latief,5,2025-10-28 12:41:06,terus beinnovasi yg membangun bangsa dan negara,Positif,terus beinnovasi bangun bangsa negara
Arjun Maulana,1,2025-10-28 11:42:55,"apalikasi tertolol yg pernah gw download, input nomor rangka aja ga bisa, nge bug gitu auto keisi, sekelas BUMN aplikasi kaya bikinan anak SD",Negatif,apalikasi tolol pernah gw download input nomor rangka aja tidak bisa nge bug gitu auto isi kelas bumn aplikasi kaya bikin anak sd
Yuli Andriana,5,2025-10-28 10:23:05,oke,Positif,oke
Rio Naldo,5,2025-10-28 10:20:03,mantap,Positif,mantap
Ahmad Rozi,5,2025-10-28 09:50:01,maaf sebelumnya gimana ya cara daftar dan mendapatkan barcode untuk solar mohon arahan yang tertulis dan jg persyaratannya saya mau daftar sendiri kok susah,Positif,maaf belum gimana ya cara daftar dapat barcode solar mohon arah tulis jg syarat saya mau daftar sendiri kok susah
Herdeka Sari,5,2025-10-28 09:38:50,ok,Positif,ok
Irwan Smik,5,2025-10-28 09:01:14,makasih my pertamina,Positif,makasih my pertamina
Kustino Channel,5,2025-10-28 08:55:14,mantap,Positif,mantap
MochamadJean Willianto,5,2025-10-28 08:45:59,ok,Positif,ok
Zhakiya Jihan,1,2025-10-28 07:56:19,motor saya mogok setelah isi pertalite.,Negatif,motor saya mogok telah isi pertalite
Prass Setiyo,1,2025-10-28 07:14:15,"susah,ribet",Negatif,susahribet
Majurid Cahaya,1,2025-10-28 07:13:13,"bintang satu aja dulu,uang saya hangus di sini pembayaran sudah berhasil tapi bbm nya gk keluar,saya coba tanya cs 135 di surung nunggu trus,gk tau sampai kapan",Negatif,bintang satu aja duluuang saya hangus sini bayar sudah hasil tapi bbm nya tidak keluarsaya coba tanya cs surung nunggu trusgk tau sampai kapan
Doni afrian,5,2025-10-28 06:13:18,mantap,Positif,mantap
Ahmadfarid Hidayat,5,2025-10-28 00:42:52,ok,Positif,ok
Kukuh Purwanto,1,2025-10-27 23:23:31,OK,Negatif,ok
GARENG.VCL7S 12,5,2025-10-27 23:14:25,ga bisa buat cek barkot ulang,Positif,tidak bisa buat cek barkot ulang
Bondan Sinatra,1,2025-10-27 23:12:05,pertalite pertamax sekarang parah. pertamax di injexsi brebet parah kyak mau mati. apalagi pertalite makin parah,Negatif,pertalite pertamax sekarang parah pertamax injexsi brebet parah kyak mau mati apalagi pertalite makin parah
yulizar ghani,5,2025-10-27 21:29:39,Pelayanan ok,Positif,layan ok
Cashi Arisandy,4,2025-10-27 20:21:35,memudahkan Antrian..,Positif,mudah antri
Rizka Nuraini Arief,1,2025-10-27 19:59:05,"BIKIN PROMO GA NIAT, harusnya mempercepat dan memudahkan pembayaran, nyatanya d lapangan layanannya lambat sekali dan sering trobel di beberapa SPBU.",Negatif,bikin promo tidak niat harus cepat mudah bayar nyata d lapang layan lambat sekali sering trobel beberapa spbu
mardian syah,5,2025-10-27 19:33:31,sangat bagus dan cepet untuk pengisian BBM,Positif,sangat bagus cepet isi bbm
syaiful bahri,5,2025-10-27 18:18:12,ribet,Positif,ribet
Agus Muharom,5,2025-10-27 17:44:43,keren,Positif,keren
Nita Apprilia,5,2025-10-27 16:39:50,Bagus,Positif,bagus
Herwan Gusturi17,1,2025-10-27 15:46:15,"sistem yang mempersulit masyarakatnya dalam isi bbm, bukanya mempermudah, barcode ini itulah. sdh ngajuin ke calsenter bukan nya mbantuin malah nyuruh kita sendiri, bukan nambah solusi nambah pening yg ada",Negatif,sistem sulit masyarakat dalam isi bbm buka mudah barcode itu sdh ngajuin calsenter bukan nya mbantuin malah nyuruh kita sendiri bukan nambah solusi nambah pening ada
Margie Susilo,5,2025-10-27 15:10:55,sangat membantu,Positif,sangat bantu
Felix Adrian,1,2025-10-27 15:02:53,"Mau penambahan pembayaran menggunakan kartu kredit ga bisa. Saldo di potong terus 1.000 Bukan masalah 1.000 nya, tp di coba terus ga bisa terus",Negatif,mau tambah bayar guna kartu kredit tidak bisa saldo potong terus bukan masalah nya tp coba terus tidak bisa terus
budi santoso ikhsan,5,2025-10-27 14:54:01,baik,Positif,baik
Ayub Ardyan,1,2025-10-27 14:39:06,makah makin ribet sekarang,Negatif,makah makin ribet sekarang
Fauzi uzi,5,2025-10-27 14:33:21,lambat antrian jadi lama,Positif,lambat antri jadi lama
D . K Aris,5,2025-10-27 13:51:28,mantap,Positif,mantap
Aliif Akbar28,5,2025-10-27 13:39:34,"sangat bermanfaat tapi kadang' sering gangguan tolong di perbaiki lagi ya sistemnya, trmksi.",Positif,sangat manfaat tapi kadang sering ganggu tolong baik lagi ya sistem trmksi
Nasril Al qorni,5,2025-10-27 13:15:41,good,Positif,good
Arif untung h,5,2025-10-27 13:12:25,lanjutkan tren positif hajar mafia minyak,Positif,lanjut tren positif hajar mafia minyak
Depri Yanto,5,2025-10-27 13:04:35,sangat bgus dan karyawannya jg rama2,Positif,sangat bgus karyawannya jg rama
Berman Tambunan,5,2025-10-27 12:39:57,mantul 👍👍,Positif,mantul
Fredy Ngapakboy,2,2025-10-27 10:43:15,"Baru download apk ini, pas registrasi no hp yg selama puluhan tahun dan pertama kali mau pake apk ini..... NOMOR ANDA TELAH TERDAFTAR, lhaaa busyeettt... Pantesan kok sering ada kasus mobil yg habis kuota, pdhl belum ngisi bbm💥💫",Negatif,baru download aplikasi pas registrasi no hp lama puluh tahun pertama kali mau pake aplikasi nomor anda telah daftar lhaaa busyeettt pantesan kok sering ada kasus mobil habis kuota pdhl belum ngisi bbm
Wiedy anto,5,2025-10-27 09:54:57,mantap,Positif,mantap
Agung Dwi andika,5,2025-10-27 09:34:53,aplikasi nya sangat memudahkan pengemudi untuk bertransaksi 🖤,Positif,aplikasi nya sangat mudah kemudi transaksi
Rahmat Hidayat,5,2025-10-27 09:09:30,Sangat membantu terima kasih MyPertamina,Positif,sangat bantu terima kasih mypertamina
Sigit Arditio,1,2025-10-27 09:04:44,kirim kode otp gagal terus udah terakhir percobaan,Negatif,kirim kode otp gagal terus udah akhir coba
Ramlan,1,2025-10-27 08:44:19,"aplikasi cuma bikin susah saja, mana ada kadaluarsa nya",Negatif,aplikasi cuma bikin susah saja mana ada kadaluarsa nya
Abibunda ayya,1,2025-10-27 08:38:36,tidak bisaa di pakai,Negatif,tidak bisaa pakai
PEJUANG HALAL,5,2025-10-27 08:29:01,sangat membantu.terima kasih,Positif,sangat membantuterima kasih
Hendri Hendri,5,2025-10-27 08:24:33,mantap,Positif,mantap
Rycancelo07,1,2025-10-27 08:10:00,jelek susah dapat verifik asi,Negatif,jelek susah dapat verifik asi
Herry Wijayanto,1,2025-10-27 08:03:59,daftar susah imail ga da respon,Negatif,daftar susah imail tidak da respon
Rifky Distiadi,1,2025-10-27 08:01:52,tidak bisa login resgistrasi ulang kode ottp ga di kirim kirim,Negatif,tidak bisa login resgistrasi ulang kode ottp tidak kirim kirim
Juned Hoking,1,2025-10-27 07:59:47,susah aplikasinya atau pihak Pertamina GX mau tau ya jangan bilang maaf tapi di tangani km tidak butuh maaf tpi butuh pelayanan,Negatif,susah aplikasi atau pihak pertamina gx mau tau ya jangan bilang maaf tapi tangan km tidak butuh maaf tpi butuh layan
Ridho Bjm,1,2025-10-27 07:43:25,"jaringan stabil..wifi,data seluler lancar jaya Santosa ttp g bisa di scan",Negatif,jaring stabilwifidata seluler lancar jaya santosa ttp g bisa scan
Verdiiansyah Purba,1,2025-10-27 07:33:57,"kode otp ga muncul, ga heran aplikasi pemerintah gada yang bagus",Negatif,kode otp tidak muncul tidak heran aplikasi perintah gada bagus
Arief hono,5,2025-10-27 07:16:20,mudah di gunakan dan utung bagi penggunanya,Positif,mudah guna utung bagi guna
Bangg Ozann,1,2025-10-27 07:04:16,ribet barcode gabisa digunakan minta perbarui tapi login apk nya gabisa ... payah bgt,Negatif,ribet barcode gabisa guna minta baru tapi login aplikasi nya gabisa payah banget
THE DESTROYER,1,2025-10-27 06:36:05,"aplikasi kaga jelas, OTP ga masuk masuk, kocakkk",Negatif,aplikasi kaga jelas otp tidak masuk masuk kocakkk
Muhammad Abdul Karim,2,2025-10-27 05:59:12,"sebenarnya niat tidak ya, mau daftar, kode verifikasi tidak dikirim-kirim sampai klik 5kali percobaan. katanya mempermudah, daftar aja dipersulit.",Negatif,benar niat tidak ya mau daftar kode verifikasi tidak dikirimkirim sampai klik kali coba kata mudah daftar aja sulit
gallery marvel,1,2025-10-27 02:08:37,"mau daftar aja susahnya minta ampun,, niat gak sih..!!!!!!",Negatif,mau daftar aja susah minta ampun niat gak sih
Yahya Hidayat Tulloh,5,2025-10-26 22:16:10,mantap,Positif,mantap
Dwi endri Endri,1,2025-10-26 19:28:50,meresahkan,Negatif,resah
idet indiartono,5,2025-10-26 16:52:57,bagus promonya dan cepat info info terbaru dari pertamina,Positif,bagus promonya cepat info info baru pertamina
SAMUJI KURIK,5,2025-10-26 16:14:31,membantu,Positif,bantu
Agus Gunawan,5,2025-10-26 16:09:11,oke...👌,Positif,oke
Mei Cia,1,2025-10-26 14:49:23,keseulitan aplikasi ini dilapangan katena terkadang kendala dengan sinyal khusus diluarkota,Negatif,ulit aplikasi lapang katena terkadang kendala sinyal khusus diluarkota
Fah zy,1,2025-10-26 14:31:42,gabisa login blkk,Negatif,gabisa login blkk
Toni Alvaro,1,2025-10-26 13:59:29,sejauh ini cukup 1 bintang update data gk bisa log,Negatif,jauh cukup bintang update data tidak bisa log
Alvian Rony,5,2025-10-26 12:05:24,bagus,Positif,bagus
imam jaenury,1,2025-10-26 09:49:14,"barcode minta update, di update aplikasi nutup sendiri, jancook...udah lama antri malah minta update, anjinnnnng...kontooolll....",Negatif,barcode minta update update aplikasi nutup sendiri jancookudah lama antri malah minta update anjinnnnngkontooolll
Supena Pena,2,2025-10-26 02:07:06,mau jual beli bbm,Negatif,mau jual beli bbm
Jowie Wikono,5,2025-10-26 00:21:24,mantap...,Positif,mantap
Jaya Lumban Gaol,5,2025-10-25 23:16:39,aplikasi berjalan dengan baik dan lancar. sukses selalu mypertamina untuk Indonesia Maju,Positif,aplikasi jalan baik lancar sukses selalu mypertamina indonesia maju
Agus Antoni,1,2025-10-25 19:15:57,sangat sangat jelek,Negatif,sangat sangat jelek
Iam Ferdi09,1,2025-10-25 19:13:52,buka blokir QR code tidak bisa sudah 4 bulan terblokir,Negatif,buka blokir qr code tidak bisa sudah bulan blokir
Hartono Hartono,5,2025-10-25 19:02:30,pembayaran lebih mudah dan praktis seeta ada pointnya,Positif,bayar lebih mudah praktis eta ada point
Danny Irbiantoro,5,2025-10-25 17:10:25,keren,Positif,keren
Bambang Setiawan,5,2025-10-25 16:53:39,mntap,Positif,mntap
Rifadli Jufri,1,2025-10-25 16:22:22,"saya penerima subsidi tepat, namun kondisinya kelemahannya kode QR di salahgunakan sama petugas SPBU untuk di berikan kepada pelansir dan pada saat saya mau isi bensin terblokir krn maksimal pengisian, padahal sya hanya isi bensin 1 kali dalam 1 minggu dan maksimal hanya 200 ribu namun di transaksi aplikasi My pertamina saya sampai pengisian 600 ribu per hari, tidak masuk akal mobil agya pengisiannya sampe 600 ribu kondisinya saya isi bensin lalu kode sya di foto lalu hasil foto lalu di scan",Negatif,saya terima subsidi tepat namun kondisi lemah kode qr salahgunakan sama tugas spbu ikan kepada lansir saat saya mau isi bensin blokir krn maksimal isi padahal sya hanya isi bensin kali dalam minggu maksimal hanya ribu namun transaksi aplikasi my pertamina saya sampai isi ribu per hari tidak masuk akal mobil agya isi sampe ribu kondisi saya isi bensin lalu kode sya foto lalu hasil foto lalu scan
Marzuki Yuda Baskara,5,2025-10-25 16:20:16,memudahkan sekalih.... jgn lupa promonya. .,Positif,mudah kalih jgn lupa promonya
ranronri suwandi,5,2025-10-25 15:48:05,good job,Positif,good job
Ridwan Syahputra,5,2025-10-25 13:20:34,mempermudah waktu,Positif,mudah waktu
Agung Gunawan,1,2025-10-25 12:16:54,"APLIKASI ANEH, TIDAK BISA DI PAKAI BARCODE SELALU SUDAH DIBPAKAI ORANGLAIN TIDAK BISA RUBAH NO OVO",Negatif,aplikasi aneh tidak bisa pakai barcode selalu sudah dibpakai oranglain tidak bisa rubah no ovo
Sanda wijaya,5,2025-10-25 11:49:46,bagus,Positif,bagus
taufik hidayat,2,2025-10-25 11:38:04,aplikasi nyusahin masyarakat !!!,Negatif,aplikasi nyusahin masyarakat
Yurnalis,5,2025-10-25 10:55:07,terima kasih,Positif,terima kasih
dedy febriawan,1,2025-10-25 10:54:24,daftar kendaraan susah.,Negatif,daftar kendara susah
Arfian K. Wibowo,5,2025-10-25 10:37:00,good,Positif,good
saiful anwar,5,2025-10-25 10:32:58,ok fast transaksi,Positif,ok fast transaksi
kristho k,5,2025-10-25 09:51:52,sudah bagus,Positif,sudah bagus
Neni Kosmiati,5,2025-10-25 09:47:28,lebih cepat pakai aplikasi,Positif,lebih cepat pakai aplikasi
evi koesistanti,5,2025-10-25 09:02:12,cepat dan ramah,Positif,cepat ramah
Willy Zigazig,5,2025-10-25 06:48:44,mudah dan cepat,Positif,mudah cepat
Adam Faisal,5,2025-10-25 00:47:39,apk bagus,Positif,aplikasi bagus
Rangga Aprisa,4,2025-10-25 00:30:39,"bagus pakai aplikasi...tp bagi kami supir Sumatra seperti tidak ada guna,karena pengecor BBM solar masih mudah nya mengisi TDK sesuai takaran ...terima kasih",Positif,bagus pakai aplikasitp bagi kami supir sumatra seperti tidak ada gunakarena cor bbm solar masih mudah nya isi tidak sesuai takar terima kasih
Abdul Rachman,5,2025-10-24 21:41:32,cepat dan tepat,Positif,cepat tepat
Nurdiyanto Scout,1,2025-10-24 21:00:53,gk bisa login keterangan format nomor hp salah,Negatif,tidak bisa login terang format nomor hp salah
Hendra Hendra,5,2025-10-24 18:03:10,Ok bgt,Positif,ok banget
Taufik Dianto,1,2025-10-24 17:47:22,sangat sulit untuk daftar barcode,Negatif,sangat sulit daftar barcode
Yuniko Oppo,1,2025-10-24 17:43:29,semangat korupnya,Negatif,semangat korup
Asep Setiadi H,1,2025-10-24 16:03:41,"buruk, di bali ini tidak berguna, setiap pom bensin pasang spanduk besar my pertamina, dan mereka pasang QR barcode, pake mesin barcode juga kalo isi ke customer. tapi pas di tanya, ( bisa pake my pertamina?) selalu jawabnya gak bisa... sebenernya gak bisa, gak mau atau gak tau caranya??? nanti saya mau coba di setiap kota pada saat saya touring ke pulau Jawa.",Negatif,buruk bal tidak guna tiap pom bensin pasang spanduk besar my pertamina mereka pasang qr barcode pake mesin barcode juga kalo isi customer tapi pas tanya bisa pake my pertamina selalu jawab gak bisa sebenernya gak bisa gak mau atau gak tau cara nanti saya mau coba tiap kota saat saya touring pulau jawa
jajang nurjaman,1,2025-10-24 14:34:18,"bikin sulit, selalu eror",Negatif,bikin sulit selalu eror
Armns Tone,1,2025-10-24 14:00:08,"Saya menukarkan poin yang saya dapat dari transaksi di aplikasi ini hampir 30 hari yang lalu, dan masih belum ada kejelasan... mohon kerjasamanya, saya merasa sangat dirugikan oleh hal ini.",Negatif,saya tukar poin saya dapat transaksi aplikasi hampir hari lalu masih belum ada jelas mohon kerjasamanya saya rasa sangat rugi oleh hal
Heky Kreasi,1,2025-10-24 13:52:22,susah sekali mendaftar nya .. sering eror dan terlalu banyak syarat,Negatif,susah sekali daftar nya sering eror terlalu banyak syarat
darul asmawan,1,2025-10-24 13:06:08,saat pengajuan banding gagal terus,Negatif,saat aju banding gagal terus
Frida Simamora,4,2025-10-24 12:19:49,tolong lah min pendaftaran unit BBM nya jangan makin di persulit. karna tidak semua orang yg pandai mendaftarkan mobilnya sekarang ini berbelit2 Poto mobil dan STNK sudah sesuai .ko malah blasan ada kemiripan dengan yg sudah didaftar maksdnya gimna min.,Positif,tolong lah min daftar unit bbm nya jangan makin sulit karna tidak semua orang pandai daftar mobil sekarang belit poto mobil stnk sudah sesuai ko malah blasan ada mirip sudah daftar maksdnya gimna min
citraSP,1,2025-10-24 10:59:53,"buruk,saya login di perangkat baru tidak bisa",Negatif,buruksaya login perangkat baru tidak bisa
Team Blusukan Tegal,2,2025-10-24 10:07:15,"tolong perbaiki, masa foto sudah sesuai arahan malah ditolak, kalau memang belum mateng untuk pengkontribusiannya jangan menyusahkan WNI",Negatif,tolong baik masa foto sudah sesuai arah malah tolak kalau memang belum mateng kontribusi jangan susah wni
Kurniawan Wawan,1,2025-10-24 09:38:02,"mau daftar kendaraan baru dipersulit, katanya nomer plat tidak sesuai, STNK tidak sesuai. reset kata sandi juga gak bisa. ganti kendaraan juga gak bisa. dan kadang² bayar pakai akun mypertamina di SPBU juga gak bisa.",Negatif,mau daftar kendara baru sulit kata nomer plat tidak sesuai stnk tidak sesuai reset kata sandi juga gak bisa ganti kendara juga gak bisa kadang bayar pakai akun mypertamina spbu juga gak bisa
Andrias Pakpahan,5,2025-10-24 09:13:32,diharapkan semua spbu menyediakan jalur ini,Positif,harap semua spbu sedia jalur
gusnita zubir,1,2025-10-24 08:15:59,APPLIKASI CACAT,Negatif,applikasi cacat
Ade Smocth,5,2025-10-24 08:06:37,great,Positif,great
Agus Subekti,5,2025-10-24 07:17:11,mantaap,Positif,mantaap
m.saiful arif,1,2025-10-24 00:01:23,mau bayar sering eror,Negatif,mau bayar sering eror
tuti ariyani,5,2025-10-23 21:33:03,mudah digunakan,Positif,mudah guna
M0DUL4r,1,2025-10-23 21:14:48,"Bukannya Mempermudah Malah Bikin Susah, Kalau Belum Benar² Siap Tidak Usah Diterepkan, Satu Lagi Yang Diuntungkan Bukam Masyarakat Tetapi Golongan.",Negatif,bukan mudah malah bikin susah kalau belum benar siap tidak usah diterepkan satu lagi untung bukam masyarakat tetapi golong
Mdj Mdj,1,2025-10-23 19:17:34,"sudah melakukan verifikasi profil ,selalu tidak berhasil. padahal data sdh betul & lengkap.",Negatif,sudah laku verifikasi profil selalu tidak hasil padahal data sdh betul lengkap
Samsul Bahri,5,2025-10-23 18:09:40,lebih mudah bertransaksi,Positif,lebih mudah transaksi
Buddy Noprianto (Kenday),5,2025-10-23 17:16:41,mantap,Positif,mantap
Muhammad Jamaali,5,2025-10-23 14:59:26,bagus,Positif,bagus
Rafif Hendri,1,2025-10-23 13:29:50,tidak akor pengisian,Negatif,tidak akor isi
Ariel Triyogo,5,2025-10-23 12:46:57,lumayan fast track♥️,Positif,lumayan fast track
Syah Roni,5,2025-10-23 09:25:14,mempermudah transaksi banyak promo yang berlangsung setiap hari,Positif,mudah transaksi banyak promo langsung tiap hari
hendri suherlan,4,2025-10-23 08:50:00,mantap,Positif,mantap
theSANTOSO4 family,2,2025-10-23 08:05:38,"aplikasinya kenapa sih,harus di restart or di instal ulang baru bisa kepencet pilihan2nya",Negatif,aplikasi kenapa sihharus restart or instal ulang baru bisa pencet pilih
Pak Ondo,5,2025-10-23 06:43:18,barkot kami k blokir cara membuka blokiran,Positif,barkot kami k blokir cara buka blokir
Muhamad Mukhtas,5,2025-10-22 20:35:29,"lancar jadinya perjalanan, karena pertalite lancar",Positif,lancar jadi jalan karena pertalite lancar
Muslimin Muslimin,5,2025-10-22 20:04:22,sukses slalu ya,Positif,sukses slalu ya
Auwalin Walin,5,2025-10-22 19:32:42,mantap dan mudah,Positif,mantap mudah
Abdul Rohman,5,2025-10-22 17:43:58,good,Positif,good
Fikri Haikal,5,2025-10-22 17:18:26,saya suka,Positif,saya suka
subie,2,2025-10-22 17:15:00,"loading mulu, harus restart setiap isi bensin",Negatif,loading mulu harus restart tiap isi bensin
Naufal Lukman (Noval),2,2025-10-22 16:52:56,kasih promo lah biar bintang full jangan di oplos lagi minggat lu mafia minyak,Negatif,kasih promo lah biar bintang full jangan oplos lagi minggat lu mafia minyak
Gac Rukun,5,2025-10-22 14:54:45,tolong dong sekalian bisa melacak Pertamina mana yg telah di pakai barcode biar gampang buat melacak mobil hilang di bawah kabur,Positif,tolong dong sekali bisa lacak pertamina mana telah pakai barcode biar gampang buat lacak mobil hilang bawah kabur
Jeffri Willigen,1,2025-10-22 14:26:25,Tahun 2024 saya isi mobil pertalite di SPBU lancar tidak ada kendala sama sekali sampai akhirnya diperbaharui tahun 2025 malah waktu beli pertalite discan petugas SPBU kok no.plat kosong/tidak terbaca padahal di aplikasi ku aktif bersubsidi 120L/120L dan tertera no plat juga. aplikasi aneh bikin ribet. padahal mobil lain nggak ada msalah waktu mengisi.gimana itu solusinya Pertamina. rata² byk komplain disini dg berbagai nasalah,Negatif,tahun saya isi mobil pertalite spbu lancar tidak ada kendala sama sekali sampai akhir baharu tahun malah waktu beli pertalite discan tugas spbu kok noplat kosongtidak baca padahal aplikasi ku aktif subsidi ll tera no plat juga aplikasi aneh bikin ribet padahal mobil lain nggak ada msalah waktu mengisigimana solusi pertamina rata byk komplain sini dg bagai nasalah
Arief Rakhman,5,2025-10-22 13:18:42,ok,Positif,ok
Syukur Iman,1,2025-10-22 12:53:23,Aplikasi apa ini. kemarin saya dapat Voucher Pertamina Dpt saldo 50.000 waktu masuk ke saldo di potong 37.000 sekarang Saldo hilang jadi 0. Gaje,Negatif,aplikasi apa kemarin saya dapat voucher pertamina dpt saldo waktu masuk saldo potong sekarang saldo hilang jadi gaje
Queen Silper,5,2025-10-22 12:23:53,good,Positif,good
Hardi T,5,2025-10-22 12:08:47,Mantap banget,Positif,mantap banget
Ankers Ankers,5,2025-10-22 11:35:01,"aplikasi yang sangat membantu serta menarik karna didalam nya terdapat berbagai fitur tidak hanya bisa digunakan untuk transaksi pembelian BBM saja, tetapi untuk pembelian Bright gas serta ada fitur layanan antar juga memudahkan kita yang ingin beli gas tapi malas keluar, layanan antar ini bisa menjadi salah satu pilihan nya, serta ada fitur subsidi tepat yang dapat mendaftarkan QR barcode kendaraan roda 4 maupun ke atas untuk pembelian BBM subsidi.",Positif,aplikasi sangat bantu serta tarik karna dalam nya dapat bagai fitur tidak hanya bisa guna transaksi beli bbm saja tetapi beli bright gas serta ada fitur layan antar juga mudah kita ingin beli gas tapi malas keluar layan antar bisa jadi salah satu pilih nya serta ada fitur subsidi tepat dapat daftar qr barcode kendara roda maupun atas beli bbm subsidi
Adiatma Bengawan,1,2025-10-22 10:35:32,ribet harus foto data langsung udah berkali kali gagal ngulang foto langsung terus ga bisa dari galeri,Negatif,ribet harus foto data langsung udah kali kali gagal ngulang foto langsung terus tidak bisa galeri
Suleman Prayoga,5,2025-10-22 10:24:23,membeli BBM sangat praktis,Positif,beli bbm sangat praktis
Yaski Yaski,5,2025-10-22 10:12:26,oc siap,Positif,oc siap
Indonesia Glory,1,2025-10-22 09:41:23,"proses pembayaran pakai otp dan pulsa lagi ?, sangat tidak niat",Negatif,proses bayar pakai otp pulsa lagi sangat tidak niat
Tuty Supriany,5,2025-10-22 08:15:28,sangat membantu saat pengisian bbm,Positif,sangat bantu saat isi bbm
Didi S,4,2025-10-22 07:16:32,aplikasi suka lambat,Positif,aplikasi suka lambat
Onang Nang,5,2025-10-21 21:32:48,mantap,Positif,mantap
Azis,1,2025-10-21 21:19:17,masih ada pertamina karpet merah tidak mau melayani konsumen pertamax turbo di pom bensin pertamina pasar ciputat.,Negatif,masih ada pertamina karpet merah tidak mau layan konsumen pertamax turbo pom bensin pertamina pasar ciputat
Antoniyus Sebastian,5,2025-10-21 17:17:43,bagus,Positif,bagus
Sastrawan Pribadi,5,2025-10-21 16:30:32,Mntap Jiwa,Positif,mntap jiwa
Nur Hidayat,5,2025-10-21 15:58:41,bagus,Positif,bagus
Babe Echa,5,2025-10-21 13:36:01,sejauh ini pertama kali pakai aplikasi ini cukup nyaman namun lagi perhatikan saat mulai pembayaran belum ada ya fitur biometrics pakai fingerprint serta tampilan dark tidak ada ... mudah2an masukan saya diperhatikan oleh pengembang aplikasi MyPertamina,Positif,jauh pertama kali pakai aplikasi cukup nyaman namun lagi perhati saat mulai bayar belum ada ya fitur biometrics pakai fingerprint serta tampil dark tidak ada mudah masuk saya perhati oleh kembang aplikasi mypertamina
daviter saputra,1,2025-10-21 12:19:21,transaksi gagal namun saldo terpotong,Negatif,transaksi gagal namun saldo potong
Pandu Hmc,4,2025-10-21 11:32:19,masih membingungkan 😅,Positif,masih bingung
Deny Kustiawan,1,2025-10-21 11:28:16,"ngantri udah panjang ehh barcode nya ga bisa, udh diriset barcode tetep ga bisa, alhasil ga bisa udah antri panjang tetep ga bisa isi. aplikasi tolol satu lagi barcode saya riwayat nya terpakai stiap hari. logika ajh masa isi bensin tiap hari. hayoo kok bisa digunakan orang lain ya.",Negatif,ngantri udah panjang ehh barcode nya tidak bisa udh riset barcode tetep tidak bisa alhasil tidak bisa udah antri panjang tetep tidak bisa isi aplikasi tolol satu lagi barcode saya riwayat nya pakai stiap hari logika ajh masa isi bensin tiap hari hayoo kok bisa guna orang lain ya
Alan Smart,5,2025-10-21 10:55:58,"sebenarnya jika Pertamina jualan solar B50 dalam botol plastik isi 5 liter pasti untung, tak perlu ada SPBU terutama daerah terpencil pelosok desa. lebih hemat non subsidi pasti habis di beli petani.",Positif,benar jika pertamina jual solar b dalam botol plastik isi liter pasti untung tak perlu ada spbu utama daerah pencil pelosok desa lebih hemat non subsidi pasti habis beli tani
Bang Iful,4,2025-10-21 09:41:26,setelah di update kenapa tampilan barcode subsidi BBM kembali ke tampilan yg dulu Lagi?,Positif,telah update kenapa tampil barcode subsidi bbm kembali tampil dulu lagi
Ruckyat abdissalam,2,2025-10-21 07:51:52,Aplikasinya Foce close saat ambil foto kendaraan/stnk,Negatif,aplikasi foce close saat ambil foto kendaraanstnk
Nurmilal nurmilal,5,2025-10-21 07:45:56,bagus,Positif,bagus
Ade Irawan,5,2025-10-21 06:53:53,bagus,Positif,bagus
marlisyanto,5,2025-10-21 05:47:47,mantap dan semoga kedepan makin baik lagi sehingga pembelian BBM bersubsidi dari dg penyalahgunaan QR milik org lain oleh pedagang pengepul minyak ilegal smakin berkurang,Positif,mantap moga depan makin baik lagi sehingga beli bbm subsidi dg penyalahgunaan qr milik org lain oleh dagang kepul minyak ilegal smakin kurang
eko widiyatmoko,5,2025-10-21 04:55:02,"sangat membantu, keep it up",Positif,sangat bantu keep it up
Usuf,5,2025-10-21 01:49:15,sangat praktis,Positif,sangat praktis
Yatno No,5,2025-10-20 22:43:46,my pertamina sangat membantu saya,Positif,my pertamina sangat bantu saya
wiskamto wiskamto,5,2025-10-20 22:06:29,mantap,Positif,mantap
Zul Simanungkalit,5,2025-10-20 19:45:42,sangat membantu sekali semoga data kita aman,Positif,sangat bantu sekali moga data kita aman
Febriansyah Cahya,2,2025-10-20 18:05:02,Saya baru sadar selama pakai My Pertamina dan bayar pun pakai apk tp kenapa point saya ga nambah² yaa beda dengan shell . ni point di kemana in ya...,Negatif,saya baru sadar lama pakai my pertamina bayar pun pakai aplikasi tp kenapa point saya tidak nambah yaa beda shell ni point mana in ya
Ib Nu,5,2025-10-20 16:35:56,"lumayan, dapat potongan...,😊",Positif,lumayan dapat potong
Abdul Roni. SE,5,2025-10-20 16:12:15,sangat membantu,Positif,sangat bantu
ambardana suhardi,5,2025-10-20 15:24:13,oke,Positif,oke
Tarzan Newborn,5,2025-10-20 14:03:41,bagus,Positif,bagus
lika andriati,5,2025-10-20 13:55:18,lebih praktis,Positif,lebih praktis
Mekal Mekal,5,2025-10-20 13:27:31,ini sangat membantu saya,Positif,sangat bantu saya
Muhamad Arazka,2,2025-10-20 13:24:55,ini Pertamina gmn setiap pom bensin takaran nya janggal semua ky gak sesuai literan nya..ingat dosa bos jangan curang mana serasa cepet abis bensin sekarang mh,Negatif,pertamina gmn tiap pom bensin takar nya janggal semua ky gak sesuai liter nyaingat dosa bos jangan curang mana serasa cepet abis bensin sekarang mh
Abi Irfan Rajes Al-Arami,5,2025-10-20 13:06:32,mantap,Positif,mantap
Aprizal Maulana,1,2025-10-20 12:52:58,masa foto kendaraan di aplikasi berbeda dengan foto di operator SPBU,Negatif,masa foto kendara aplikasi beda foto operator spbu
Juan Anthony,1,2025-10-20 12:24:37,payah,Negatif,payah
Syahlan alan,1,2025-10-20 11:29:09,"mending ga usah di adain ini aplikasi,, gw lagi ga pegang duit cas niat bayar pake apk ini g bisa, alasan pom ny ga bisa my Pertamina elor ktanya, najis nya.",Negatif,mending tidak usah adain aplikasi gw lagi tidak pegang duit cas niat bayar pake aplikasi g bisa alas pom ny tidak bisa my pertamina elor ktanya najis nya
Rîqî Adîtyâ,5,2025-10-20 09:55:38,mantap sekalii,Positif,mantap sekali
Ardian Feri,5,2025-10-20 09:48:41,"bagus aplikasinya jadi sdh siap utk isi minyak tanpa takut ketinggalan dompet, kurangnya hanya sedikit SPBU yg melayani non tunainya itu kalau di Palembang sih gak tau kota laen",Positif,bagus aplikasi jadi sdh siap utk isi minyak tanpa takut tinggal dompet kurang hanya sedikit spbu layan non tunai kalau palembang sih gak tau kota laen
Ulin Nuha,5,2025-10-20 09:29:07,ok,Positif,ok
Yukimaru Akira,1,2025-10-20 07:23:02,rese orang ga ngapa2in juga barcode di blokir mulu,Negatif,rese orang tidak ngapain juga barcode blokir mulu
apreza pashya,5,2025-10-19 22:02:15,lanjut,Positif,lanjut
amin udin,1,2025-10-19 17:15:44,"transaksi gagal pas d spbu, sudah scan qr & verifikasi pembayaran, saldo sudah terpotong tapi transaksi tidak masuk ke edc spbu, sudah beberapa hari email tapi masih belum ada balasan, fitur live chat sudah hilang jadi susah untuk komplen setelah ada respon dari my pertamina katanya proses maksimal 3x24 jam tapi kenyataannya sebulan lebih juga masih belum ada perkembangan",Negatif,transaksi gagal pas d spbu sudah scan qr verifikasi bayar saldo sudah potong tapi transaksi tidak masuk edc spbu sudah beberapa hari email tapi masih belum ada balas fitur live chat sudah hilang jadi susah komplen telah ada respon my pertamina kata proses maksimal x jam tapi nyata bulan lebih juga masih belum ada kembang
Agung Syahputra,5,2025-10-19 15:17:24,nice,Positif,nice
kevin wibisono,4,2025-10-19 14:36:16,haris scan ke tempatnya ga bisa cukup di dalam mobil saja,Positif,haris scan tempat tidak bisa cukup dalam mobil saja
Rit_ Aga,5,2025-10-19 13:18:34,trimakasih mypertamina..👍 sy sangat terbantu dg mypertamina sangat bermanfaat,Positif,trimakasih mypertamina sy sangat bantu dg mypertamina sangat manfaat
"Zainal Falah, M.Pd.I",5,2025-10-19 12:39:13,mantap,Positif,mantap
dwi wahyuni,5,2025-10-19 12:28:33,pelayanan cepat dan ramah,Positif,layan cepat ramah
Ganda Herianto,5,2025-10-19 12:24:06,bagus mantap,Positif,bagus mantap
Leorencius Silalahi,5,2025-10-19 12:13:58,mantap,Positif,mantap
Anjar Aji Pangesti,1,2025-10-19 11:50:14,ga bisa daftar tot,Negatif,tidak bisa daftar tot
FERGI AWAN CAHYONO NUR ISDANTO,5,2025-10-19 09:11:24,oke,Positif,oke
Edi purwanto,5,2025-10-19 08:32:14,good,Positif,good
Firman LUTHFI RENTAL CHENNEL,4,2025-10-19 07:59:42,"sebener aplikasi ini sangat d butuhkan jika kami TDK bawa uang kes namun aplikasi banyak kekecewaan untuk mengisi saldo sangat susah, harus pake link ank atau depit perusaan BUMN GK pernah canggih UU untuk tup op aj susah bnyak aplikasi yg sangat muda untuk tup out dll sbgai ini tup up cuma. pke link Ajja dan laguy harus pake debit",Positif,sebener aplikasi sangat d butuh jika kami tidak bawa uang kes namun aplikasi banyak kecewa isi saldo sangat susah harus pake link ank atau depit rusa bumn tidak pernah canggih uu tup op aj susah bnyak aplikasi sangat muda tup out dll sbgai tup up cuma pke link ajja laguy harus pake debit
Mas Bimbim,1,2025-10-19 02:30:56,apk busuk !,Negatif,aplikasi busuk
Joyo Glondor,1,2025-10-19 01:12:15,"data sudah benar tapi selalu gagal ambil barkot, barkot keluar pas beli BBM no kendaran tidak terdaftar",Negatif,data sudah benar tapi selalu gagal ambil barkot barkot keluar pas beli bbm no kendaran tidak daftar
edo yapi,5,2025-10-19 00:16:39,baik,Positif,baik
Hendrayana Sukanampa,5,2025-10-18 22:50:44,mantap,Positif,mantap
Riski Ambarita,5,2025-10-18 22:38:02,sudah bagus dan mudah di pergunakan,Positif,sudah bagus mudah guna
Egi Nugraha F.A,4,2025-10-18 21:42:14,lokasi SPBU tidak akurat,Positif,lokasi spbu tidak akurat
Niken Meyca,2,2025-10-18 20:02:05,"maaf ratenya 2 dulu, di karenakan saya tidak bisa meregistrasikan akun baru, mohon di bantu min,kalo clear nanti saya rubah rate.",Negatif,maaf ratenya dulu karena saya tidak bisa registrasi akun baru mohon bantu minkalo clear nanti saya rubah rate
Psyifa Nazilah,1,2025-10-18 19:53:59,Sumpah gembel bgt woyy masa iya bayar bensin gk bisa pke qris. Pom di paninggilan,Negatif,sumpah gembel banget woyy masa iya bayar bensin tidak bisa pke qris pom paninggil
Candra Ja,5,2025-10-18 19:53:53,jos mantap,Positif,jos mantap
Muhammad Iqbal Winahyu,1,2025-10-18 17:41:30,"Ribet, ga semua pom nerima Qris Isi 1Liter, Mesti Cash mulu.",Negatif,ribet tidak semua pom nerima qris isi liter mesti cash mulu
Kaleng Digital,1,2025-10-18 16:51:40,"Aplikasi membingungkan, barcode lama tiba2 dihapus dan tidak dpt digunakan untuk membeli pertalite. Konfirmasi by email diharuskan buat barcode baru ehh susahnya minta ampun, padahal sdh foto KTP, foto mobil. Akun harus dihubungkan dengan akun subsidi tepatlah ribet banget 👎👎",Negatif,aplikasi bingung barcode lama tiba hapus tidak dpt guna beli pertalite konfirmasi by email harus buat barcode baru ehh susah minta ampun padahal sdh foto ktp foto mobil akun harus hubung akun subsidi tepat ribet banget
Novihs 05,5,2025-10-18 16:45:14,hahss,Positif,hahss
Syafri Him,4,2025-10-18 15:29:49,g ada...,Positif,g ada
Joni Putro,5,2025-10-18 13:58:04,mantap Gak Ada Manipulasi,Positif,mantap gak ada manipulasi
Dery,5,2025-10-18 13:03:25,lancar,Positif,lancar
Rika Siswanti,5,2025-10-18 09:42:36,ok,Positif,ok
Abdul Cholik,5,2025-10-18 09:19:11,trimakasih banyak sudah memberikan segalanya yang terbaik untuk kami,Positif,trimakasih banyak sudah beri segala baik kami
Abdul Kholik,5,2025-10-18 08:22:25,mantap,Positif,mantap
susanto 91,4,2025-10-18 08:00:56,ok,Positif,ok
Su Narto,5,2025-10-18 07:35:41,ok,Positif,ok
N A H O,5,2025-10-18 07:24:22,mudah banget,Positif,mudah banget
Jamyari Jamyari,5,2025-10-18 06:26:17,okay memudahkan transaksi dan menyenangkan,Positif,okay mudah transaksi senang
Kurniawan Maulana,5,2025-10-17 22:40:09,Aplikasi MyPertamina Bagus sangat membantu dalam proses pembayaran mudah dan cepat dapat point juga semoga aplikasi MyPertamina dikembangkan lagi terima kasih🙏🏻 saran saya : point yang dikumpulkan jangan pakai masa berlaku/Kadaluarsa. dan dapat di tukarkan,Positif,aplikasi mypertamina bagus sangat bantu dalam proses bayar mudah cepat dapat point juga moga aplikasi mypertamina kembang lagi terima kasih saran saya point kumpul jangan pakai masa berlakukadaluarsa dapat tukar
Abdilah Sahara,1,2025-10-17 22:18:54,BUSUKKK SAYA ANTRI SOLAR 4 JAM GILIRAN ANTRIAN SAYA APLIKASINYA ERORR GABISA UNTUK BAYARRR!!!! BUSUKK!!!!,Negatif,busukkk saya antri solar jam gilir antri saya aplikasi erorr gabisa bayarrr busukk
Jembut Koe,1,2025-10-17 22:01:53,"Pelayanan Pertamina Semakin Buruk hampir di semua SPBU Bnyak Yg Tidak Menerima Pembayaran Melayani Menggunakan aplikasi My Pertamina Tidak Memuaskan ,Masih Bnyak SPBU yg tidak berfungsi Pakai Aplikasi Ini, Percuma Download Udah Capek2 Antri giliran mau isi Gak Bisa,Pelayanan Bobrok tidakBerkualitas. Gak Punya Malu Sama Pesaingnya Yg Gercep Dalam melayani Konsumen Pembayaran apa aja bisa gak pakai ribet gak bnyak alasan. melayani tidak sepenuh Hati Cuma Di Pertamina.",Negatif,layan pertamina makin buruk hampir semua spbu bnyak tidak terima bayar layan guna aplikasi my pertamina tidak muas masih bnyak spbu tidak fungsi pakai aplikasi percuma download udah capek antri gilir mau isi gak bisapelayanan bobrok tidakberkualitas gak punya malu sama saing gercep dalam layan konsumen bayar apa aja bisa gak pakai ribet gak bnyak alas layan tidak sepenuh hati cuma pertamina
Yuda Wira Tama,4,2025-10-17 20:57:31,"barcode saya kepakai orang SPBU , jadi nya keblokir nihh tolong dong untuk buka blokiran nya di permudah",Positif,barcode saya pakai orang spbu jadi nya blokir nihh tolong dong buka blokir nya mudah
Imam Zub,1,2025-10-17 19:29:19,"kocak ini , tiba"" barcode ke blokir sendiri, aneh bnr, mana ribet bnr ngurus nya",Negatif,kocak tiba barcode blokir sendiri aneh bnr mana ribet bnr ngurus nya
SOLAHUDIN,1,2025-10-17 18:02:56,Ga jelas aplikasinya,Negatif,tidak jelas aplikasi
Santo Forever87,1,2025-10-17 15:15:23,"Aplikasi jelek pantes aja sebagian orang lbh pilih spbu swasta daripada pertamina, tahu sendiri lah alasannya",Negatif,aplikasi jelek pantes aja bagi orang lbh pilih spbu swasta daripada pertamina tahu sendiri lah alas
Yoga Ahmad Handoko,5,2025-10-17 15:10:54,Aplikasi yang sangat membantu,Positif,aplikasi sangat bantu
Legenda Patahhati,4,2025-10-17 14:23:05,"telp customer service habis 30 RB, bingung, mendingan lngsung ke spbu",Positif,telp customer service habis rb bingung mending lngsung spbu
m.syahid pamungkas syahid,5,2025-10-17 13:41:00,alhamdulillah,Positif,alhamdulillah
Hariyanto,1,2025-10-17 12:55:57,"Parah mypertamina, setelah scan barcode pembayaran kartu kredit bri malah muter sangat lama, akhirnya aku batalin & bayar cash Lah 2 hari kemudian ternyata aku cek di tagihan muncul & berhasil ini sangat parah & merepotkan Setelah besok aku urusin ke SPBU langsung akan aq UNINSTAL aplikasi ini",Negatif,parah mypertamina telah scan barcode bayar kartu kredit bri malah muter sangat lama akhir aku batalin bayar cash lah hari kemudian nyata aku cek tagih muncul hasil sangat parah repot telah besok aku urusin spbu langsung akan aq uninstal aplikasi
Maman Muharman,1,2025-10-17 12:46:18,kenapa Spbu sudah ada logo My Pertamina tapi isi pertalite Motor saya tidak bisa di jalur khusus My Pertamina tersebut. sangat kecewa,Negatif,kenapa spbu sudah ada logo my pertamina tapi isi pertalite motor saya tidak bisa jalur khusus my pertamina sebut sangat kecewa
Amir Tanadi,5,2025-10-17 10:45:02,ok,Positif,ok
Pedrosa Damanik,5,2025-10-17 09:58:39,top,Positif,top
Maulana Malik Ibrahim,5,2025-10-17 07:52:50,kereen nih,Positif,kereen nih
Eko Budisatoto,5,2025-10-17 07:31:57,transaksi yang memudahkan pelanggan,Positif,transaksi mudah langgan
chandra helmy,5,2025-10-17 07:06:53,Semoga mendapatkan banyak reward😁,Positif,moga dapat banyak reward
Ronnii Ramdannii,1,2025-10-17 06:26:43,"lupa password ngga bisa terus, ""coba lagi lain waktu"" terus aja kya gtu keterangan nya, udh nyoba lain waktu, lain hari, lain minggu, SAMA AJA.. Aplikasi mempersulit rakyat.",Negatif,lupa password ngga bisa terus coba lagi lain waktu terus aja kya gtu terang nya udh nyoba lain waktu lain hari lain minggu sama aja aplikasi sulit rakyat
Iwan Hendrawan,5,2025-10-17 06:09:12,efisiensi dan sehat,Positif,efisiensi sehat
hantu 69,1,2025-10-17 04:39:04,"2X pas mau isi bbm pas scan mental. yang bermasalah aplikasinya yang sampah,sinyalnya yang cacat atau operator dari spbunya",Negatif,x pas mau isi bbm pas scan mental masalah aplikasi sampahsinyalnya cacat atau operator spbunya
Ahmad Darius,5,2025-10-17 02:57:51,oke,Positif,oke
RIZAL CARGO,5,2025-10-17 00:38:04,mantap,Positif,mantap
Nugroho Dwi Safria,5,2025-10-17 00:30:49,baguuuus sekali,Positif,baguuuus sekali
Siti Aisyah,1,2025-10-16 22:40:58,"aplikasi map ny ga bisa di rating so rating disini aja. Tlong pihak IT yang bkin aplikasi tampilan nya yg wajar"" aja, gausah ribet nyusahin update terbaru ini, masa tiap input transaksi harus verifikasi, lu kira robot yg ngisi kah? yang normal"" aja. Saran saya kembali ke tampilan lama aja, kan gas itu ada batasan yang dikasih perbulan, lebih enak ngecek ny kalo di versi lama atau ga lu kasih notif kalo udah capai limit, pencarian nik jg tampilin dong rekomen biar cpt, jgn nyusahin orang.",Negatif,aplikasi map ny tidak bisa rating so rating sini aja tlong pihak it bkin aplikasi tampil nya wajar aja gausah ribet nyusahin update baru masa tiap input transaksi harus verifikasi lu kira robot ngisi kah normal aja saran saya kembali tampil lama aja kan gas ada batas kasih bulan lebih enak ngecek ny kalo versi lama atau tidak lu kasih notif kalo udah capai limit cari nik jg tampilin dong rekomen biar cpt jgn nyusahin orang
Nikola Pratama,2,2025-10-16 22:33:08,semua lokasi spbu tidak sesuai dengan google map,Negatif,semua lokasi spbu tidak sesuai google map
wulan asmara sejati,5,2025-10-16 21:54:08,Bagus,Positif,bagus
AchmadPutra Tunggal,1,2025-10-16 20:05:19,"Aplikasi yg mempersulit masyarat untuk membeli bbm bersubsidi,,, kalo ada yg sylit kenapa harus yg mudah,,, konoha gitu lho😀😀😀😀",Negatif,aplikasi sulit masyarat beli bbm subsidi kalo ada sylit kenapa harus mudah konoha gitu lho
Udin Aja,1,2025-10-16 18:48:29,updatenya nyusahin orang udh bagus kayak kemarin kemarin ini diperbarui bukannya mempermudah malah ribet,Negatif,updatenya nyusahin orang udh bagus kayak kemarin kemarin baru bukan mudah malah ribet
Ruslan Sattar,5,2025-10-16 18:25:38,mantul,Positif,mantul
Abdul Rohman,1,2025-10-16 17:50:24,kasi promo cashback kek,Negatif,kasi promo cashback kek
Budie Wiesono,5,2025-10-16 16:43:13,good,Positif,good
NdreJulian,5,2025-10-16 15:24:30,memudahkan saya,Positif,mudah saya
Angga Yunandha,5,2025-10-16 15:05:41,semakin sukses dan terus maju,Positif,makin sukses terus maju
Aldy Hero,5,2025-10-16 14:56:47,pertamina the best,Positif,pertamina the best
bung ben,1,2025-10-16 14:28:06,ribet susah registrasinya,Negatif,ribet susah registrasi
Herawati Kefas,5,2025-10-16 13:35:42,ini aplikasi pertamina yg asli yaa,Positif,aplikasi pertamina asli yaa
Ligia Baskoro,1,2025-10-16 13:10:27,ternyata ga semua spbu bisa bayar pake my pertamina alasannya edcnya belum updet,Negatif,nyata tidak semua spbu bisa bayar pake my pertamina alas edcnya belum updet
Yer Rr,1,2025-10-16 12:47:14,Jelek muter Mulu bangke,Negatif,jelek muter mulu bangke
Mayang Saridewi,5,2025-10-16 12:46:03,keren,Positif,keren
Frans Sanjaya,5,2025-10-16 12:03:43,4 jam antrian baru bisa ngisi solar,Positif,jam antri baru bisa ngisi solar
suwanto to,5,2025-10-16 10:19:46,sangat membantu bagi pengguna pertalite,Positif,sangat bantu bagi guna pertalite
Marsono Hadi,5,2025-10-16 08:44:09,OK,Positif,ok
andhika anggoro,1,2025-10-16 08:24:22,"makin gk jelas, gk bisa banding buat daftarin ulang barcode nya",Negatif,makin tidak jelas tidak bisa banding buat daftarin ulang barcode nya
Farhan,5,2025-10-16 08:08:27,mantap,Positif,mantap
sugianti 143,5,2025-10-16 08:05:28,good,Positif,good
Wiwi Pertiwi,5,2025-10-16 07:23:12,Semoga pertamina dapat menjaga kualitas bensinnyab,Positif,moga pertamina dapat jaga kualitas bensinnyab
PROPERTY KOTA METRO,5,2025-10-16 07:13:34,bagus sekali,Positif,bagus sekali
Fritz Yohanes William,5,2025-10-16 07:10:19,mantap pertamina,Positif,mantap pertamina
Diman Ajah TV,1,2025-10-15 22:54:57,percuma ada my Pertamina beberapa SPBU swasta tidak mengunakan my Pertamina dan tetap mengantri hadeh,Negatif,percuma ada my pertamina beberapa spbu swasta tidak mengunakan my pertamina tetap antri hadeh
Yanti Setiawan,5,2025-10-15 21:31:36,"sangat membantu , ga perlu antri panjang sekaliii",Positif,sangat bantu tidak perlu antri panjang sekaliii
Totok Suwanto,5,2025-10-15 18:43:05,QR terblokir lama banget. semoga cepat ditangani,Positif,qr blokir lama banget moga cepat tangan
Wawan Kurniawan,5,2025-10-15 17:10:08,ok banget,Positif,ok banget
Muhamad Ridwan,5,2025-10-15 16:30:46,mempermudah dan praktis,Positif,mudah praktis
VcX_666_XcV,5,2025-10-15 16:22:50,work,Positif,work
Diyah Triyawati,5,2025-10-15 15:34:38,jelek,Positif,jelek
Gear Corei5,2,2025-10-15 15:07:40,"Aplikasi Masih perlu perbaikan, Tidak bisa membeli E-voucher dengan metode pembayaran AstraPay",Negatif,aplikasi masih perlu baik tidak bisa beli evoucher metode bayar astrapay
Muzakir,1,2025-10-15 15:06:18,"aplikasi Masih perlu perbaikan, Tidak bisa membeli E-voucher dengan metode pembayaran AstraPay",Negatif,aplikasi masih perlu baik tidak bisa beli evoucher metode bayar astrapay
Fransiskus Mul,5,2025-10-15 14:47:33,mudah dan cepat,Positif,mudah cepat
URIRARA FAMILY,5,2025-10-15 13:47:14,good service,Positif,good service
ABDUL AZIZ,5,2025-10-15 12:48:10,bagus membantu nontunai,Positif,bagus bantu nontunai
Budi Sulistiya,5,2025-10-15 11:13:32,bermanfaat,Positif,manfaat
revina .25,5,2025-10-15 09:49:37,sangat beik,Positif,sangat beik
Raffi Attar hariman,5,2025-10-15 09:45:58,bagus,Positif,bagus
taufik urohman,5,2025-10-15 09:41:50,Report aja nih biar ilang apk nya bikin ribet aja,Positif,report aja nih biar ilang aplikasi nya bikin ribet aja
Sandi Furiyanto,5,2025-10-15 08:56:34,bagus,Positif,bagus
Beny Prabowo,5,2025-10-15 08:44:54,input kendaraan lwt aplikasi gak bisa tp kl lwt web bisa malah sdh terverifikasi. pas dimasukkan ulang lwt aplikasi kendaraan tdk dikenali,Positif,input kendara lwt aplikasi gak bisa tp kl lwt web bisa malah sdh verifikasi pas masuk ulang lwt aplikasi kendara tidak nali
Efrianto Arya,5,2025-10-15 08:25:16,mantab,Positif,mantab
Ato Sutarsa,1,2025-10-15 04:45:19,aplikasi tolol,Negatif,aplikasi tolol
Bento Boy,5,2025-10-15 02:42:33,baik,Positif,baik
Novrita Mujrah,5,2025-10-14 23:43:02,bagus,Positif,bagus
Randi Abdilah,5,2025-10-14 23:34:22,"tolong aplikasinya ditingkatkan lagi . bikin barcode buat member dong , jadi walau isi pakai cash bisa langsung dapat poin pakai scan barcode / pakai nomer hp terdaftar . karena sangat susah untuk dapet poin !!!",Positif,tolong aplikasi tingkat lagi bikin barcode buat member dong jadi walau isi pakai cash bisa langsung dapat poin pakai scan barcode pakai nomer hp daftar karena sangat susah dapet poin
acil 1998,5,2025-10-14 19:35:25,mantul,Positif,mantul
boboy 67,5,2025-10-14 18:31:57,mantap,Positif,mantap
Ddy Rnsr2,1,2025-10-14 17:01:39,ga jelas,Negatif,tidak jelas
leonita lisha,5,2025-10-14 14:52:12,bagus..anda dpt 5 bintang,Positif,bagusanda dpt bintang
Adam Effendi,4,2025-10-14 12:53:21,good,Positif,good
A Rahman Dani,5,2025-10-14 12:22:46,sesuai prosedur pengisiannya,Positif,sesuai prosedur isi
Muhamad Ilham,1,2025-10-14 11:54:11,mohon maaf kepada admin my pertamina saya sanget kecewa beberapa kali saya daptar ulang untuk mendapatkan barcode subsidi tepat hasilnya selalu gagal terus tolong perbaiki lagi sistem nya apalagi saya sangat membutuhkan soalnya yang saya pegang kendaraan ambulance untuk menolong warga masyarakat miskin,Negatif,mohon maaf kepada admin my pertamina saya sanget kecewa beberapa kali saya daptar ulang dapat barcode subsidi tepat hasil selalu gagal terus tolong baik lagi sistem nya apalagi saya sangat butuh soal saya pegang kendara ambulance tolong warga masyarakat miskin
Ary Nugroho,1,2025-10-14 11:39:27,"reset sendiri 1 bulan tidak bisa, giliran bayar lewat calo 1 jam langsung jafi barcode nya. siapa yang bermain?",Negatif,reset sendiri bulan tidak bisa gilir bayar lewat calo jam langsung jafi barcode nya siapa main
Azami Style,4,2025-10-14 11:10:36,"sedikit lama tunggu OTP,,jika jam sibuk bisa membuat antrian panjang,,,🙏",Positif,sedikit lama tunggu otpjika jam sibuk bisa buat antri panjang
Adi Guritno,4,2025-10-14 10:23:47,bagus,Positif,bagus
Jefry Nurlaha,5,2025-10-14 08:44:30,praktis,Positif,praktis
Romli Romli Jak,5,2025-10-14 08:08:42,🙄😂👍 Bagus kok jujur 😄,Positif,bagus kok jujur
MARMON S MUHAM,5,2025-10-14 08:07:00,simpel dan sangat membantu,Positif,simpel sangat bantu
Semajijaya Aditama,5,2025-10-14 07:31:10,cepat dan praktis,Positif,cepat praktis
Fauzi Rachman,5,2025-10-14 06:10:42,mantap,Positif,mantap
Feri Anggriawan,1,2025-10-14 00:12:18,"parah sudah hampir satu bulan tidak ada kejelasan, kendala mau beli solar pake aplikasi saldo sudah terpotong dari one klik bca, tapi pihak spbu tidak mau ngisi alasan belum berhasil, sampe skrng tidak ada kejelasan sudah mau satu bulan,",Negatif,parah sudah hampir satu bulan tidak ada jelas kendala mau beli solar pake aplikasi saldo sudah potong one klik bca tapi pihak spbu tidak mau ngisi alas belum hasil sampe skrng tidak ada jelas sudah mau satu bulan
anwar ilahi,5,2025-10-13 23:32:12,Mantap,Positif,mantap
Cak ali Ali,5,2025-10-13 22:02:28,sangat membantu sekali,Positif,sangat bantu sekali
Muhammad Oka Maulana,4,2025-10-13 21:47:23,"Kenapa SPBU Mewajibkan harus link aja? padahal ada pilihan menghubungkan melalui gopay dll, toh sama² menggunakan aplikasi my pertamina, kami sampai harus putar balik & tidak dilayani cashless, karena harus linkaja, seharusnya bebas yg penting scan nya menggunakan aplikasi mypertamina",Positif,kenapa spbu wajib harus link aja padahal ada pilih hubung lalu gopay dll toh sama guna aplikasi my pertamina kami sampai harus putar balik tidak layan cashless karena harus linkaja harus bebas penting scan nya guna aplikasi mypertamina
Bungomedia,5,2025-10-13 21:30:40,"Mohon Untuk Pertamina tidak menetapkan hal2 yang merugikan konsumen. Seperti STNK harus di Lihatkan atau Lainya yang bersifat Pribadi, Cukup Gunakan Barcode yang ada.",Positif,mohon pertamina tidak tetap hal rugi konsumen seperti stnk harus lihat atau lai sifat pribadi cukup guna barcode ada
Suwar No,5,2025-10-13 19:17:28,putraeka,Positif,putraeka
Amran Marhamid,5,2025-10-13 18:27:12,keren,Positif,keren
Erick Ardian 7km,1,2025-10-13 18:26:57,aplikasi pembodohan rakyat. slalu update terbaru pembaruan trus seolah2 rakyat susah slalu dibuat susah byar tunai aja di persulit,Negatif,aplikasi bodoh rakyat slalu update baru baru trus olah rakyat susah slalu buat susah byar tunai aja sulit
Akbar Sabani,1,2025-10-13 17:00:46,"solusi yang anda berikan terlalu template. Aplikasi yang dibuat justru menyengsarakan masyarakat tidak semua masyarakan mengerti, saya yang mengerti saja aplikasinya tetap bermasalah. Baik dengan masalah sederhana untuk melengkapi data diri yang tidak bisa. Lalu ketika dihubungi diberikan saran hapus akun, masalah pilihan penghapusan akun yang tidak ada hubungan relevan. Dan akun yang tidak kunjung dihapus dikarnakan aplikasi bermasalah. blum layak buat aplikasi tapi maksa",Negatif,solusi anda ikan terlalu template aplikasi buat justru sengsara masyarakat tidak semua masyarakan erti saya erti saja aplikasi tetap masalah baik masalah sederhana lengkap data diri tidak bisa lalu ketika hubung beri saran hapus akun masalah pilih hapus akun tidak ada hubung relevan akun tidak kunjung hapus dikarnakan aplikasi masalah blum layak buat aplikasi tapi maksa
Agus Biantoro,5,2025-10-13 16:50:49,sangat baik,Positif,sangat baik
Abdul Rahim,5,2025-10-13 16:18:05,oke Banget,Positif,oke banget
riva mediano,1,2025-10-13 16:11:45,Sudah 2 kali metode pembayaran menggunakan BRI SELALU GAGAL !!!!!,Negatif,sudah kali metode bayar guna bri selalu gagal
Yusuf Evi,5,2025-10-13 16:00:28,sangat berguna,Positif,sangat guna
Bonsai Babel,5,2025-10-13 13:36:58,mantap,Positif,mantap
Delly Delly,4,2025-10-13 12:42:30,barqode terblokir tidak bisa dibuka lagi,Positif,barqode blokir tidak bisa buka lagi
Azanul Asyri,2,2025-10-13 12:39:58,mau reset password bisa terus Bagaimana ini. barcode di blokir kacau .,Negatif,mau reset password bisa terus bagaimana barcode blokir kacau
Jay udiin,2,2025-10-13 10:10:47,daftar udah LM tapi sdah 4 bulan yg lalu smpai skarang tidak bisa login isi pertalite..,Negatif,daftar udah lm tapi sdah bulan lalu smpai skarang tidak bisa login isi pertalite
bocah solo,1,2025-10-13 09:52:35,"masa iya, saldo refund ev charging udah seminggu gak masuk2, pantes sepi tempat charge mobil nya ternyata pelayanan nya jelek",Negatif,masa iya saldo refund ev charging udah minggu gak masuk pantes sepi tempat charge mobil nya nyata layan nya jelek
Palupi Boyolali,5,2025-10-13 09:11:00,pelayanan baik dan ramah,Positif,layan baik ramah
Dwi ari Amelia,5,2025-10-13 09:07:06,mantap,Positif,mantap
M. Fauzi,5,2025-10-13 08:33:35,josss,Positif,josss
sepri chanel,1,2025-10-13 06:31:33,"kendaraan yang didaftarkan hilang,,,mau verifikasi profil gagal terus...buat barcode tak bisa,,tak bisa isi bensin...klw tak ada barcode",Negatif,kendara daftar hilangmau verifikasi profil gagal terusbuat barcode tak bisatak bisa isi bensinklw tak ada barcode
yudi prihartanto,5,2025-10-13 05:40:25,Semoga kedepannya di aplikasi ini bisa melihat SPBU mana saja yang pembayarannya juga menerima pembayaran non tunai waktu ngisi bbm,Positif,moga depan aplikasi bisa lihat spbu mana saja bayar juga terima bayar non tunai waktu ngisi bbm
AMG 41,1,2025-10-12 22:56:31,"hati² buat yang ngisi data diri di aplikasi ini, karna data kalian dijual di darkweb, silahkan cek aktifitas email kalian kalau tidak percaya",Negatif,hati buat ngisi data diri aplikasi karna data kalian jual darkweb silah cek aktifitas email kalian kalau tidak percaya
mutia ajizah,1,2025-10-12 22:40:17,"kenapa saat klik reset kata sandi di inbox email, malah di arahkan ke aplikasi lagi dan ya gitu aja, gak ada suruh isi sandi baru ato apapun. gmna sih aplikasi nya",Negatif,kenapa saat klik reset kata sandi inbox email malah arah aplikasi lagi ya gitu aja gak ada suruh isi sandi baru ato apa gmna sih aplikasi nya
Herilukito544 Lukito,1,2025-10-12 22:23:28,"stelah update apk mah buruk ,, apa buruk emang",Negatif,stelah update aplikasi mah buruk apa buruk emang
Dar Mono,5,2025-10-12 21:43:34,sangat cepat mantap,Positif,sangat cepat mantap
Eko Supriyanto,5,2025-10-12 20:11:00,mantap,Positif,mantap
Sahaya Haya,1,2025-10-12 19:18:40,"Sangat buruk! kenapa setiap mau ganti kata sandi malah ga bisa? alasannya karena koneksi, tolong dong ditingkatin lagi, percuma banget ini! hal seperti ini kenapa kalian persulit sih?!",Negatif,sangat buruk kenapa tiap mau ganti kata sandi malah tidak bisa alas karena koneksi tolong dong ditingkatin lagi percuma banget hal seperti kenapa kalian sulit sih
Roby not a robot,1,2025-10-12 19:07:30,"Udah bbm jelek, tinggi sulfur, mahal pula firaun sama abu lahab aja kagum liat kelakuan lu, katanya di suruh cinta produk lokal tapi lu sendiri impor dari luar negeri.l",Negatif,udah bbm jelek tinggi sulfur mahal pula firaun sama abu lahab aja kagum liat laku lu kata suruh cinta produk lokal tapi lu sendiri impor luar negeril
indra marius,4,2025-10-12 19:04:19,siring nge lag,Positif,siring nge lag
No reply,1,2025-10-12 18:43:46,"beberapa kali pas mau bayar gagal scan. gua kira kameranya, tapi ternyata aplikasi. hadeuh bikin ribet, udah gitu banyak banyak banyak banget pertamina gak mau pake qris. kapan majunya.",Negatif,beberapa kali pas mau bayar gagal scan gua kira kamera tapi nyata aplikasi hadeuh bikin ribet udah gitu banyak banyak banyak banget pertamina gak mau pake qris kapan maju
Heru Tri,5,2025-10-12 12:24:05,bagus,Positif,bagus
Sansan Arisandi,5,2025-10-12 12:10:39,baik,Positif,baik
Jakfar Sadek,5,2025-10-12 10:53:12,bagus sempurna,Positif,bagus sempurna
Thomas Bahrum,5,2025-10-12 07:12:13,terlalu ribet cara menggunakan nya apa sya yg ngga bisa ... see,Positif,terlalu ribet cara guna nya apa sya ngga bisa see
Sam Therapist,1,2025-10-12 07:00:35,Ribet,Negatif,ribet
Abdul Karim,5,2025-10-12 06:02:37,Pertamina sangat mendukung aadanya my pertamina untuk masyarat yang kurang mampu terima kasih pertamina,Positif,pertamina sangat dukung aadanya my pertamina masyarat kurang mampu terima kasih pertamina
Newvario 150,1,2025-10-11 22:59:09,jarang promo...apk BUMN ga ada yang becus.....korupsi aja,Negatif,jarang promoapk bumn tidak ada becuskorupsi aja
Wielantara Pandu,4,2025-10-11 20:57:16,"sekarang terpaksa pakai bensin dari Pertamina, tiap beli Pertamax Turbo, gak berani beli Pertamax (apalagi pertalite) masih ragu dg kualitas Pertamina. semenjak Shell dan BP kehabisan stok bahan bakar, sekarang Pertamina mayoritas antri. sebelumnya rutin menggunakan Shell, mayoritas Shell super dan sesekali Shell V-Power. dari feeling berkendara aja jauh kok antara Pertamax Turbo yg klaim nya RON 98, dibanding V-Power yg 95, dan shell V-Power tetap paling enak (mesin halus, tarikan enteng).",Positif,sekarang paksa pakai bensin pertamina tiap beli pertamax turbo gak berani beli pertamax apalagi pertalite masih ragu dg kualitas pertamina semenjak shell bp habis stok bahan bakar sekarang pertamina mayoritas antri belum rutin guna shell mayoritas shell super sekal shell vpower feeling kendara aja jauh kok antara pertamax turbo klaim nya ron banding vpower shell vpower tetap paling enak mesin halus tari enteng
Bima dimentri Awijan,5,2025-10-11 19:56:19,pertalite top,Positif,pertalite top
ismail akbar,5,2025-10-11 18:40:47,good.. jangan nyusahin rakyat lagi ya bigbosss,Positif,good jangan nyusahin rakyat lagi ya bigbosss
AndiAndeng Mannyanderi,5,2025-10-11 18:39:32,mantap,Positif,mantap
Kelvin,1,2025-10-11 17:38:36,navigasi ngaco,Negatif,navigasi ngaco
Alimudin Magari,1,2025-10-11 17:34:56,aplikasi pemerintah ga ada yg bener IT nya lulusan tk semua,Negatif,aplikasi perintah tidak ada bener it nya lulus tk semua
Ando Ando,1,2025-10-11 16:10:36,"aplikasih sampah, di gopay sudah sukses tp di my pertamina tidak ada masuk transaksi, komplain ke spbu tidak mau tanggung jawab komplain ke my pertamina sudah 2 minggu tidak ada ada penyelesaian kalau belum siap ikuti zaman gak usah buat aplikasi wwoii",Negatif,aplikasih sampah gopay sudah sukses tp my pertamina tidak ada masuk transaksi komplain spbu tidak mau tanggung jawab komplain my pertamina sudah minggu tidak ada ada selesai kalau belum siap ikut zaman gak usah buat aplikasi wwoii
Fu tih,5,2025-10-11 15:09:35,petugas jangan gaptekh,Positif,tugas jangan gaptekh
Eendri Sohadi,5,2025-10-11 12:40:18,mantap,Positif,mantap
al dino,1,2025-10-11 11:38:46,registrasi baru ga bisa diklik lanjut. stuck di registrasi dipencet pencet ga bisa,Negatif,registrasi baru tidak bisa klik lanjut stuck registrasi pencet pencet tidak bisa
Nyai otoline,1,2025-10-11 10:17:15,gimana si di update malah ga bisa masuk,Negatif,gimana si update malah tidak bisa masuk
Dicky Supratman,5,2025-10-11 09:44:05,my pert oke banget dech,Positif,my pert oke banget dech
Lalu R Zakaria,4,2025-10-11 09:14:19,mendaftarkan mobil baru dan hapus mobil lama dengan no hp yang sama tak bisa akses dan tidak bisa registrasi serta terhapus,Positif,daftar mobil baru hapus mobil lama no hp sama tak bisa akses tidak bisa registrasi serta hapus
Sultan Baen,4,2025-10-11 09:09:28,Baik/Goods❤️🤍🇲🇨💫🌈🌏,Positif,baikgoods
Dina Melisa,5,2025-10-11 07:49:07,sangat memuaskan,Positif,sangat muas
Nurhayat Navy,4,2025-10-11 07:29:51,proses cepat,Positif,proses cepat
Adi Arifin,1,2025-10-11 03:33:53,"tidak bisa tambah metode pembayaran, loading terus, layar putih jaringan internet aman, HP gak kentang masak gabisa🥲",Negatif,tidak bisa tambah metode bayar loading terus layar putih jaring internet aman hp gak kentang masak gabisa
Darma Budi,5,2025-10-10 21:30:41,baik dan cepat,Positif,baik cepat
Rifqi Rehan,1,2025-10-10 21:16:38,apa fungsinya applikasi ini kalo ga dilayanin sama orang spbu,Negatif,apa fungsi applikasi kalo tidak dilayanin sama orang spbu
Agung Putra 96,1,2025-10-10 20:44:28,"udh di ubah data nya untuk mendapatkan QR Code malah gagal Mulu. di perbantuan tapi tidak responsif, mending Aplikasi Asia",Negatif,udh ubah data nya dapat qr code malah gagal mulu bantu tapi tidak responsif mending aplikasi asia
Imam Tamtowi Tamtowi,5,2025-10-10 20:41:51,Setelah dapat balasan dari mypertamina tinggal menghubungkan data diri sudah bisa kembali,Positif,telah dapat balas mypertamina tinggal hubung data diri sudah bisa kembali
Evrilio Zaigon,5,2025-10-10 20:15:32,semakin ribet tapi tukang cor BBM tetap saja banyak di daerah kami SPBU tebing suluh kec.lempuing kab.OKI SUMSEL,Positif,makin ribet tapi tukang cor bbm tetap saja banyak daerah kami spbu tebing suluh keclempuing kaboki sumsel
Rendy Pangalila,4,2025-10-10 19:03:34,sulit daftar nya gagal terus,Positif,sulit daftar nya gagal terus
Indra Leonardi,5,2025-10-10 18:52:12,"BCA oneklik kadang bermasalah, minta OTP terus, tp gak masuk - masuk OTPnya. Pulsa mah aman, signal ada.",Positif,bca oneklik kadang masalah minta otp terus tp gak masuk masuk otpnya pulsa mah aman signal ada
Meichael Kristofel,5,2025-10-10 18:16:57,Mantap 👍🏼👍🏼,Positif,mantap
JOPI FERUTOMO,5,2025-10-10 15:17:47,mantappp,Positif,mantappp
Yogi Cibuntu,1,2025-10-10 14:55:10,aplikasi tidak bisa digunakan. tidak bisa scan QR code dan akun tidak bisa masuk,Negatif,aplikasi tidak bisa guna tidak bisa scan qr code akun tidak bisa masuk
Muhammad Yusuf,5,2025-10-10 12:34:13,bagus banget,Positif,bagus banget
Aas Gunarto,5,2025-10-10 11:24:47,semoga semakin baik,Positif,moga makin baik
hari suharto,1,2025-10-10 10:19:55,jelek,Negatif,jelek
novli miko,5,2025-10-10 09:30:21,jos pertamina,Positif,jos pertamina
Afrian Dwi,1,2025-10-10 09:14:41,akun saya tidak bisa di buka dengan alasan terblokir...kocak,Negatif,akun saya tidak bisa buka alas terblokirkocak
Ron E,5,2025-10-10 07:41:24,mantap diskonnya,Positif,mantap diskon
Edwards Silaen,5,2025-10-10 07:30:28,pelayanan cukup baik,Positif,layan cukup baik
Refat Sakier,5,2025-10-10 06:47:25,saya suka,Positif,saya suka
Rika Wardoyo,1,2025-10-10 05:32:20,katanya setiap jumat ada potongan hrg...tp kok sy tdk dpt potongan tsb? mohon penjelasannya .,Negatif,kata tiap jumat ada potong hrgtp kok sy tidak dpt potong tsb mohon jelas
alif pratama,5,2025-10-10 05:05:41,cepat tepat dan efektif,Positif,cepat tepat efektif
Fredy Tama,4,2025-10-10 04:39:58,good,Positif,good
"Yohanes M,O Matatula",5,2025-10-09 19:53:46,sangat bagus dan sangat membantu dari antrian👍 teri?a kasih mypertamina🙏🙏🙏,Positif,sangat bagus sangat bantu antri ria kasih mypertamina
fajar adam,1,2025-10-09 19:11:15,tidak mendapatkan informasi.. layanan chat nadia selalu di putus setelah menunggu 16 antrian.. tidak bisa mendaftarkan nomor kendaraan padahal dokumen lengkap,Negatif,tidak dapat informasi layan chat nadia selalu putus telah tunggu antri tidak bisa daftar nomor kendara padahal dokumen lengkap
Rolly Septa,5,2025-10-09 15:51:53,"sudah di update, gak bisa masuk lagi,knp ya",Positif,sudah update gak bisa masuk lagiknp ya
Muhammad khan,5,2025-10-09 15:43:21,mantap. mudah cepat,Positif,mantap mudah cepat
MH-02,5,2025-10-09 15:43:06,setelah ikut arahan CS nya.akhirnya berhasil daftar subsidi tepat.,Positif,telah ikut arah cs nyaakhirnya hasil daftar subsidi tepat
Acung Irawan,1,2025-10-09 14:10:08,buat apa bikin aplikasi kalo tidak bisa di pakai untuk pembayaran di setiap Spbu,Negatif,buat apa bikin aplikasi kalo tidak bisa pakai bayar tiap spbu
Akim Harmain,2,2025-10-09 13:51:21,woi banyak yang nolak pake ini apk buat isi BBM dimotor . tolong lah benahi,Negatif,woi banyak nolak pake aplikasi buat isi bbm motor tolong lah benah
Nabuhide Escanor,5,2025-10-09 13:23:21,ok,Positif,ok
NUR FATONI,1,2025-10-09 13:00:20,"ribet mau munculon barkot nya aja slh mulu ,mau brli bensin pembayaean cash aja ribet dan susah,",Negatif,ribet mau munculon barkot nya aja slh mulu mau brli bensin pembayaean cash aja ribet susah
Reni Priantini1,5,2025-10-09 10:53:26,baru di spbu ini pelayanan cepat tapi biasakan RAMAH yaaa untuk semua pegawainya dan CEPAT juga trims,Positif,baru spbu layan cepat tapi biasa ramah yaaa semua pegawai cepat juga trims
dede dede,5,2025-10-09 10:20:30,cepat pelayanan nya,Positif,cepat layan nya
Nuh Aidil,1,2025-10-09 09:01:57,"aplikasi sialan, untuk login susah banget nunggu kode otp gak muncul muncul sampe habis 4x percobaan, developer nya niat buat apk gak sih?",Negatif,aplikasi sial login susah banget nunggu kode otp gak muncul muncul sampe habis x coba developer nya niat buat aplikasi gak sih
Sony Macho,5,2025-10-09 08:47:33,keren,Positif,keren
Rey Al,1,2025-10-09 08:31:37,sekelas raksasa pertamina aplikasi IT nya cuma bisa begini kayak ga ada reaksi aoa apa saat mau ganti PIN karna lelupaan.malu dong,Negatif,kelas raksasa pertamina aplikasi it nya cuma bisa begini kayak tidak ada reaksi aoa apa saat mau ganti pin karna lelupaanmalu dong
asolole chanel,5,2025-10-09 08:29:15,goodjob,Positif,goodjob
Joko Heri Prasetyo,1,2025-10-09 06:53:39,"aplikasi gk jelas, barcode pribadi saya terblokir secara tiba2 tidak ada notifikasi sama sekali di email ataupun sms, yg anehnya lagi dsuruh urus untuk perbaikan segala pakai surat pernyataan pakai foto bpkb tapi malah gak di setujui 🤣, lebih anehnyaaaaa lagi di setiap SPBU di kota saya banyak yg antri pengetap pertalite dengan pakai barcode ganti2 tapi di layani terus hahahhahaaa lucu memang ya, berbanding jauh sama spbu swasta mengenai peraturan.",Negatif,aplikasi tidak jelas barcode pribadi saya blokir cara tiba tidak ada notifikasi sama sekali email atau sms aneh lagi dsuruh urus baik segala pakai surat nyata pakai foto bpkb tapi malah gak tuju lebih anehnyaaaaa lagi tiap spbu kota saya banyak antri ketap pertalite pakai barcode ganti tapi layan terus hahahhahaaa lucu memang ya banding jauh sama spbu swasta kena atur
Nona Dian,5,2025-10-09 06:50:57,very good,Positif,very good
A Gus,5,2025-10-09 06:45:59,mantap,Positif,mantap
Sidiq Nurfaqih,1,2025-10-09 01:21:41,"qris ada jamnya, my pertamina eror mulu bilangnya. ngga jelas kalah sama sebelah qris 24 jam",Negatif,qris ada jam my pertamina eror mulu bilang ngga jelas kalah sama belah qris jam
Alvi syahrin Nst,1,2025-10-08 22:43:43,"Kode otp tidak pernah terkirim,padahal nomor hp sudah pas",Negatif,kode otp tidak pernah terkirimpadahal nomor hp sudah pas
Angga Adera,1,2025-10-08 22:29:12,"aplikasi membingungkan, diperbaharui makin gak berguna, tidak bisa reset barcode, menyulitkan masyarakat buat ngisih minyak ,",Negatif,aplikasi bingung baharu makin gak guna tidak bisa reset barcode sulit masyarakat buat ngisih minyak
Heo Dhera,5,2025-10-08 22:14:24,mantap 👌🙏,Positif,mantap
Hafidh Fadhlurahman,1,2025-10-08 21:40:07,"ngeribetin ,ngirim otp lama juga",Negatif,ngeribetin ngirim otp lama juga
Yujin Pasaribu,5,2025-10-08 20:53:27,mantap,Positif,mantap
Cholifah Ifah,1,2025-10-08 20:33:26,RUWETTTTT,Negatif,ruwettttt
Faizal Yusuf,1,2025-10-08 19:45:30,"pas mau bayar muter doang , 1 menit pertama gagal yg kedua gagal yg ketiga gagal. tolong diperbaiki lagi",Negatif,pas mau bayar muter doang menit pertama gagal dua gagal tiga gagal tolong baik lagi
Narulita Kusumaningsih,5,2025-10-08 19:38:49,ok,Positif,ok
Sutrisno Sz,1,2025-10-08 19:17:02,app paling goblokkk paling ga ada gunanya hanya menyusahkan hidup orang saja. lebih berguna sampah bisa di daur ulang atau jadi pupuk. kalau app Mypertamina hanya bisa membuat hidup orang semakin susah,Negatif,app paling goblokkk paling tidak ada guna hanya susah hidup orang saja lebih guna sampah bisa daur ulang atau jadi pupuk kalau app mypertamina hanya bisa buat hidup orang makin susah
Yogi Hersandi,5,2025-10-08 19:07:04,"sangat membantu aplikasi ini, kecuali di SPBU kadang ada yang tidak pakai aplikasi",Positif,sangat bantu aplikasi kecuali spbu kadang ada tidak pakai aplikasi
Dhiya Assyamsi,1,2025-10-08 19:02:33,bahan bakar sampah,Negatif,bahan bakar sampah
Ivan Lo,5,2025-10-08 18:08:03,"sy download MyPertamina sdh lama, hari ini dicoba untuk pembayaran BBM, ternyata praktis",Positif,sy download mypertamina sdh lama hari coba bayar bbm nyata praktis
Novita Dewi,4,2025-10-08 17:27:15,min sy muter² di spbu yg tertera buat nuker point kok kosong semua produknya...,Positif,min sy muter spbu tera buat nuker point kok kosong semua produk
Gunawan Sombro,5,2025-10-08 16:48:52,transaksi lebih mudah,Positif,transaksi lebih mudah
Teofilus Bagul,1,2025-10-08 15:02:42,aplikasi tdak berguna bikin orang stres,Negatif,aplikasi tdak guna bikin orang stres
Sendi Nanda,1,2025-10-08 14:47:28,"lemot dan berat sekali aplikasinya, koneksi ke jaringannya juga terasa berat, di banding aplikasi lain, padahal sinyalnya aman",Negatif,lot berat sekali aplikasi koneksi jaring juga asa berat banding aplikasi lain padahal sinyal aman
"Suhendi ,",4,2025-10-08 14:39:55,good,Positif,good
Bos Lele,5,2025-10-08 14:19:44,mantap,Positif,mantap
alfi syahrin,1,2025-10-08 14:12:39,aplikasi paling ga berguna..,Negatif,aplikasi paling tidak guna
Muhammad Irfan,1,2025-10-08 13:17:41,blokir terus,Negatif,blokir terus
Dasir Dasir,5,2025-10-08 12:41:31,sangat praktis dan mudah untuk menggunakan mypertamina,Positif,sangat praktis mudah guna mypertamina
Agus Santoso,1,2025-10-08 11:46:34,"Gk Aplikasi nya Gk Perusahaan Gk kementrian yang na ingin Gak Mentri nya RIBET SMUA... PUNYA APLIKASI PEMBAYARAN RIBET,,, BKIN COSTUMER RIBET DAN ANTRI BKIN COSTUMER GK PUNYA PILIHAN SELAIN ISI DI PERTAMINA TAPI GK NGASIH KEMUDAHAN DAN KUALITAS",Negatif,tidak aplikasi nya tidak usaha tidak tri na ingin gak tri nya ribet smua punya aplikasi bayar ribet bkin costumer ribet antri bkin costumer tidak punya pilih selain isi pertamina tapi tidak ngasih mudah kualitas
Riyan Pratama,1,2025-10-08 11:31:20,sangat buruk,Negatif,sangat buruk
Bin Tang,4,2025-10-08 11:21:11,aman,Positif,aman
Hari Sustiadi,5,2025-10-08 09:48:44,"min, saya mau daftar tapi kendala di plat nomor sudah terdaftar sama pemilik sebelum nya, kalo mau banding tapi gak ada fitur nya, tolong solusi",Positif,min saya mau daftar tapi kendala plat nomor sudah daftar sama milik belum nya kalo mau banding tapi gak ada fitur nya tolong solusi
Afrizal Jon nandes,1,2025-10-08 08:38:32,"saya kasih bintang 1 dulu soalanya ddaerah saya padang sumbar tdak ada jalur kusus untuk pengguna aplikasi ttap disuruh antri,saya harap 7ntuk pengelola brtindak",Negatif,saya kasih bintang dulu soalanya ddaerah saya padang sumbar tdak ada jalur sus guna aplikasi ttap suruh antrisaya harap ntuk kelola brtindak
depta pratama27,1,2025-10-08 08:18:58,aplikasi yg tidak jelas dan tidak user friendly,Negatif,aplikasi tidak jelas tidak user friendly
Fazri Rizkiya,1,2025-10-08 07:12:35,"jelek ga bisa buat barcode, angggaran aja gede, aplikasi bapuk",Negatif,jelek tidak bisa buat barcode angggaran aja gede aplikasi bapuk
Febi Febrianti,5,2025-10-08 07:05:35,keren,Positif,keren
Emil Wibowo,1,2025-10-08 06:33:15,kenapa malah tidak bisa dan gagal terus,Negatif,kenapa malah tidak bisa gagal terus
Ryo Getho,1,2025-10-08 06:30:13,"banyak promo, tp gak bisa digunakan semuanya... payah 🫩",Negatif,banyak promo tp gak bisa guna semua payah
Achmad Reza Yana putra,5,2025-10-08 06:23:52,"lebih banyak bonus nya Donk, saya dah banyak transaction tapi kok engga dapet2 point ya",Positif,lebih banyak bonus nya donk saya dah banyak transaction tapi kok engga dapet point ya
Xen On,1,2025-10-08 05:45:36,keamanan aplikasi ini tidak baik. sampai terekspos akun dan no hp pribadi. mohon yg masih makai berhati2. penghapusan akun juga berbelit2,Negatif,aman aplikasi tidak baik sampai ekspos akun no hp pribadi mohon masih maka hati hapus akun juga belit
suparyanto suparyanto,5,2025-10-08 05:24:00,sangat menyenangkan💕😍,Positif,sangat senang
mara Nafees,4,2025-10-08 01:51:09,ok,Positif,ok
Putrasampoerna @gmail.com,1,2025-10-08 00:56:05,knpa gabisa akses barcode?,Negatif,knpa gabisa akses barcode
sapudin udin,5,2025-10-08 00:15:23,ok,Positif,ok
M Dahlan,5,2025-10-08 00:00:56,mantap,Positif,mantap
Arief Kurniawan,5,2025-10-07 21:06:38,top,Positif,top
Ferosa Nonia,1,2025-10-07 18:53:53,"Lupa kata sandi , mau di rubah malah gagal terus",Negatif,lupa kata sandi mau rubah malah gagal terus
ahmad baiy dowwi,1,2025-10-07 17:54:20,setiap mau ambil barcode gagal terus,Negatif,tiap mau ambil barcode gagal terus
Hendra Wandi,1,2025-10-07 16:52:47,pak mina bagaiana ini pelayanan bapak kok ngak bisa di update aplikasi nya. bikin repot aja antri panjangan. tolong lah ak di benahi pelayanannya.,Negatif,pak mina bagaiana layan bapak kok ngak bisa update aplikasi nya bikin repot aja antri panjang tolong lah ak benah layan
I Wayan Dwipa,1,2025-10-07 16:21:12,aplikasi paling buruk..ga menyelesaikan masalah... kayanyq sengaja dibuat error terus spy ga bisa ambil pertalite...mohon dong buat aplikasi yg paten,Negatif,aplikasi paling burukga selesai masalah kayanyq sengaja buat error terus spy tidak bisa ambil pertalitemohon dong buat aplikasi paten
Wardi Kasimbar Santibaru,5,2025-10-07 13:56:16,cepat simpel dan keren,Positif,cepat simpel keren
Abdulrahman lubis,5,2025-10-07 13:46:22,mantal,Positif,mantal
Bayu Samudra,5,2025-10-07 13:05:11,"aplikasi yang sangat membantu, sayang nya tidak bisa memasukan pembayaran yang terdaftar dengan no hp lain, jadi jika ada hambatan pada aplikasi pembayaran yang terhubung dengan no hp yang sama, pada may Pertamina tidak dapat di gunakan,",Positif,aplikasi sangat bantu sayang nya tidak bisa pasu bayar daftar no hp lain jadi jika ada hambat aplikasi bayar hubung no hp sama may pertamina tidak dapat guna
Irfan Lubis,5,2025-10-07 13:01:36,bagus,Positif,bagus
Abdul Muntholib,1,2025-10-07 12:39:15,susah untuk pendaftaran barcode,Negatif,susah daftar barcode
Sange Anol4,5,2025-10-07 12:16:32,ok baik,Positif,ok baik
Ibrahim Hasan,1,2025-10-07 11:13:26,"aplikasi kocak, aplikasi murahan. dana besar, tp bikin aplikasi ngga becus. banyak korupnya",Negatif,aplikasi kocak aplikasi murah dana besar tp bikin aplikasi ngga becus banyak korup
Dirham Yordan,1,2025-10-07 10:38:26,"Thanks utk Dev yang udah bikin app ini, much respect. Utk yang desain app ini di belakangnya, tolonglah anj business process nya dipermudah, malas kali klo harus bayar cashless pake OTP yang nyedot pulsa.",Negatif,thanks utk dev udah bikin app much respect utk desain app belakang tolong anj business process nya mudah malas kali klo harus bayar cashless pake otp nyedot pulsa
kanye west,1,2025-10-07 08:53:09,SPBU PERTAMINA..TAPI KAGA BISA PAKE MYPERTAMINA ITU GIMANA KONSEPNYA.. MASA ALAT KAGA DI SEBAR KE SEMUA SPBU.. KATRO AMAT .. DI JAKARTA LOH..MASA ALAT BEGITU AJA KAGA BISA DI SEBAR KE SEMUA SPBU.. QRIS PUN KAGA BISA..NIAT JUALAN GAK SIH.. KALAH SAMA WARUNG KELONTONG MADURA YANG UDAH BISA PAKE QRIS..,Negatif,spbu pertaminatapi kaga bisa pake mypertamina gimana konsep masa alat kaga sebar semua spbu katro amat jakarta lohmasa alat begitu aja kaga bisa sebar semua spbu qris pun kaga bisaniat jual gak sih kalah sama warung kelontong madura udah bisa pake qris
Muhamad Hasan,5,2025-10-07 07:13:29,cepat dan cekatan,Positif,cepat cekat
Mochamad Reizaf,1,2025-10-07 06:31:22,pertamax ko boros! makin kesini malah kesana,Negatif,pertamax ko boros makin kesini malah kesana
Rio Ramdhani,1,2025-10-07 04:15:31,kok barcode saya diblokir,Negatif,kok barcode saya blokir
asep khan,5,2025-10-07 00:54:24,mantap,Positif,mantap
Fendy Lau,5,2025-10-07 00:00:57,mantap banget,Positif,mantap banget
Yanuar Permadi,1,2025-10-06 22:32:37,gimana cara memperbarui data y kok susah bener,Negatif,gimana cara baru data y kok susah bener
Dicky Septian,1,2025-10-06 21:39:46,"Nyuru buat barcode, sekalianya dibuat gagal terus. LOL",Negatif,nyuru buat barcode sekalianya buat gagal terus lol
Nurholis Muhtar,5,2025-10-06 21:29:55,sangat berfungsi,Positif,sangat fungsi
Khoirul Badaruddin,1,2025-10-06 21:25:32,bikin ribet dan makin susah,Negatif,bikin ribet makin susah
Darma Maulidi,5,2025-10-06 21:04:55,mantap,Positif,mantap
Tama Tama,5,2025-10-06 20:14:58,"halo pertamina, setelah di update ko malah nggak bisa di pakai",Positif,halo pertamina telah update ko malah nggak bisa pakai
Zain Elmahdy,1,2025-10-06 20:00:24,"setelah updet data malah terhapus, tanya di 135, NIK tidak ditemukan/terhapus, aplikasi meresahkan",Negatif,telah updet data malah hapus tanya nik tidak ditemukanterhapus aplikasi resah
Natan Adhynagara,1,2025-10-06 19:17:40,"aplikasinya lemottt bangettt... mungkin karna kebanyakan iklan. barusan sy gagal bayar di SPBU, udah bikin antrian di blakang makin panjang karna nungguin aplikasinya loading. akhirnya bayarnya pake cash juga.",Negatif,aplikasi lemottt bangettt mungkin karna banyak iklan barusan sy gagal bayar spbu udah bikin antri blakang makin panjang karna nungguin aplikasi loading akhir bayar pake cash juga
Frido Yunanto,1,2025-10-06 19:10:40,BARCODE KADALUARSA TERUS BANYAK OKNUM SPBU PAKAI BARCODE ORANG,Negatif,barcode kadaluarsa terus banyak oknum spbu pakai barcode orang
Agung Setiawan,1,2025-10-06 19:09:03,aplikasi gak jelas... di coba daftar gak bisa terus.. di konoha segala sesuatunya gak ada yg simple dan easy,Negatif,aplikasi gak jelas coba daftar gak bisa terus konoha segala sesuatu gak ada simple easy
Muh Lisin,5,2025-10-06 18:55:50,cukup baik,Positif,cukup baik
AAA SHD,5,2025-10-06 18:33:06,bagus aplikasi ny semangkin berkembang,Positif,bagus aplikasi ny semangkin kembang
Herman Herman,5,2025-10-06 18:08:17,aman lancar,Positif,aman lancar
Fauzi Aulia,1,2025-10-06 16:07:10,aplikasi minta update terus,Negatif,aplikasi minta update terus
alie wahab,4,2025-10-06 15:37:46,"nambah praktis,kadang beli bensin lupa bawa uang... penting sekarang bawa hp. cuman penunggu di pom kurang. harusnya sebelah kanan dan kiri ada yang nunggu. jadi nggak antri...",Positif,nambah praktiskadang beli bensin lupa bawa uang penting sekarang bawa hp cuman tunggu pom kurang harus belah kanan kiri ada nunggu jadi nggak antri
R,1,2025-10-06 13:31:01,JELEK BGT APLIKASI NYA!!! MAU ISI BENSIN TIBA2 NFE LOG OUT SENDIRI GA BS LOGIN!!!! JD RIBET PAS LUPA PASWORD!!! ; INI SENGAJA BIAR SAYA ISI PERTAMAX APA GMN???,Negatif,jelek banget aplikasi nya mau isi bensin tiba nfe log out sendiri tidak bs login jd ribet pas lupa pasword sengaja biar saya isi pertamax apa gmn
Setiady Limas,5,2025-10-06 13:24:00,praktis dan mudah dimengerti 👍,Positif,praktis mudah erti
Ahmad Sodik,1,2025-10-06 12:44:17,"mau nambah kendaraan ga bisa"" trs padahal datanya sudah sesuai mau daftar ulang tulisannya kendaraan sudah ke daftar emang bikin pusing",Negatif,mau nambah kendara tidak bisa trs padahal data sudah sesuai mau daftar ulang tulis kendara sudah daftar emang bikin pusing
Opik Rahman,5,2025-10-06 12:43:17,ok,Positif,ok
Isal Agustin,5,2025-10-06 12:23:56,mantap,Positif,mantap
Adi Wono,1,2025-10-06 11:57:41,bahlil anji gggg,Negatif,bahlil anji gggg
okki rifki,1,2025-10-06 11:34:45,"susah banget mau reset password, gagal terus. login payah minta ampun. dikit dikit barcode update. si BUMN tanpa saingan mah gini",Negatif,susah banget mau reset password gagal terus login payah minta ampun dikit dikit barcode update si bumn tanpa saing mah gin
Fahri Fadillah,5,2025-10-06 11:13:02,tidak bisa riset,Positif,tidak bisa riset
Budiutomo Satriyo,5,2025-10-06 10:39:44,Up date harganya informatif dan cepat,Positif,up date harga informatif cepat
beni salim,5,2025-10-06 10:23:37,Mantap. Pakai mypertamina biar subsidi bbm lebih terkontrol dan tepat sasaran,Positif,mantap pakai mypertamina biar subsidi bbm lebih kontrol tepat sasar
Matius Purba,1,2025-10-06 10:01:38,UPDATE 1000 X,Negatif,update x
Anto Djie,5,2025-10-06 08:49:54,semakin baik aps nya good,Positif,makin baik aps nya good
Aya_meren Meren,1,2025-10-06 08:21:51,kocak aplikasi bikin susah masarakat cuma mau buka akun aja susahnya ampun kaya nagih utang ke temen,Negatif,kocak aplikasi bikin susah masarakat cuma mau buka akun aja susah ampun kaya nagih utang temen
Awi Filly,4,2025-10-06 07:43:17,saya mendukung pengoptimalan segala sesuatu yang baik untuk masyarakat dalam pengadaan bahan bakar bersubsidi. 🙏👍,Positif,saya dukung optimal segala sesuatu baik masyarakat dalam ada bahan bakar subsidi
Lendra Kusuma,1,2025-10-06 07:20:36,lama amat nunggu notifikasi 14hr. mobil mau jalan pake air apa,Negatif,lama amat nunggu notifikasi hr mobil mau jalan pake air apa
purwo susilo,5,2025-10-06 06:44:48,ok,Positif,ok
Irul Arief,1,2025-10-06 06:08:28,mantap mbuletnya...,Negatif,mantap mbuletnya
Abuy El jabar,1,2025-10-06 02:53:22,sayang charger mobil listrik nya udh mah mahal sering eror lg perusahaan macam apa ini,Negatif,sayang charger mobil listrik nya udh mah mahal sering eror lg usaha macam apa
DP Justin,1,2025-10-05 22:23:24,tidak bisa mendaftarkan kendaraan,Negatif,tidak bisa daftar kendara
Pen Andri,1,2025-10-05 20:26:02,Aplikasi idobg-odong setelah di Update Ndak bisa masuk lagi,Negatif,aplikasi idobgodong telah update ndak bisa masuk lagi
Wisnu Azaria Wibisono,1,2025-10-05 19:47:43,"sangat kecewa beratt, saya lagi isi bensin Pertamax, biasanya pakai my Pertamina setelah dan baru update, mau bayar scan QRIS, astagaaaa, ga bisa loh pembayaran gagal dan disuruh hubungi call center kok bisa sih, bikin malu aja, dan bikin antrian panjang aja tolong segera perbaiki, saya sangat kecewa dan sangat malu!!",Negatif,sangat kecewa beratt saya lagi isi bensin pertamax biasa pakai my pertamina telah baru update mau bayar scan qris astagaaaa tidak bisa loh bayar gagal suruh hubung call center kok bisa sih bikin malu aja bikin antri panjang aja tolong segera baik saya sangat kecewa sangat malu
Isro Tozen,4,2025-10-05 19:47:28,bagus,Positif,bagus
Erik Santoso,2,2025-10-05 19:47:28,"sangat kecewa saya dari Timika papua tengah izin melaporkan pada tanggal 5 Oktober 2025 dari jam 09-00 sampai 21 -00 wit saya kehabisan setok bensin dan mencari di berbagai pom bensin yg ada di Timika juga sudah abis terjual ada yg blom habis tapi antrinya hampir 500 meter, ada masalah apa ini di kota Timika mencari bensin saja susah padahal besok pagi saya bekerja sedangkan motor bensinnya limit,...",Negatif,sangat kecewa saya timika papua tengah izin lapor tanggal oktober jam sampai wit saya habis tok bensin cari bagai pom bensin ada timika juga sudah abis jual ada blom habis tapi antri hampir meter ada masalah apa kota timika cari bensin saja susah padahal besok pagi saya kerja sedang motor bensin limit
Irma Feri,4,2025-10-05 19:40:51,bagus,Positif,bagus
asb Kahfi,5,2025-10-05 19:32:01,sangat membantu.,Positif,sangat bantu
Dwi Nur,2,2025-10-05 18:12:37,kenapa bentar2 minta update yang gak ngenakin pas lagi mau ngisi antrian panjang eh... malah minta update gak bisa pakai lagi kalau gak update. maksa update akhirnya menyingkir dari antria. ribet kalau bisa yang lebih simpel aja apk jgn dicampur banyak menu namun konsumen juga gak pakai. hanya buat bayar solar aja terpaksa karena dak boleh bayar manual.,Negatif,kenapa bentar minta update gak ngenakin pas lagi mau ngisi antri panjang eh malah minta update gak bisa pakai lagi kalau gak update maksa update akhir singkir antria ribet kalau bisa lebih simpel aja aplikasi jgn campur banyak menu namun konsumen juga gak pakai hanya buat bayar solar aja paksa karena dak boleh bayar manual
Yamin Oboy,1,2025-10-05 18:10:54,pelayanan operator ya jelek songong tidak ada etika,Negatif,layan operator ya jelek songong tidak ada etika
jang redi,1,2025-10-05 18:00:19,"barcode tiba-tiba di blokir dengan alasan data diri dan kendaraan tidak sesuai , yang salah situ , bukan data diri dan kendaraan sy !!",Negatif,barcode tibatiba blokir alas data diri kendara tidak sesuai salah situ bukan data diri kendara sy
Ronaldo Sihombing,5,2025-10-05 17:43:59,mantap,Positif,mantap
Ahdi Irawan,5,2025-10-05 16:48:36,Terima kasih. Pertamina!,Positif,terima kasih pertamina
Rizkidwi Adi028,1,2025-10-05 16:28:12,"sering error diwaktu mendesak, parah banget udah punya akun tapi dibuka ngga bisa",Negatif,sering error waktu desak parah banget udah punya akun tapi buka ngga bisa
Aska Amel,5,2025-10-05 15:31:14,sangatlah mudah dan membantu,Positif,sangat mudah bantu
budi abuy,2,2025-10-05 15:06:35,padahal udha beberapa kali poto mobil am stnk sesuai dengan permintaan tapi tetep ditolak terus,Negatif,padahal udha beberapa kali poto mobil am stnk sesuai minta tapi tetep tolak terus
Chintya Aulia,5,2025-10-05 14:24:46,"ini kenapa ga bisa login ulang,format salah terus",Positif,kenapa tidak bisa login ulangformat salah terus
NUR SALIM,1,2025-10-05 11:39:47,sangat kecewa. balikpapan sebagai kota minyak. tapi kenyataannya saya coba my pertamina di 3 SPBU ngak ad bisa 1. di SPBU kebun sayur. tidak melayani pembelian pertalite 2. SPBU karang anyar. saya mau beli pakai my pertamina. saya masuk jalur biru yg seharusnya jalur my pertamina.. tapi saya disuruh antri sejauh 1 km untuk isi pertalite.. ini apkah petugasnya ngak tau aplikasi my pertamina atau gmna. 3. saya isi pertamax di SPBU km 9. saya ngak bawa uang cash.ngak bisa byar lewat my pertamina,Negatif,sangat kecewa balikpapan bagai kota minyak tapi nyata saya coba my pertamina spbu ngak ad bisa spbu kebun sayur tidak layan beli pertalite spbu karang anyar saya mau beli pakai my pertamina saya masuk jalur biru harus jalur my pertamina tapi saya suruh antri jauh km isi pertalite apkah tugas ngak tau aplikasi my pertamina atau gmna saya isi pertamax spbu km saya ngak bawa uang cashngak bisa byar lewat my pertamina
Nanang Setiawan,1,2025-10-05 11:10:12,pembayaran di spbu lama sekali,Negatif,bayar spbu lama sekali
Boy BUNCIT MANCANEGARA,5,2025-10-05 10:56:04,mantapp,Positif,mantapp
David Sjafril Winanto,5,2025-10-05 10:38:12,Mudah dan gak ribet ...👍,Positif,mudah gak ribet
Seno Suratmojo,5,2025-10-05 09:26:57,good,Positif,good
Imin,5,2025-10-05 08:40:42,sangat membantu kita,Positif,sangat bantu kita
Tony Kusgianto,5,2025-10-05 08:23:43,perfect,Positif,perfect
Mr Ir,4,2025-10-05 08:07:00,update melulu,Positif,update melulu
Juragan Widya,5,2025-10-05 00:18:03,"tidak semua spbu di Surabaya bisa menggunakan my pertamina ,,,, giliran di update malah gak bisa ,,,,, dipakai gagal terus 🫠 kalau gak karna spbu swasta kehabisan ,,,, gak akan saya beli pertamax",Positif,tidak semua spbu surabaya bisa guna my pertamina gilir update malah gak bisa pakai gagal terus kalau gak karna spbu swasta habis gak akan saya beli pertamax
Wawanrohmawan Rohmawan,5,2025-10-04 23:35:21,ok,Positif,ok
Agus finn,1,2025-10-04 21:49:24,yang bene aje.... subsidi gw dihapus.. astagaaa dimana salahnya?,Negatif,bene aje subsidi gw hapus astagaaa mana salah
Afif Hassan,1,2025-10-04 21:04:03,Aplikasi tidak berguna. Membuat susah saja. Tutup saja aplikasi ini.,Negatif,aplikasi tidak guna buat susah saja tutup saja aplikasi
Fitrah x ak2,1,2025-10-04 20:57:43,"Pertamina bobrok banget,ngapain ngadain aplikasi kalo gabisa dipake di pom nya sialan",Negatif,pertamina bobrok bangetngapain ngadain aplikasi kalo gabisa dipake pom nya sial
nurul jadid,5,2025-10-04 19:54:49,bagus,Positif,bagus
rm agung iskandar wibowo,5,2025-10-04 19:54:14,ok,Positif,ok
Pipit Prasetyo,5,2025-10-04 18:54:57,Aplikasi pembayaran Bahan bakar yang praktis,Positif,aplikasi bayar bahan bakar praktis
Helman zubir,5,2025-10-04 18:41:46,ok,Positif,ok
Firman Ds,5,2025-10-04 18:33:06,"gooodddd, sangat mempermudah",Positif,gooodddd sangat mudah
Hijau Daun,1,2025-10-04 17:29:12,aplikasi gagal. reset kata sandi enggak bisa!,Negatif,aplikasi gagal reset kata sandi enggak bisa
Sukardi 11,5,2025-10-04 14:20:09,oke👍 berguna baik,Positif,oke guna baik
Nur Jaya,5,2025-10-04 13:46:55,puas banget,Positif,puas banget
Faizal Rizal,5,2025-10-04 13:45:28,good,Positif,good
Iin Solihin,5,2025-10-04 13:36:17,bagus banget,Positif,bagus banget
Herman Saputra,1,2025-10-04 13:29:56,menyusahkan kami para sopir,Negatif,susah kami para sopir
brian bagus,5,2025-10-04 13:11:36,Kakean gendrean gak berfaedah,Positif,kakean gendrean gak faedah
Agus wijayanto,5,2025-10-04 13:10:22,good aplikasi,Positif,good aplikasi
Apriansyah,1,2025-10-04 12:59:40,menyusahkan masyarakat,Negatif,susah masyarakat
yana gozali,1,2025-10-04 12:53:53,ribet,Negatif,ribet
Samari Marenda,1,2025-10-04 12:25:10,aplikasi GK jelas,Negatif,aplikasi tidak jelas
Muji,5,2025-10-04 11:51:00,"kenapa untuk menggunakan aplikasi ini ,terkadang tidak bisa untuk masuk dan mendaftarkan mobil ke BBM",Positif,kenapa guna aplikasi terkadang tidak bisa masuk daftar mobil bbm
Syakur Suryadi,5,2025-10-04 11:38:45,Sulit sekali masuknya kenapa ya ?,Positif,sulit sekali masuk kenapa ya
Acid Mahendra,5,2025-10-04 10:33:00,mantap,Positif,mantap
Tahmid Ahmad,1,2025-10-04 09:11:35,menyulitkan masyarakat,Negatif,sulit masyarakat
Juco Atsuka,2,2025-10-04 09:00:49,"tidak praktis , repot. seharus nya dipermudah untuk pengaturan blokir barcode pada saat kita menjual kendaraan tersebut kepada orang lain. bikin aplikasi tapi penggunaan nya ribet",Negatif,tidak praktis repot harus nya mudah atur blokir barcode saat kita jual kendara sebut kepada orang lain bikin aplikasi tapi guna nya ribet
IBERAHIM SAG,5,2025-10-04 08:43:35,Sangat membantu,Positif,sangat bantu
Gregorius Remaja,4,2025-10-04 08:02:20,baik,Positif,baik
Ade Nitidiwirya,5,2025-10-04 07:58:58,top markoto,Positif,top markoto
Septian Aji,1,2025-10-04 07:48:13,"aplikasi sampah, gak cuma BBM aja yg dioplos, aplikasi juga oplosan, sampah semua",Negatif,aplikasi sampah gak cuma bbm aja oplos aplikasi juga oplos sampah semua
"Ir. Sugianto Nur MNLP, GMSQ",5,2025-10-04 04:38:26,mantap,Positif,mantap
Yohanes Napitupulu,5,2025-10-04 02:42:09,okey banyak poin voucher nya,Positif,okey banyak poin voucher nya
Arief Lamanja,5,2025-10-04 01:11:11,Barkot mypertamina tida mau muncul.,Positif,barkot mypertamina tida mau muncul
Djody maulana,2,2025-10-03 21:58:18,hayoh w update duh,Negatif,hayoh w update duh
Wise Core,1,2025-10-03 21:23:05,aplikasi stres. nyusahin orng mulu,Negatif,aplikasi stres nyusahin orng mulu
The R4 vi A3,5,2025-10-03 21:11:42,ok,Positif,ok
ahmad nawawi,1,2025-10-03 20:51:30,sayang ga semua pom bengsin Pertamina bisa pake member. banyak alasannya. apa lagi pom bengsin daerah celdug susah banget mau beli pake may Pertamina g bisa,Negatif,sayang tidak semua pom bengsin pertamina bisa pake member banyak alas apa lagi pom bengsin daerah celdug susah banget mau beli pake may pertamina g bisa
caca yulan,5,2025-10-03 19:51:05,Bagus,Positif,bagus
Anazprabowo Anaz,2,2025-10-03 19:20:11,"lambat, harus beberapa verifikasi",Negatif,lambat harus beberapa verifikasi
Rudi Hartono,1,2025-10-03 18:38:54,aku nak ngisi pakai aplikasi dan metode pembayaran dihubungkan ke BNI. tapi tidak bisa ngisi dikarenakan kata pegawai spbunya hrus pakai link aja. apakah benar sperti itu? kalau benar knapa ada metode pembayaran lain diaplikasinya??,Negatif,aku nak ngisi pakai aplikasi metode bayar hubung bni tapi tidak bisa ngisi karena kata pegawai spbunya hrus pakai link aja apakah benar sperti kalau benar knapa ada metode bayar lain aplikasi
Bagus Sutanaya,1,2025-10-03 17:34:53,"app gak jelas, ""percobaan gagal"" hidup miskin dinegara kaya memang sudah dan dibikin ribet",Negatif,app gak jelas coba gagal hidup miskin negara kaya memang sudah bikin ribet
aves aja,1,2025-10-03 17:00:19,"nyusahin, mau lihat code qr aja gagal terus,",Negatif,nyusahin mau lihat code qr aja gagal terus
Bagas Putra,5,2025-10-03 16:56:27,"sangat, Mempermudah dalam proses pembelian di Pertamina",Positif,sangat mudah dalam proses beli pertamina
khoirul fikri,1,2025-10-03 16:20:59,pada menu Subsidi. kenapa dihilangkan untuk informasi lokasi pengisian?? padahal itu penting untuk mengontrol dan trak kendaraan,Negatif,menu subsidi kenapa hilang informasi lokasi isi padahal penting kontrol trak kendara
Adyceyzy Anwar,1,2025-10-03 14:49:04,solar pada kosong hari ini,Negatif,solar kosong hari
Vanesa Dasilva Talabessy,1,2025-10-03 14:47:51,"ini ga semua spbu bisa pke my pertamina ya? pernah mau make bilangnya 'di sini ga bisa' manaan jawabannya ketus, mukanya jutek",Negatif,tidak semua spbu bisa pke my pertamina ya pernah mau make bilang sini tidak bisa mana jawab ketus muka jutek
Hanum Pratiwi,5,2025-10-03 14:12:51,sangat sangat baikk,Positif,sangat sangat baikk
Hijau Daun,1,2025-10-03 13:22:24,"ini apk ga jelas banget, di suruh sambungkan dg apk pembayaran tapi pas di masukin pin nya malah salah ini gua nya yg tolol atau aplikasi yg tolol",Negatif,aplikasi tidak jelas banget suruh sambung dg aplikasi bayar tapi pas masukin pin nya malah salah gua nya tolol atau aplikasi tolol
Iqbal Julianto Wibowo,5,2025-10-03 13:20:20,ok,Positif,ok
Uyung MS,1,2025-10-03 12:05:35,"apk busuk.. anggaran gede fitunya jeblok, banyak maps salah titik, klaim voucher lelet dll",Negatif,aplikasi busuk anggar gede fitunya jeblok banyak maps salah titik klaim voucher lelet dll
VLOG HC,5,2025-10-03 11:19:03,good,Positif,good
One Day,5,2025-10-03 11:05:23,good,Positif,good
irwan atto,5,2025-10-03 10:53:07,praktis tdk neko2 dgn uang cash,Positif,praktis tidak neko uang cash
Eko Yulianto,5,2025-10-03 10:36:18,kenapa saya tidak bisa lgi menggunakan mypertamina saya dan pas update g bisa masuk,Positif,kenapa saya tidak bisa lgi guna mypertamina saya pas update g bisa masuk
Muhammad Zulfikar,1,2025-10-03 10:27:03,"loading kelamaan,malah memperpanjang antrian,tidak efektif,kurang inovasi",Negatif,loading kelamaanmalah panjang antriantidak efektifkurang inovasi
Cahaya Gemilang,5,2025-10-03 09:51:57,ok,Positif,ok
ABDULLAH DASUKI,5,2025-10-03 09:41:32,ok tertib dg aplikasi bagus,Positif,ok tertib dg aplikasi bagus
Ano Rama3,5,2025-10-03 09:39:13,aplikasi my pertamina versi 4.7.0(280). mengapa tidak ada riwayat tempat pengisian pom bensinnya. tolong diterbitkan lagi riwayat tempat pom bensinnya. terimakasih,Positif,aplikasi my pertamina versi mengapa tidak ada riwayat tempat isi pom bensin tolong terbit lagi riwayat tempat pom bensin terimakasih
Imam Al Mahruf,1,2025-10-03 08:35:15,"barcode saya di salah gunakan orang tapi saya ga bisa ngubah barcode seperti sebelumnya lagi setelah di update, apuskan aja sekalian sistem barcodenya kalau masi seperti ini",Negatif,barcode saya salah guna orang tapi saya tidak bisa ngubah barcode seperti belum lagi telah update apuskan aja sekali sistem barcodenya kalau mas seperti
Argo Dwi Susanto,1,2025-10-03 08:18:29,Oh my Pertamina....suruh up date....sudah tak up date malah mau masuk lagi susah...katanya nik dan pin salah....suruh reset pin...sudah buat pin baru malah gagal2 terus...suruh TLP call 135 jwb ane suruh reset pin SDH tak reset Sampek kehabisan pulsa gara2 call ke 135....aplikasi mohon di perbarui ...,Negatif,oh my pertaminasuruh up datesudah tak up date malah mau masuk lagi susahkatanya nik pin salahsuruh reset pinsudah buat pin baru malah gagal terussuruh tlp call jwb ane suruh reset pin sdh tak reset sampek habis pulsa gara call aplikasi mohon baru
Yusmah Fatih,1,2025-10-03 08:03:26,sumpah PT paling bermasalah berusaha playing victim,Negatif,sumpah pt paling masalah usaha playing victim
Jenggo Itahtalio,5,2025-10-03 07:54:37,"sangat menguntungkan bagi kami di pedesaan,kalau turun ke kota,tidak susah susah beli pertalite",Positif,sangat untung bagi kami pedesaankalau turun kotatidak susah susah beli pertalite
Sigit Setyawan,1,2025-10-03 07:36:46,RIBET & SULIT AMAT AJG!,Negatif,ribet sulit amat ajg
Yusrizal SE,5,2025-10-03 07:11:15,mudah dan nyaman di gunakan,Positif,mudah nyaman guna
Luthfy Izhar,5,2025-10-03 06:46:14,good,Positif,good
Iwenk T364L,4,2025-10-03 05:03:54,bagi yg gak bisa login lewat aplikasi...bisa lewat google chrome...masuk ke web pertamina subsidi,Positif,bagi gak bisa login lewat aplikasibisa lewat google chromemasuk web pertamina subsidi
Sarif Rifai,5,2025-10-03 00:39:12,semoga jd yg terbaik,Positif,moga jd baik
Anto Herwanto,1,2025-10-02 23:59:13,makin ssh..mau cek pembelian bbm ko ga bsa...,Negatif,makin sshmau cek beli bbm ko tidak bsa
ArmanLevin7 OFFICIAL,5,2025-10-02 22:20:10,apk bagusni praktis,Positif,aplikasi bagusni praktis
Dhi Bronk,5,2025-10-02 21:36:12,mntap,Positif,mntap
Nendy Pratama Agusfianto,5,2025-10-02 20:02:03,sejauh ini aman,Positif,jauh aman
Apriyanto Hari Prabowo,5,2025-10-02 19:58:28,lbh cepat drpd pakai cash,Positif,lbh cepat drpd pakai cash
jajang Saefullah123,5,2025-10-02 19:13:31,oke,Positif,oke
Arwaty Arwaty,1,2025-10-02 19:08:37,"susah daftanya dh fto stnk, kndaraan jg n dh be2rpa kali ttp aja ga2l🤦🤦🤦🤦🤦🤦🤦🤦🤦🤦🤦",Negatif,susah daftanya dh fto stnk kndaraan jg n dh berpa kali ttp aja gal
John Fine,1,2025-10-02 18:17:24,baru sebulan udah minta update sangat tidak profesional,Negatif,baru bulan udah minta update sangat tidak profesional
Aris Wijaya,5,2025-10-02 17:31:28,ok,Positif,ok
Restu mukti Prastianto,5,2025-10-02 16:59:33,"bpk/ibu yg terhormat kenapa my pertamina yg saya gunakan,kenapa tidak bisa di gunakan lagi.???",Positif,bpkibu hormat kenapa my pertamina saya gunakankenapa tidak bisa guna lagi
ichsan udin,5,2025-10-02 16:48:53,apk bagus,Positif,aplikasi bagus
Deka MA,1,2025-10-02 16:03:16,APLIKASI GAGAL,Negatif,aplikasi gagal
Dwi Adhi Nugroho,5,2025-10-02 15:12:26,ok,Positif,ok
Firrti,1,2025-10-02 14:16:18,"mau menhubungkan link aja lamaaaa bangett ada 1 jam an, msi gmbr mobil terus",Negatif,mau menhubungkan link aja lamaaaa bangett ada jam an msi gmbr mobil terus
Riffa Rizk,4,2025-10-02 11:01:02,My pertamina sya tdak bisa d buka,Positif,my pertamina sya tdak bisa d buka
Ariwibowo S,2,2025-10-02 10:53:46,"aplikasi kocak, mobil sudah jelas terdaftar, udah keluar barcode nya, ini masuk lagi buat ambil QR nya yang digital, malah data tidak ditemukan, password salah terus, mau ganti password via email, malah tidak bisa, jaringan wifi padahal bagus bgt 🤣🤣, entahlaaah",Negatif,aplikasi kocak mobil sudah jelas daftar udah keluar barcode nya masuk lagi buat ambil qr nya digital malah data tidak temu password salah terus mau ganti password via email malah tidak bisa jaring wifi padahal bagus banget entahlaaah
Rowie Ahmad,5,2025-10-02 10:13:01,ok,Positif,ok
Edysoh Mr,5,2025-10-02 09:45:11,okokok,Positif,okokok
Bambang Tembong,5,2025-10-02 09:41:25,sangat membantu,Positif,sangat bantu
Risky Aw,1,2025-10-02 09:27:59,aplikasi ga jelas,Negatif,aplikasi tidak jelas
santo santo,5,2025-10-02 09:20:29,bagus,Positif,bagus
Jhondaniel Siahaan,5,2025-10-02 09:12:38,ok,Positif,ok
syaiful rohman,2,2025-10-02 08:42:47,setelah update aplikasi data kendaraan di akun saya hilang dan beberapa kali mencoba untuk memasukkannya kembali selalu gagal untuk diproses,Negatif,telah update aplikasi data kendara akun saya hilang beberapa kali coba masuk kembali selalu gagal proses
Wawan Himawan,5,2025-10-02 08:40:38,bermanfaat sekali,Positif,manfaat sekali
Sandong YK,5,2025-10-02 08:22:04,ok,Positif,ok
Ridho Satria Pratama,1,2025-10-02 08:12:10,busuk,Negatif,busuk
MASAMA,5,2025-10-02 08:10:25,mudah dan nyaman,Positif,mudah nyaman
Heri Budianto,5,2025-10-02 06:02:50,tolong dong di perbaiki aplikasinya di apgert susah instal yang baru jga susah,Positif,tolong dong baik aplikasi apgert susah instal baru jga susah
Zoellrizal,5,2025-10-02 05:49:00,my Pertamina yes,Positif,my pertamina yes
Dhara Faradiba,5,2025-10-02 00:00:11,cepat hasilnya..,Positif,cepat hasil
Usman Harun,5,2025-10-01 23:53:23,super,Positif,super
Yusuf Wildan03,1,2025-10-01 23:16:09,PARAH GK BISA MASUK SUBSIDI TEPAT,Negatif,parah tidak bisa masuk subsidi tepat
Rafa Satrya,2,2025-10-01 21:34:39,kenapa saya mau login kan lupa kata sandi sudah sya rubah tapi gagal terus. tolong krjasamny,Negatif,kenapa saya mau login kan lupa kata sandi sudah sya rubah tapi gagal terus tolong krjasamny
Patman Bagus,2,2025-10-01 21:33:25,"skrang para pekerja di spbu nya ud gak bagus, seperti malas, gak ada kata terimakasih atau selamat pagi atau siang, klo begini terus cus pasti beralih ke pom lain tolong di benahi manajemen dari kualitas sdm nya",Negatif,skrang para kerja spbu nya ud gak bagus seperti malas gak ada kata terimakasih atau selamat pagi atau siang klo begini terus cus pasti alih pom lain tolong benah manajemen kualitas sdm nya
Ferry Setiawan,1,2025-10-01 21:25:41,Dari semua keluhan sepertinya tidak ada tindak lanjut. Hanya dijawab oleh mesin. Jawabannya sama semua.,Negatif,semua keluh seperti tidak ada tindak lanjut hanya jawab oleh mesin jawab sama semua
sucipto cipto,1,2025-10-01 21:07:40,updet terusssss.......giliran bales mohon maaf terus,Negatif,updet terusssssgiliran bales mohon maaf terus
Bang Bas,5,2025-10-01 20:28:37,mantap,Positif,mantap
SAHLAN Alank,5,2025-10-01 19:58:35,Pertamax kosong,Positif,pertamax kosong
Maulana Ibrahim,1,2025-10-01 19:00:12,playan buruk di setiap spbu 31 keamanan dan playanan tidak ramah padahal sya pemakai kartu berlangganan dengan pertamina,Negatif,playan buruk tiap spbu aman playanan tidak ramah padahal sya pakai kartu langgan pertamina
Agus Weru,5,2025-10-01 18:44:10,Sanggat membantu perjalanan saya,Positif,sanggat bantu jalan saya
Almadan Bagus,1,2025-10-01 17:50:33,"di update, skrng malah ga bisa liat transaksi di spbu mana. PARAH",Negatif,update skrng malah tidak bisa liat transaksi spbu mana parah
triokoplak triowekwek,5,2025-10-01 17:21:05,kenapa pas bagian foto stnk dan kendaraan . selalu kembali ke awal terus,Positif,kenapa pas bagi foto stnk kendara selalu kembali awal terus
Nasussaikiga,1,2025-10-01 17:10:07,APK tambah nga bisa di gunakan setelah di update 👎👎👎👎,Negatif,aplikasi tambah nga bisa guna telah update
fidel fernandez,5,2025-10-01 17:07:31,Tidak susah menggunakan aplikasi ya,Positif,tidak susah guna aplikasi ya
CHEPY RIZKI,5,2025-10-01 16:51:50,ok banget,Positif,ok banget
Abang Jadide,1,2025-10-01 16:22:57,RIBET,Negatif,ribet
IMAM HANAPI HANAPI,5,2025-10-01 16:10:37,ok,Positif,ok
A'way is life,5,2025-10-01 16:04:00,the best,Positif,the best
nia jen,5,2025-10-01 16:02:12,lemot nggih,Positif,lot nggih
Ginting,5,2025-10-01 15:22:36,OK,Positif,ok
Muchtar Ckm,5,2025-10-01 15:10:40,susah cex buka barcode nya,Positif,susah cex buka barcode nya
Kiyoharu San,2,2025-10-01 14:59:26,"aplikasinya super-super error, login error, memperbarui nomor kendaraan error, semuanya serba error. masa sekelas aplikasi BUMN kaya belum siap dan kurang bagus begini",Negatif,aplikasi supersuper error login error baru nomor kendara error semua serba error masa kelas aplikasi bumn kaya belum siap kurang bagus begini
Hery Bogenk,5,2025-10-01 13:45:41,mantab,Positif,mantab
Putu Agus Parwata,5,2025-10-01 13:17:23,"fitur ajukan banding kok hilang min,,gmn caranya ajukan banding",Positif,fitur aju banding kok hilang mingmn cara aju banding
Dwi Rinandha,1,2025-10-01 12:44:31,saya udah 3 kali kejadian harus di perbaharui terus barkodenya.. pas mau perbaharui data nya ilang harus buat dari awal.. masalahnya apa sih??,Negatif,saya udah kali jadi harus baharu terus barkodenya pas mau baharu data nya ilang harus buat awal masalah apa sih
Bayu Setiawan,5,2025-10-01 12:31:25,mantap,Positif,mantap
Martin Simbolon,1,2025-10-01 12:17:42,aplikasi tolol yg ada update mendadak gak bisa pakai my Pertamina harus update aplikasi tolol bego,Negatif,aplikasi tolol ada update dadak gak bisa pakai my pertamina harus update aplikasi tolol bego
soni joe,4,2025-10-01 12:17:26,SPBU sudah tutup lama masih muncul di map. perlu pembaharuan data.,Positif,spbu sudah tutup lama masih muncul map perlu baharu data
Wisnu Hari Sudewo,1,2025-10-01 12:10:05,setiap kali pembarua aplikasi kode QR harus di unduh bikin ribet...selalu gagal...PENANGANAN NYA LAMBAT,Negatif,tiap kali barua aplikasi kode qr harus unduh bikin ribetselalu gagalpenanganan nya lambat
Mr . BLACK,5,2025-10-01 11:32:39,"Dgn apk ini jadi mudah , sgt membatu,, yg seharusnya dari kartu ATM nyari mesin ATM ini cukup transfer ke gopay yg sudah terhubung dgn myPertamina",Positif,aplikasi jadi mudah sgt batu harus kartu atm nyari mesin atm cukup transfer gopay sudah hubung mypertamina
enddy anarky,2,2025-10-01 11:01:50,"kok barcode mobil sy tidak bisa ditampilkan ya, pdhl ad loh di aplikasi dan terverifikasi mobilnya, dibuka untk liat qr codenya kok tdk ad muncul, hadeehhh tiap update pst sprt ini",Negatif,kok barcode mobil sy tidak bisa tampil ya pdhl ad loh aplikasi verifikasi mobil buka untk liat qr codenya kok tidak ad muncul hadeehhh tiap update pst sprt
mursidinudin udin,5,2025-10-01 10:30:37,trimakasih bagus,Positif,trimakasih bagus
Bangjack namikulo Home industrials,1,2025-10-01 10:20:05,susah login masih enakan versi lama,Negatif,susah login masih enak versi lama
Suwaji Aji,1,2025-10-01 10:12:43,"pelayanan kurang baik kurang memberikan solusi yang tepat terhadap masalah yang saya alami smpai saat ini, belum juga ada kembali konfirmasi terkait masalah yang saya alami Soal Penghapus Akun,BUG,serta, pemanggilan Video Call GK bisa,call juga GK bisa,udh nunggu berhari-hari masih juga belum ada konfirmasi kembali dari Mypertamina soal Masalah saya",Negatif,layan kurang baik kurang beri solusi tepat hadap masalah saya alami smpai saat belum juga ada kembali konfirmasi kait masalah saya alami soal hapus akunbugserta panggil video call tidak bisacall juga tidak bisaudh nunggu berharihari masih juga belum ada konfirmasi kembali mypertamina soal masalah saya
Kontero Sako,5,2025-10-01 09:58:21,oke,Positif,oke
Mustamid,5,2025-10-01 09:55:54,bagus membantu sekali,Positif,bagus bantu sekali
Andri,5,2025-10-01 09:41:16,mantap cepat enak gak ngantri,Positif,mantap cepat enak gak ngantri
M.Hamdan Firdaus,1,2025-10-01 07:46:30,"Aplikasi PPK, gak jelas, susah banget login, niat kah bikin aplikasi",Negatif,aplikasi ppk gak jelas susah banget login niat kah bikin aplikasi
Wildan Zaki Harahap,2,2025-10-01 07:39:25,"aplikasi sering error, sangat menggangu sekali. mau reset kode QR tetapi pas mau lihat kendaraan malah gagal terus, malahan alasannya koneksi saya yang bermasalah ahahha. udahlah kode QR sering digunakan sama pegawai SPBU dan bukan saya yang menggunakan. makanya saya ingin reset kode QR, malah tidak bisa hahahahahah. lucu",Negatif,aplikasi sering error sangat menggangu sekali mau reset kode qr tetapi pas mau lihat kendara malah gagal terus malah alas koneksi saya masalah ahahha udahlah kode qr sering guna sama pegawai spbu bukan saya guna makanya saya ingin reset kode qr malah tidak bisa hahahahahah lucu
Phillo Akeno,1,2025-10-01 07:16:16,kenapa tidak bisa melihat barcode kendaraan saya?,Negatif,kenapa tidak bisa lihat barcode kendara saya
Iqbal Arif,1,2025-10-01 07:02:32,makin diupdate makin ndk bisa cek data dan riwayat isi bbm . pertamina menyusah kan rakyat!! 👎,Negatif,makin diupdate makin ndk bisa cek data riwayat isi bbm pertamina susah kan rakyat
Bara Zizi,1,2025-10-01 06:33:48,mau reset password tekendala mulu sistem nya gimana si? udah beberapa kali coba tetep gtu. Belum lagi cs nya ga ada balasan,Negatif,mau reset password tekendala mulu sistem nya gimana si udah beberapa kali coba tetep gtu belum lagi cs nya tidak ada balas
MIED09 GAMING,1,2025-10-01 06:23:54,"kelangkaan gas lpg hijau makin gila2 an di di daerah batam, batu aji sekitar, tolong atasi masalah ini.. karna pedagang umkm ketergantungan masalah gas ini",Negatif,langka gas lpg hijau makin gila an daerah batam batu aji sekitar tolong atas masalah karna dagang umkm gantung masalah gas
Safri Zal,5,2025-10-01 06:19:59,update infomasi terbaru,Positif,update infomasi baru
Fredrick joseph Wattimena,1,2025-10-01 05:01:32,my Pertamina map-nya gak jelas sembarangan pilih alamat SPBU,Negatif,my pertamina map gak jelas sembarang pilih alamat spbu
Choirul Huda,5,2025-10-01 01:05:29,is good,Positif,is good
Abas Asmono,5,2025-09-30 23:20:14,Sangat membantu sekali untuk kendaraan mobil,Positif,sangat bantu sekali kendara mobil
Mardiyono,1,2025-09-30 23:00:27,"setelah update malah tidak bisa lihat barkode yg sudah didafarkn!!! lihat barkode kendaran sndri tidak masuk trus apa lg yg lain?klaim hampir 9x ditolak trus, kami itu masyarakat yg mau beli bukan mau korupsi,,knp susah!!!parah...",Negatif,telah update malah tidak bisa lihat barkode sudah didafarkn lihat barkode kendaran sndri tidak masuk trus apa lg lainklaim hampir x tolak trus kami masyarakat mau beli bukan mau korupsiknp susahparah
Gio Bizniz,1,2025-09-30 22:17:53,"aplikasi gak jelas, setiap upgrade minta login. sudah login pakai email biasa harus daftar ulang lagi kendaraan yg disubsidi. udah nunggu antrian panjang harus mutar lagi krna harus daftar ulang, gajelas x. menunggu verifikasi 14 hari. aplikasi sampah. gabisa bayar developer yg proper kah untuk sekelas aplikasi perusahaan pertamina? ini wajah perusahaan lho langsung ke konsumen. memalukan.",Negatif,aplikasi gak jelas tiap upgrade minta login sudah login pakai email biasa harus daftar ulang lagi kendara subsidi udah nunggu antri panjang harus mutar lagi krna harus daftar ulang gajelas x tunggu verifikasi hari aplikasi sampah gabisa bayar developer proper kah kelas aplikasi usaha pertamina wajah usaha lho langsung konsumen malu
Adiyasa Tirta,1,2025-09-30 21:03:16,lemot,Negatif,lot
Resky Opransyah,5,2025-09-30 20:53:17,oke,Positif,oke
Sein Bun,2,2025-09-30 20:30:27,makin update makin parah loading terus,Negatif,makin update makin parah loading terus
Restu Sigit.0492,5,2025-09-30 20:30:00,"pertama buka suruh update my pertamina.setelah diupdate malah tidak bisa,mau akses barcode my pertamina gagal terus..solusi nya bagaimana..? di info kendaraan yang terdaftr jadi 0. mobil tidak terdaftar",Positif,pertama buka suruh update my pertaminasetelah diupdate malah tidak bisamau akses barcode my pertamina gagal terussolusi nya bagaimana info kendara terdaftr jadi mobil tidak daftar
Rizki Hardiansyah,2,2025-09-30 20:25:09,"aplikasi ngga bisa login, barcode saya ngga bisa dipakai, tolong lah pertimana kenapa begini dah ampun, nyusahin banget",Negatif,aplikasi ngga bisa login barcode saya ngga bisa pakai tolong lah pertimana kenapa begini dah ampun nyusahin banget
dian aelah,2,2025-09-30 20:06:13,"biji kodok,habis update malah gak bisa dipake",Negatif,biji kodokhabis update malah gak bisa dipake
suheriyanto 370,5,2025-09-30 18:53:03,aplikasi yg baru malah susahh penggunaannyaa,Positif,aplikasi baru malah susahh penggunaannyaa
Ali Roy,1,2025-09-30 18:36:52,semakin lama semakin gak jelas lemot nya minta ampun,Negatif,makin lama makin gak jelas lot nya minta ampun
Achmad Rizal,1,2025-09-30 18:31:44,ribet,Negatif,ribet
Diben 1234,4,2025-09-30 18:08:50,"lumayan baik, tingkatkan pengiriman solar PG hari",Positif,lumayan baik tingkat kirim solar pg hari
Yoe_Dhie Syahputra,1,2025-09-30 17:37:16,Ini Aplikasi Pakai Jam Kerja Ya Bos... Mau Daftar Subsidi Tepat Jam 17.30 Pada Gak Bisa... Tolong Dong Aplikasinya Di Seriusin...,Negatif,aplikasi pakai jam kerja ya bos mau daftar subsidi tepat jam gak bisa tolong dong aplikasi seriusin
Ali Suherman,5,2025-09-30 17:33:01,keren lah,Positif,keren lah
Arisandi,5,2025-09-30 17:11:57,good,Positif,good
Sahrudin Utun,5,2025-09-30 16:28:45,sayang berfungsi bagus,Positif,sayang fungsi bagus
Handy Sunardi,2,2025-09-30 16:21:26,sejak update malah susah sekali masum ke aplikasi..apalge untuk lihat barcode. parahh,Negatif,sejak update malah susah sekali masum aplikasiapalge lihat barcode parahh
Reto Tanadi Al Mustaqim,1,2025-09-30 16:14:04,"apk tolol, gabisa daftar buat dapet subsidi padahal data, nomor plat, gambar udah sesuai. Udah gitu tiap load atau send data loadnya gagal terus, lemot banget lagi",Negatif,aplikasi tolol gabisa daftar buat dapet subsidi padahal data nomor plat gambar udah sesuai udah gitu tiap load atau send data loadnya gagal terus lot banget lagi
Alfin gebastian,1,2025-09-30 16:12:21,tolong jelasin kenapa pas mendaftar di akun subsidi tepat bbm tidak ada kolom NIK nya..,Negatif,tolong jelasin kenapa pas daftar akun subsidi tepat bbm tidak ada kolom nik nya
Eving Susilo,5,2025-09-30 16:10:47,keren,Positif,keren
Ik yyy,5,2025-09-30 16:09:59,5 bintang,Positif,bintang
wiwin Sandra,5,2025-09-30 16:06:20,cepat dan mudah,Positif,cepat mudah
Amin -,1,2025-09-30 15:55:37,"sangat menyusahkan masyarakat,atur aja sekalian 1 hari maksimal isi 5 liter, untuk mobil, semua jenis mobil.",Negatif,sangat susah masyarakatatur aja sekali hari maksimal isi liter mobil semua jenis mobil
Kiki Kharismawati,5,2025-09-30 15:04:30,bagus,Positif,bagus
DEDE TISNAWAN,5,2025-09-30 14:41:02,oke terimakasih,Positif,oke terimakasih
Irwan Kurniawan,5,2025-09-30 14:34:44,cek k,Positif,cek k
Irul,1,2025-09-30 14:17:17,"aplikasi dongo kebanyakan korup, mau login isi bensin aja gabisa tolol",Negatif,aplikasi dongo banyak korup mau login isi bensin aja gabisa tolol
Tamy 20,5,2025-09-30 13:53:19,paket tas sama merchandise saya gak dikieim kirim,Positif,paket tas sama merchandise saya gak dikieim kirim
Gusti Made Alit Arimbawa,1,2025-09-30 13:21:07,"aplikasi sampah sekelas aplikasi milik bumn jelek bgt aplikasi nyusahin ngapa""in gak bisa selalu gagal memuat halaman, ni pertamina koreksi diri lah",Negatif,aplikasi sampah kelas aplikasi milik bumn jelek banget aplikasi nyusahin ngapain gak bisa selalu gagal muat halaman ni pertamina koreksi diri lah
